Copyright 1986-2022 Xilinx, Inc. All Rights Reserved. Copyright 2022-2025 Advanced Micro Devices, Inc. All Rights Reserved.
-----------------------------------------------------------------------------------------------------------------------------------------------------------
| Tool Version : Vivado v.2025.2 (lin64) Build 6299465 Fri Nov 14 12:34:56 MST 2025
| Date         : Tue Jun 30 17:50:05 2026
| Host         : loong-arch-mini running 64-bit Ubuntu 24.04.4 LTS
| Command      : report_methodology -file soc_top_methodology_drc_routed.rpt -pb soc_top_methodology_drc_routed.pb -rpx soc_top_methodology_drc_routed.rpx
| Design       : soc_top
| Device       : xc7a200tfbg676-2
| Speed File   : -2
| Design State : Fully Routed
-----------------------------------------------------------------------------------------------------------------------------------------------------------

Report Methodology

Table of Contents
-----------------
1. REPORT SUMMARY
2. REPORT DETAILS

1. REPORT SUMMARY
-----------------
            Netlist: netlist
          Floorplan: design_1
      Design limits: <entire design considered>
             Max checks: <unlimited>
             Checks found: 655
+-----------+------------------+-------------------------------------------------------------------------------------------------------+--------+
| Rule      | Severity         | Description                                                                                           | Checks |
+-----------+------------------+-------------------------------------------------------------------------------------------------------+--------+
| TIMING-6  | Critical Warning | No common primary clock between related clocks                                                        | 2      |
| TIMING-7  | Critical Warning | No common node between related clocks                                                                 | 2      |
| TIMING-51 | Critical Warning | No common phase between related clocks from parallel CMBs                                             | 2      |
| LUTAR-1   | Warning          | LUT drives async reset alert                                                                          | 1      |
| PDRC-190  | Warning          | Suboptimally placed synchronized register chain                                                       | 12     |
| SYNTH-5   | Warning          | Mapped onto distributed RAM because of timing constraints                                             | 8      |
| TIMING-9  | Warning          | Unknown CDC Logic                                                                                     | 1      |
| TIMING-10 | Warning          | Missing property on synchronizer                                                                      | 1      |
| TIMING-16 | Warning          | Large setup violation                                                                                 | 565    |
| TIMING-18 | Warning          | Missing input or output delay                                                                         | 16     |
| TIMING-24 | Warning          | Overridden Max delay datapath only                                                                    | 10     |
| TIMING-28 | Warning          | Auto-derived clock referenced by a timing constraint                                                  | 12     |
| TIMING-47 | Warning          | False path, asynchronous clock group or max delay datapath only constraint between synchronous clocks | 3      |
| XDCB-5    | Warning          | Runtime inefficient way to find pin objects                                                           | 1      |
| REQP-1959 | Advisory         | connects_SERDES_RST_driver_not_FF                                                                     | 16     |
| RTGT-1    | Advisory         | RAM retargeting possibility                                                                           | 3      |
+-----------+------------------+-------------------------------------------------------------------------------------------------------+--------+

2. REPORT DETAILS
-----------------
TIMING-6#1 Critical Warning
No common primary clock between related clocks  
The clocks clk_pll_i and mrxclk_0 are related (timed together) but they have no common primary clock. The design could fail in hardware. To find a timing path between these clocks, run the following command: report_timing -from [get_clocks clk_pll_i] -to [get_clocks mrxclk_0]
Related violations: <none>

TIMING-6#2 Critical Warning
No common primary clock between related clocks  
The clocks clk_pll_i and mtxclk_0 are related (timed together) but they have no common primary clock. The design could fail in hardware. To find a timing path between these clocks, run the following command: report_timing -from [get_clocks clk_pll_i] -to [get_clocks mtxclk_0]
Related violations: <none>

TIMING-7#1 Critical Warning
No common node between related clocks  
The clocks clk_pll_i and mrxclk_0 are related (timed together) but they have no common node. The design could fail in hardware. To find a timing path between these clocks, run the following command: report_timing -from [get_clocks clk_pll_i] -to [get_clocks mrxclk_0]
Related violations: <none>

TIMING-7#2 Critical Warning
No common node between related clocks  
The clocks clk_pll_i and mtxclk_0 are related (timed together) but they have no common node. The design could fail in hardware. To find a timing path between these clocks, run the following command: report_timing -from [get_clocks clk_pll_i] -to [get_clocks mtxclk_0]
Related violations: <none>

TIMING-51#1 Critical Warning
No common phase between related clocks from parallel CMBs  
The clocks clk_out2_clk_pll_33 and clk_pll_i are timed together but have no phase relationship. The design could fail in hardware. The clocks originate from two parallel Clock Modifying Blocks and at least one of the MMCM or PLLs clock dividers is not set to 1. To be safely timed, all MMCMs or PLLs involved in parallel clocking must have the clock divider set to 1.
Related violations: <none>

TIMING-51#2 Critical Warning
No common phase between related clocks from parallel CMBs  
The clocks clk_pll_i and clk_out1_clk_pll_33 are timed together but have no phase relationship. The design could fail in hardware. The clocks originate from two parallel Clock Modifying Blocks and at least one of the MMCM or PLLs clock dividers is not set to 1. To be safely timed, all MMCMs or PLLs involved in parallel clocking must have the clock divider set to 1.
Related violations: <none>

LUTAR-1#1 Warning
LUT drives async reset alert  
LUT cell mig_axi/u_mig_axi_32_mig/u_iodelay_ctrl/rstdiv2_sync_r[11]_i_1, with 2 or more inputs, drives asynchronous preset/clear pin(s) mig_axi/u_mig_axi_32_mig/u_ddr3_infrastructure/rstdiv0_sync_r1_reg_rep__7/PRE,
mig_axi/u_mig_axi_32_mig/u_ddr3_infrastructure/rstdiv0_sync_r1_reg_rep__8/PRE,
mig_axi/u_mig_axi_32_mig/u_ddr3_infrastructure/rstdiv0_sync_r1_reg_rep__9/PRE,
mig_axi/u_mig_axi_32_mig/u_ddr3_infrastructure/rstdiv0_sync_r_reg[0]/PRE,
mig_axi/u_mig_axi_32_mig/u_ddr3_infrastructure/rstdiv0_sync_r_reg[10]/PRE,
mig_axi/u_mig_axi_32_mig/u_ddr3_infrastructure/rstdiv0_sync_r_reg[11]/PRE,
mig_axi/u_mig_axi_32_mig/u_ddr3_infrastructure/rstdiv0_sync_r_reg[1]/PRE,
mig_axi/u_mig_axi_32_mig/u_ddr3_infrastructure/rstdiv0_sync_r_reg[2]/PRE,
mig_axi/u_mig_axi_32_mig/u_ddr3_infrastructure/rstdiv0_sync_r_reg[3]/PRE,
mig_axi/u_mig_axi_32_mig/u_ddr3_infrastructure/rstdiv0_sync_r_reg[4]/PRE,
mig_axi/u_mig_axi_32_mig/u_ddr3_infrastructure/rstdiv0_sync_r_reg[5]/PRE,
mig_axi/u_mig_axi_32_mig/u_ddr3_infrastructure/rstdiv0_sync_r_reg[6]/PRE,
mig_axi/u_mig_axi_32_mig/u_ddr3_infrastructure/rstdiv0_sync_r_reg[7]/PRE,
mig_axi/u_mig_axi_32_mig/u_ddr3_infrastructure/rstdiv0_sync_r_reg[8]/PRE,
mig_axi/u_mig_axi_32_mig/u_ddr3_infrastructure/rstdiv0_sync_r_reg[9]/PRE
 (the first 15 of 33 listed). The LUT may glitch and trigger an unexpected reset, even if it is a properly timed path.
Related violations: <none>

PDRC-190#1 Warning
Suboptimally placed synchronized register chain  
The FDRE cell mig_axi/u_mig_axi_32_mig/temp_mon_enabled.u_tempmon/device_temp_sync_r5_reg[0] in site SLICE_X18Y174 is part of a synchronized register chain that is suboptimally placed as the load FDRE cell mig_axi/u_mig_axi_32_mig/temp_mon_enabled.u_tempmon/device_temp_r_reg[0] is not placed in the same (SLICE) site.
Related violations: <none>

PDRC-190#2 Warning
Suboptimally placed synchronized register chain  
The FDRE cell mig_axi/u_mig_axi_32_mig/temp_mon_enabled.u_tempmon/device_temp_sync_r5_reg[10] in site SLICE_X19Y178 is part of a synchronized register chain that is suboptimally placed as the load FDRE cell mig_axi/u_mig_axi_32_mig/temp_mon_enabled.u_tempmon/device_temp_r_reg[10] is not placed in the same (SLICE) site.
Related violations: <none>

PDRC-190#3 Warning
Suboptimally placed synchronized register chain  
The FDRE cell mig_axi/u_mig_axi_32_mig/temp_mon_enabled.u_tempmon/device_temp_sync_r5_reg[11] in site SLICE_X19Y176 is part of a synchronized register chain that is suboptimally placed as the load FDRE cell mig_axi/u_mig_axi_32_mig/temp_mon_enabled.u_tempmon/device_temp_r_reg[11] is not placed in the same (SLICE) site.
Related violations: <none>

PDRC-190#4 Warning
Suboptimally placed synchronized register chain  
The FDRE cell mig_axi/u_mig_axi_32_mig/temp_mon_enabled.u_tempmon/device_temp_sync_r5_reg[1] in site SLICE_X18Y176 is part of a synchronized register chain that is suboptimally placed as the load FDRE cell mig_axi/u_mig_axi_32_mig/temp_mon_enabled.u_tempmon/device_temp_r_reg[1] is not placed in the same (SLICE) site.
Related violations: <none>

PDRC-190#5 Warning
Suboptimally placed synchronized register chain  
The FDRE cell mig_axi/u_mig_axi_32_mig/temp_mon_enabled.u_tempmon/device_temp_sync_r5_reg[2] in site SLICE_X17Y173 is part of a synchronized register chain that is suboptimally placed as the load FDRE cell mig_axi/u_mig_axi_32_mig/temp_mon_enabled.u_tempmon/device_temp_r_reg[2] is not placed in the same (SLICE) site.
Related violations: <none>

PDRC-190#6 Warning
Suboptimally placed synchronized register chain  
The FDRE cell mig_axi/u_mig_axi_32_mig/temp_mon_enabled.u_tempmon/device_temp_sync_r5_reg[3] in site SLICE_X19Y173 is part of a synchronized register chain that is suboptimally placed as the load FDRE cell mig_axi/u_mig_axi_32_mig/temp_mon_enabled.u_tempmon/device_temp_r_reg[3] is not placed in the same (SLICE) site.
Related violations: <none>

PDRC-190#7 Warning
Suboptimally placed synchronized register chain  
The FDRE cell mig_axi/u_mig_axi_32_mig/temp_mon_enabled.u_tempmon/device_temp_sync_r5_reg[4] in site SLICE_X20Y175 is part of a synchronized register chain that is suboptimally placed as the load FDRE cell mig_axi/u_mig_axi_32_mig/temp_mon_enabled.u_tempmon/device_temp_r_reg[4] is not placed in the same (SLICE) site.
Related violations: <none>

PDRC-190#8 Warning
Suboptimally placed synchronized register chain  
The FDRE cell mig_axi/u_mig_axi_32_mig/temp_mon_enabled.u_tempmon/device_temp_sync_r5_reg[5] in site SLICE_X17Y175 is part of a synchronized register chain that is suboptimally placed as the load FDRE cell mig_axi/u_mig_axi_32_mig/temp_mon_enabled.u_tempmon/device_temp_r_reg[5] is not placed in the same (SLICE) site.
Related violations: <none>

PDRC-190#9 Warning
Suboptimally placed synchronized register chain  
The FDRE cell mig_axi/u_mig_axi_32_mig/temp_mon_enabled.u_tempmon/device_temp_sync_r5_reg[6] in site SLICE_X21Y174 is part of a synchronized register chain that is suboptimally placed as the load FDRE cell mig_axi/u_mig_axi_32_mig/temp_mon_enabled.u_tempmon/device_temp_r_reg[6] is not placed in the same (SLICE) site.
Related violations: <none>

PDRC-190#10 Warning
Suboptimally placed synchronized register chain  
The FDRE cell mig_axi/u_mig_axi_32_mig/temp_mon_enabled.u_tempmon/device_temp_sync_r5_reg[7] in site SLICE_X20Y173 is part of a synchronized register chain that is suboptimally placed as the load FDRE cell mig_axi/u_mig_axi_32_mig/temp_mon_enabled.u_tempmon/device_temp_r_reg[7] is not placed in the same (SLICE) site.
Related violations: <none>

PDRC-190#11 Warning
Suboptimally placed synchronized register chain  
The FDRE cell mig_axi/u_mig_axi_32_mig/temp_mon_enabled.u_tempmon/device_temp_sync_r5_reg[8] in site SLICE_X22Y174 is part of a synchronized register chain that is suboptimally placed as the load FDRE cell mig_axi/u_mig_axi_32_mig/temp_mon_enabled.u_tempmon/device_temp_r_reg[8] is not placed in the same (SLICE) site.
Related violations: <none>

PDRC-190#12 Warning
Suboptimally placed synchronized register chain  
The FDRE cell mig_axi/u_mig_axi_32_mig/temp_mon_enabled.u_tempmon/device_temp_sync_r5_reg[9] in site SLICE_X17Y177 is part of a synchronized register chain that is suboptimally placed as the load FDRE cell mig_axi/u_mig_axi_32_mig/temp_mon_enabled.u_tempmon/device_temp_r_reg[9] is not placed in the same (SLICE) site.
Related violations: <none>

SYNTH-5#1 Warning
Mapped onto distributed RAM because of timing constraints  
The instance cpu_mid/dcache/way_d_reg_reg_r1_0_127_0_0 is implemented as distributed LUT RAM for the following reason: The timing constraints suggest that the chosen mapping will yield a better timing.
Related violations: <none>

SYNTH-5#2 Warning
Mapped onto distributed RAM because of timing constraints  
The instance cpu_mid/dcache/way_d_reg_reg_r1_0_127_1_1 is implemented as distributed LUT RAM for the following reason: The timing constraints suggest that the chosen mapping will yield a better timing.
Related violations: <none>

SYNTH-5#3 Warning
Mapped onto distributed RAM because of timing constraints  
The instance cpu_mid/dcache/way_d_reg_reg_r1_128_255_0_0 is implemented as distributed LUT RAM for the following reason: The timing constraints suggest that the chosen mapping will yield a better timing.
Related violations: <none>

SYNTH-5#4 Warning
Mapped onto distributed RAM because of timing constraints  
The instance cpu_mid/dcache/way_d_reg_reg_r1_128_255_1_1 is implemented as distributed LUT RAM for the following reason: The timing constraints suggest that the chosen mapping will yield a better timing.
Related violations: <none>

SYNTH-5#5 Warning
Mapped onto distributed RAM because of timing constraints  
The instance cpu_mid/dcache/way_d_reg_reg_r2_0_127_0_0 is implemented as distributed LUT RAM for the following reason: The timing constraints suggest that the chosen mapping will yield a better timing.
Related violations: <none>

SYNTH-5#6 Warning
Mapped onto distributed RAM because of timing constraints  
The instance cpu_mid/dcache/way_d_reg_reg_r2_0_127_1_1 is implemented as distributed LUT RAM for the following reason: The timing constraints suggest that the chosen mapping will yield a better timing.
Related violations: <none>

SYNTH-5#7 Warning
Mapped onto distributed RAM because of timing constraints  
The instance cpu_mid/dcache/way_d_reg_reg_r2_128_255_0_0 is implemented as distributed LUT RAM for the following reason: The timing constraints suggest that the chosen mapping will yield a better timing.
Related violations: <none>

SYNTH-5#8 Warning
Mapped onto distributed RAM because of timing constraints  
The instance cpu_mid/dcache/way_d_reg_reg_r2_128_255_1_1 is implemented as distributed LUT RAM for the following reason: The timing constraints suggest that the chosen mapping will yield a better timing.
Related violations: <none>

TIMING-9#1 Warning
Unknown CDC Logic  
One or more asynchronous Clock Domain Crossing has been detected between 2 clock domains through a set_false_path or a set_clock_groups or set_max_delay -datapath_only constraint but no double-registers logic synchronizer has been found on the side of the capture clock. It is recommended to run report_cdc for a complete and detailed CDC coverage. Please consider using XPM_CDC to avoid Critical severities
Related violations: <none>

TIMING-10#1 Warning
Missing property on synchronizer  
One or more logic synchronizer has been detected between 2 clock domains but the synchronizer does not have the property ASYNC_REG defined on one or both registers. It is recommended to run report_cdc for a complete and detailed CDC coverage
Related violations: <none>

TIMING-16#1 Warning
Large setup violation  
There is a large setup violation of -2.467 ns between interconnect_aresetn_reg_replica/C (clocked by clk_pll_i) and cpu_aresetn_1_reg/D (clocked by clk_out1_clk_pll_33). Large setup violations at the end of those stages might be difficult to fix during the post-placement implementation flow and could be the result of non-optimal XDC constraints or non-optimal design architecture
Related violations: <none>

TIMING-16#2 Warning
Large setup violation  
There is a large setup violation of -2.546 ns between mig_axi_interconnect/s01_w_fifo/wr_gray_reg[3]/C (clocked by clk_out2_clk_pll_33) and mig_axi_interconnect/s01_w_fifo/wr_gray_r1_reg[3]/D (clocked by clk_pll_i). Large setup violations at the end of those stages might be difficult to fix during the post-placement implementation flow and could be the result of non-optimal XDC constraints or non-optimal design architecture
Related violations: <none>

TIMING-16#3 Warning
Large setup violation  
There is a large setup violation of -2.594 ns between mig_axi_interconnect/s02_b_fifo/rd_gray_reg[2]/C (clocked by clk_out2_clk_pll_33) and mig_axi_interconnect/s02_b_fifo/rd_gray_w1_reg[2]/D (clocked by clk_pll_i). Large setup violations at the end of those stages might be difficult to fix during the post-placement implementation flow and could be the result of non-optimal XDC constraints or non-optimal design architecture
Related violations: <none>

TIMING-16#4 Warning
Large setup violation  
There is a large setup violation of -2.604 ns between mig_axi_interconnect/s01_ar_fifo/wr_gray_reg[3]/C (clocked by clk_out2_clk_pll_33) and mig_axi_interconnect/s01_ar_fifo/wr_gray_r1_reg[3]/D (clocked by clk_pll_i). Large setup violations at the end of those stages might be difficult to fix during the post-placement implementation flow and could be the result of non-optimal XDC constraints or non-optimal design architecture
Related violations: <none>

TIMING-16#5 Warning
Large setup violation  
There is a large setup violation of -2.612 ns between mig_axi_interconnect/s01_w_fifo/wr_gray_reg[2]/C (clocked by clk_out2_clk_pll_33) and mig_axi_interconnect/s01_w_fifo/wr_gray_r1_reg[2]/D (clocked by clk_pll_i). Large setup violations at the end of those stages might be difficult to fix during the post-placement implementation flow and could be the result of non-optimal XDC constraints or non-optimal design architecture
Related violations: <none>

TIMING-16#6 Warning
Large setup violation  
There is a large setup violation of -2.615 ns between mig_axi_interconnect/s00_r_fifo/rd_gray_reg[0]/C (clocked by clk_out2_clk_pll_33) and mig_axi_interconnect/s00_r_fifo/rd_gray_w1_reg[0]/D (clocked by clk_pll_i). Large setup violations at the end of those stages might be difficult to fix during the post-placement implementation flow and could be the result of non-optimal XDC constraints or non-optimal design architecture
Related violations: <none>

TIMING-16#7 Warning
Large setup violation  
There is a large setup violation of -2.632 ns between mig_axi_interconnect/s01_ar_fifo/wr_gray_reg[0]/C (clocked by clk_out2_clk_pll_33) and mig_axi_interconnect/s01_ar_fifo/wr_gray_r1_reg[0]/D (clocked by clk_pll_i). Large setup violations at the end of those stages might be difficult to fix during the post-placement implementation flow and could be the result of non-optimal XDC constraints or non-optimal design architecture
Related violations: <none>

TIMING-16#8 Warning
Large setup violation  
There is a large setup violation of -2.639 ns between mig_axi_interconnect/s02_b_fifo/rd_gray_reg[0]/C (clocked by clk_out2_clk_pll_33) and mig_axi_interconnect/s02_b_fifo/rd_gray_w1_reg[0]/D (clocked by clk_pll_i). Large setup violations at the end of those stages might be difficult to fix during the post-placement implementation flow and could be the result of non-optimal XDC constraints or non-optimal design architecture
Related violations: <none>

TIMING-16#9 Warning
Large setup violation  
There is a large setup violation of -2.664 ns between mig_axi_interconnect/s02_b_fifo/rd_gray_reg[3]/C (clocked by clk_out2_clk_pll_33) and mig_axi_interconnect/s02_b_fifo/rd_gray_w1_reg[3]/D (clocked by clk_pll_i). Large setup violations at the end of those stages might be difficult to fix during the post-placement implementation flow and could be the result of non-optimal XDC constraints or non-optimal design architecture
Related violations: <none>

TIMING-16#10 Warning
Large setup violation  
There is a large setup violation of -2.669 ns between mig_axi_interconnect/s01_w_fifo/wr_bin_reg[4]/C (clocked by clk_out2_clk_pll_33) and mig_axi_interconnect/s01_w_fifo/wr_gray_r1_reg[4]/D (clocked by clk_pll_i). Large setup violations at the end of those stages might be difficult to fix during the post-placement implementation flow and could be the result of non-optimal XDC constraints or non-optimal design architecture
Related violations: <none>

TIMING-16#11 Warning
Large setup violation  
There is a large setup violation of -2.686 ns between mig_axi_interconnect/s00_ar_fifo/wr_gray_reg[3]/C (clocked by clk_out2_clk_pll_33) and mig_axi_interconnect/s00_ar_fifo/wr_gray_r1_reg[3]/D (clocked by clk_pll_i). Large setup violations at the end of those stages might be difficult to fix during the post-placement implementation flow and could be the result of non-optimal XDC constraints or non-optimal design architecture
Related violations: <none>

TIMING-16#12 Warning
Large setup violation  
There is a large setup violation of -2.688 ns between mig_axi_interconnect/s00_ar_fifo/wr_gray_reg[0]/C (clocked by clk_out2_clk_pll_33) and mig_axi_interconnect/s00_ar_fifo/wr_gray_r1_reg[0]/D (clocked by clk_pll_i). Large setup violations at the end of those stages might be difficult to fix during the post-placement implementation flow and could be the result of non-optimal XDC constraints or non-optimal design architecture
Related violations: <none>

TIMING-16#13 Warning
Large setup violation  
There is a large setup violation of -2.689 ns between mig_axi_interconnect/s02_w_fifo/wr_gray_reg[2]/C (clocked by clk_out2_clk_pll_33) and mig_axi_interconnect/s02_w_fifo/wr_gray_r1_reg[2]/D (clocked by clk_pll_i). Large setup violations at the end of those stages might be difficult to fix during the post-placement implementation flow and could be the result of non-optimal XDC constraints or non-optimal design architecture
Related violations: <none>

TIMING-16#14 Warning
Large setup violation  
There is a large setup violation of -2.692 ns between mig_axi_interconnect/s00_r_fifo/rd_gray_reg[2]/C (clocked by clk_out2_clk_pll_33) and mig_axi_interconnect/s00_r_fifo/rd_gray_w1_reg[2]/D (clocked by clk_pll_i). Large setup violations at the end of those stages might be difficult to fix during the post-placement implementation flow and could be the result of non-optimal XDC constraints or non-optimal design architecture
Related violations: <none>

TIMING-16#15 Warning
Large setup violation  
There is a large setup violation of -2.692 ns between mig_axi_interconnect/s01_b_fifo/rd_gray_reg[2]/C (clocked by clk_out2_clk_pll_33) and mig_axi_interconnect/s01_b_fifo/rd_gray_w1_reg[2]/D (clocked by clk_pll_i). Large setup violations at the end of those stages might be difficult to fix during the post-placement implementation flow and could be the result of non-optimal XDC constraints or non-optimal design architecture
Related violations: <none>

TIMING-16#16 Warning
Large setup violation  
There is a large setup violation of -2.695 ns between mig_axi_interconnect/s01_r_fifo/rd_gray_reg[2]/C (clocked by clk_out2_clk_pll_33) and mig_axi_interconnect/s01_r_fifo/rd_gray_w1_reg[2]/D (clocked by clk_pll_i). Large setup violations at the end of those stages might be difficult to fix during the post-placement implementation flow and could be the result of non-optimal XDC constraints or non-optimal design architecture
Related violations: <none>

TIMING-16#17 Warning
Large setup violation  
There is a large setup violation of -2.703 ns between mig_axi_interconnect/s00_b_fifo/rd_gray_reg[2]/C (clocked by clk_out2_clk_pll_33) and mig_axi_interconnect/s00_b_fifo/rd_gray_w1_reg[2]/D (clocked by clk_pll_i). Large setup violations at the end of those stages might be difficult to fix during the post-placement implementation flow and could be the result of non-optimal XDC constraints or non-optimal design architecture
Related violations: <none>

TIMING-16#18 Warning
Large setup violation  
There is a large setup violation of -2.708 ns between mig_axi_interconnect/s02_w_fifo/wr_gray_reg[3]/C (clocked by clk_out2_clk_pll_33) and mig_axi_interconnect/s02_w_fifo/wr_gray_r1_reg[3]/D (clocked by clk_pll_i). Large setup violations at the end of those stages might be difficult to fix during the post-placement implementation flow and could be the result of non-optimal XDC constraints or non-optimal design architecture
Related violations: <none>

TIMING-16#19 Warning
Large setup violation  
There is a large setup violation of -2.712 ns between mig_axi_interconnect/s01_b_fifo/rd_gray_reg[1]/C (clocked by clk_out2_clk_pll_33) and mig_axi_interconnect/s01_b_fifo/rd_gray_w1_reg[1]/D (clocked by clk_pll_i). Large setup violations at the end of those stages might be difficult to fix during the post-placement implementation flow and could be the result of non-optimal XDC constraints or non-optimal design architecture
Related violations: <none>

TIMING-16#20 Warning
Large setup violation  
There is a large setup violation of -2.722 ns between mig_axi_interconnect/s00_ar_fifo/wr_bin_reg[4]/C (clocked by clk_out2_clk_pll_33) and mig_axi_interconnect/s00_ar_fifo/wr_gray_r1_reg[4]/D (clocked by clk_pll_i). Large setup violations at the end of those stages might be difficult to fix during the post-placement implementation flow and could be the result of non-optimal XDC constraints or non-optimal design architecture
Related violations: <none>

TIMING-16#21 Warning
Large setup violation  
There is a large setup violation of -2.739 ns between mig_axi_interconnect/s01_b_fifo/rd_gray_reg[0]/C (clocked by clk_out2_clk_pll_33) and mig_axi_interconnect/s01_b_fifo/rd_gray_w1_reg[0]/D (clocked by clk_pll_i). Large setup violations at the end of those stages might be difficult to fix during the post-placement implementation flow and could be the result of non-optimal XDC constraints or non-optimal design architecture
Related violations: <none>

TIMING-16#22 Warning
Large setup violation  
There is a large setup violation of -2.750 ns between mig_axi_interconnect/s01_b_fifo/rd_gray_reg[3]/C (clocked by clk_out2_clk_pll_33) and mig_axi_interconnect/s01_b_fifo/rd_gray_w1_reg[3]/D (clocked by clk_pll_i). Large setup violations at the end of those stages might be difficult to fix during the post-placement implementation flow and could be the result of non-optimal XDC constraints or non-optimal design architecture
Related violations: <none>

TIMING-16#23 Warning
Large setup violation  
There is a large setup violation of -2.750 ns between mig_axi_interconnect/s02_aw_fifo/wr_gray_reg[2]/C (clocked by clk_out2_clk_pll_33) and mig_axi_interconnect/s02_aw_fifo/wr_gray_r1_reg[2]/D (clocked by clk_pll_i). Large setup violations at the end of those stages might be difficult to fix during the post-placement implementation flow and could be the result of non-optimal XDC constraints or non-optimal design architecture
Related violations: <none>

TIMING-16#24 Warning
Large setup violation  
There is a large setup violation of -2.778 ns between mig_axi_interconnect/s02_w_fifo/wr_gray_reg[1]/C (clocked by clk_out2_clk_pll_33) and mig_axi_interconnect/s02_w_fifo/wr_gray_r1_reg[1]/D (clocked by clk_pll_i). Large setup violations at the end of those stages might be difficult to fix during the post-placement implementation flow and could be the result of non-optimal XDC constraints or non-optimal design architecture
Related violations: <none>

TIMING-16#25 Warning
Large setup violation  
There is a large setup violation of -2.780 ns between mig_axi_interconnect/s00_w_fifo/wr_gray_reg[2]/C (clocked by clk_out2_clk_pll_33) and mig_axi_interconnect/s00_w_fifo/wr_gray_r1_reg[2]/D (clocked by clk_pll_i). Large setup violations at the end of those stages might be difficult to fix during the post-placement implementation flow and could be the result of non-optimal XDC constraints or non-optimal design architecture
Related violations: <none>

TIMING-16#26 Warning
Large setup violation  
There is a large setup violation of -2.793 ns between mig_axi_interconnect/s01_aw_fifo/wr_gray_reg[2]/C (clocked by clk_out2_clk_pll_33) and mig_axi_interconnect/s01_aw_fifo/wr_gray_r1_reg[2]/D (clocked by clk_pll_i). Large setup violations at the end of those stages might be difficult to fix during the post-placement implementation flow and could be the result of non-optimal XDC constraints or non-optimal design architecture
Related violations: <none>

TIMING-16#27 Warning
Large setup violation  
There is a large setup violation of -2.803 ns between mig_axi_interconnect/s02_aw_fifo/wr_gray_reg[1]/C (clocked by clk_out2_clk_pll_33) and mig_axi_interconnect/s02_aw_fifo/wr_gray_r1_reg[1]/D (clocked by clk_pll_i). Large setup violations at the end of those stages might be difficult to fix during the post-placement implementation flow and could be the result of non-optimal XDC constraints or non-optimal design architecture
Related violations: <none>

TIMING-16#28 Warning
Large setup violation  
There is a large setup violation of -2.806 ns between mig_axi_interconnect/s00_w_fifo/wr_gray_reg[1]/C (clocked by clk_out2_clk_pll_33) and mig_axi_interconnect/s00_w_fifo/wr_gray_r1_reg[1]/D (clocked by clk_pll_i). Large setup violations at the end of those stages might be difficult to fix during the post-placement implementation flow and could be the result of non-optimal XDC constraints or non-optimal design architecture
Related violations: <none>

TIMING-16#29 Warning
Large setup violation  
There is a large setup violation of -2.807 ns between mig_axi_interconnect/s02_ar_fifo/wr_gray_reg[3]/C (clocked by clk_out2_clk_pll_33) and mig_axi_interconnect/s02_ar_fifo/wr_gray_r1_reg[3]/D (clocked by clk_pll_i). Large setup violations at the end of those stages might be difficult to fix during the post-placement implementation flow and could be the result of non-optimal XDC constraints or non-optimal design architecture
Related violations: <none>

TIMING-16#30 Warning
Large setup violation  
There is a large setup violation of -2.810 ns between mig_axi_interconnect/s02_ar_fifo/wr_gray_reg[1]/C (clocked by clk_out2_clk_pll_33) and mig_axi_interconnect/s02_ar_fifo/wr_gray_r1_reg[1]/D (clocked by clk_pll_i). Large setup violations at the end of those stages might be difficult to fix during the post-placement implementation flow and could be the result of non-optimal XDC constraints or non-optimal design architecture
Related violations: <none>

TIMING-16#31 Warning
Large setup violation  
There is a large setup violation of -2.816 ns between mig_axi_interconnect/s02_ar_fifo/wr_gray_reg[0]/C (clocked by clk_out2_clk_pll_33) and mig_axi_interconnect/s02_ar_fifo/wr_gray_r1_reg[0]/D (clocked by clk_pll_i). Large setup violations at the end of those stages might be difficult to fix during the post-placement implementation flow and could be the result of non-optimal XDC constraints or non-optimal design architecture
Related violations: <none>

TIMING-16#32 Warning
Large setup violation  
There is a large setup violation of -2.824 ns between mig_axi_interconnect/s01_aw_fifo/wr_gray_reg[0]/C (clocked by clk_out2_clk_pll_33) and mig_axi_interconnect/s01_aw_fifo/wr_gray_r1_reg[0]/D (clocked by clk_pll_i). Large setup violations at the end of those stages might be difficult to fix during the post-placement implementation flow and could be the result of non-optimal XDC constraints or non-optimal design architecture
Related violations: <none>

TIMING-16#33 Warning
Large setup violation  
There is a large setup violation of -2.847 ns between mig_axi_interconnect/s02_w_fifo/mem_reg_0_15_60_65/RAMA_D1/CLK (clocked by clk_out2_clk_pll_33) and mig_axi_interconnect/wr64_data_reg[52]/D (clocked by clk_pll_i). Large setup violations at the end of those stages might be difficult to fix during the post-placement implementation flow and could be the result of non-optimal XDC constraints or non-optimal design architecture
Related violations: <none>

TIMING-16#34 Warning
Large setup violation  
There is a large setup violation of -2.847 ns between mig_axi_interconnect/s02_w_fifo/mem_reg_0_15_66_71/RAMA_D1/CLK (clocked by clk_out2_clk_pll_33) and mig_axi_interconnect/wr64_data_reg[58]/D (clocked by clk_pll_i). Large setup violations at the end of those stages might be difficult to fix during the post-placement implementation flow and could be the result of non-optimal XDC constraints or non-optimal design architecture
Related violations: <none>

TIMING-16#35 Warning
Large setup violation  
There is a large setup violation of -2.856 ns between mig_axi_interconnect/s02_w_fifo/mem_reg_0_15_30_35/RAMA_D1/CLK (clocked by clk_out2_clk_pll_33) and mig_axi_interconnect/wr64_data_reg[22]/D (clocked by clk_pll_i). Large setup violations at the end of those stages might be difficult to fix during the post-placement implementation flow and could be the result of non-optimal XDC constraints or non-optimal design architecture
Related violations: <none>

TIMING-16#36 Warning
Large setup violation  
There is a large setup violation of -2.869 ns between mig_axi_interconnect/s00_aw_fifo/wr_gray_reg[0]/C (clocked by clk_out2_clk_pll_33) and mig_axi_interconnect/s00_aw_fifo/wr_gray_r1_reg[0]/D (clocked by clk_pll_i). Large setup violations at the end of those stages might be difficult to fix during the post-placement implementation flow and could be the result of non-optimal XDC constraints or non-optimal design architecture
Related violations: <none>

TIMING-16#37 Warning
Large setup violation  
There is a large setup violation of -2.875 ns between mig_axi_interconnect/s02_w_fifo/mem_reg_0_15_60_65/RAMA/CLK (clocked by clk_out2_clk_pll_33) and mig_axi_interconnect/wr64_data_reg[51]/D (clocked by clk_pll_i). Large setup violations at the end of those stages might be difficult to fix during the post-placement implementation flow and could be the result of non-optimal XDC constraints or non-optimal design architecture
Related violations: <none>

TIMING-16#38 Warning
Large setup violation  
There is a large setup violation of -2.878 ns between mig_axi_interconnect/s02_w_fifo/mem_reg_0_15_42_47/RAMA_D1/CLK (clocked by clk_out2_clk_pll_33) and mig_axi_interconnect/wr64_data_reg[34]/D (clocked by clk_pll_i). Large setup violations at the end of those stages might be difficult to fix during the post-placement implementation flow and could be the result of non-optimal XDC constraints or non-optimal design architecture
Related violations: <none>

TIMING-16#39 Warning
Large setup violation  
There is a large setup violation of -2.879 ns between mig_axi_interconnect/s02_r_fifo/rd_gray_reg[1]/C (clocked by clk_out2_clk_pll_33) and mig_axi_interconnect/s02_r_fifo/rd_gray_w1_reg[1]/D (clocked by clk_pll_i). Large setup violations at the end of those stages might be difficult to fix during the post-placement implementation flow and could be the result of non-optimal XDC constraints or non-optimal design architecture
Related violations: <none>

TIMING-16#40 Warning
Large setup violation  
There is a large setup violation of -2.890 ns between mig_axi_interconnect/s02_r_fifo/rd_bin_reg[4]/C (clocked by clk_out2_clk_pll_33) and mig_axi_interconnect/s02_r_fifo/rd_gray_w1_reg[4]/D (clocked by clk_pll_i). Large setup violations at the end of those stages might be difficult to fix during the post-placement implementation flow and could be the result of non-optimal XDC constraints or non-optimal design architecture
Related violations: <none>

TIMING-16#41 Warning
Large setup violation  
There is a large setup violation of -2.901 ns between mig_axi_interconnect/s00_aw_fifo/wr_gray_reg[1]/C (clocked by clk_out2_clk_pll_33) and mig_axi_interconnect/s00_aw_fifo/wr_gray_r1_reg[1]/D (clocked by clk_pll_i). Large setup violations at the end of those stages might be difficult to fix during the post-placement implementation flow and could be the result of non-optimal XDC constraints or non-optimal design architecture
Related violations: <none>

TIMING-16#42 Warning
Large setup violation  
There is a large setup violation of -2.904 ns between mig_axi_interconnect/s00_ar_fifo/wr_gray_reg[2]/C (clocked by clk_out2_clk_pll_33) and mig_axi_interconnect/s00_ar_fifo/wr_gray_r1_reg[2]/D (clocked by clk_pll_i). Large setup violations at the end of those stages might be difficult to fix during the post-placement implementation flow and could be the result of non-optimal XDC constraints or non-optimal design architecture
Related violations: <none>

TIMING-16#43 Warning
Large setup violation  
There is a large setup violation of -2.908 ns between mig_axi_interconnect/s02_w_fifo/mem_reg_0_15_24_29/RAMA/CLK (clocked by clk_out2_clk_pll_33) and mig_axi_interconnect/wr64_data_reg[15]/D (clocked by clk_pll_i). Large setup violations at the end of those stages might be difficult to fix during the post-placement implementation flow and could be the result of non-optimal XDC constraints or non-optimal design architecture
Related violations: <none>

TIMING-16#44 Warning
Large setup violation  
There is a large setup violation of -2.912 ns between mig_axi_interconnect/s02_r_fifo/rd_gray_reg[2]/C (clocked by clk_out2_clk_pll_33) and mig_axi_interconnect/s02_r_fifo/rd_gray_w1_reg[2]/D (clocked by clk_pll_i). Large setup violations at the end of those stages might be difficult to fix during the post-placement implementation flow and could be the result of non-optimal XDC constraints or non-optimal design architecture
Related violations: <none>

TIMING-16#45 Warning
Large setup violation  
There is a large setup violation of -2.929 ns between mig_axi_interconnect/s00_w_fifo/wr_gray_reg[3]/C (clocked by clk_out2_clk_pll_33) and mig_axi_interconnect/s00_w_fifo/wr_gray_r1_reg[3]/D (clocked by clk_pll_i). Large setup violations at the end of those stages might be difficult to fix during the post-placement implementation flow and could be the result of non-optimal XDC constraints or non-optimal design architecture
Related violations: <none>

TIMING-16#46 Warning
Large setup violation  
There is a large setup violation of -2.941 ns between mig_axi_interconnect/s01_b_fifo/rd_gray_reg[4]/C (clocked by clk_out2_clk_pll_33) and mig_axi_interconnect/s01_b_fifo/rd_gray_w1_reg[4]/D (clocked by clk_pll_i). Large setup violations at the end of those stages might be difficult to fix during the post-placement implementation flow and could be the result of non-optimal XDC constraints or non-optimal design architecture
Related violations: <none>

TIMING-16#47 Warning
Large setup violation  
There is a large setup violation of -2.950 ns between mig_axi_interconnect/s02_w_fifo/mem_reg_0_15_36_41/RAMA/CLK (clocked by clk_out2_clk_pll_33) and mig_axi_interconnect/wr64_data_reg[27]/D (clocked by clk_pll_i). Large setup violations at the end of those stages might be difficult to fix during the post-placement implementation flow and could be the result of non-optimal XDC constraints or non-optimal design architecture
Related violations: <none>

TIMING-16#48 Warning
Large setup violation  
There is a large setup violation of -2.960 ns between mig_axi_interconnect/s01_r_fifo/rd_bin_reg[4]/C (clocked by clk_out2_clk_pll_33) and mig_axi_interconnect/s01_r_fifo/rd_gray_w1_reg[4]/D (clocked by clk_pll_i). Large setup violations at the end of those stages might be difficult to fix during the post-placement implementation flow and could be the result of non-optimal XDC constraints or non-optimal design architecture
Related violations: <none>

TIMING-16#49 Warning
Large setup violation  
There is a large setup violation of -2.969 ns between mig_axi_interconnect/s01_w_fifo/wr_gray_reg[1]/C (clocked by clk_out2_clk_pll_33) and mig_axi_interconnect/s01_w_fifo/wr_gray_r1_reg[1]/D (clocked by clk_pll_i). Large setup violations at the end of those stages might be difficult to fix during the post-placement implementation flow and could be the result of non-optimal XDC constraints or non-optimal design architecture
Related violations: <none>

TIMING-16#50 Warning
Large setup violation  
There is a large setup violation of -2.973 ns between mig_axi_interconnect/s01_aw_fifo/mem_reg_0_15_36_41/RAMA_D1/CLK (clocked by clk_out2_clk_pll_33) and mig_axi_interconnect/wr_addr_reg[16]/D (clocked by clk_pll_i). Large setup violations at the end of those stages might be difficult to fix during the post-placement implementation flow and could be the result of non-optimal XDC constraints or non-optimal design architecture
Related violations: <none>

TIMING-16#51 Warning
Large setup violation  
There is a large setup violation of -2.974 ns between mig_axi_interconnect/s00_r_fifo/rd_bin_reg[4]/C (clocked by clk_out2_clk_pll_33) and mig_axi_interconnect/s00_r_fifo/rd_gray_w1_reg[4]/D (clocked by clk_pll_i). Large setup violations at the end of those stages might be difficult to fix during the post-placement implementation flow and could be the result of non-optimal XDC constraints or non-optimal design architecture
Related violations: <none>

TIMING-16#52 Warning
Large setup violation  
There is a large setup violation of -2.984 ns between mig_axi_interconnect/s02_r_fifo/rd_gray_reg[0]/C (clocked by clk_out2_clk_pll_33) and mig_axi_interconnect/s02_r_fifo/rd_gray_w1_reg[0]/D (clocked by clk_pll_i). Large setup violations at the end of those stages might be difficult to fix during the post-placement implementation flow and could be the result of non-optimal XDC constraints or non-optimal design architecture
Related violations: <none>

TIMING-16#53 Warning
Large setup violation  
There is a large setup violation of -2.984 ns between mig_axi_interconnect/s02_w_fifo/mem_reg_0_15_12_17/RAMA_D1/CLK (clocked by clk_out2_clk_pll_33) and mig_axi_interconnect/wr64_data_reg[4]/D (clocked by clk_pll_i). Large setup violations at the end of those stages might be difficult to fix during the post-placement implementation flow and could be the result of non-optimal XDC constraints or non-optimal design architecture
Related violations: <none>

TIMING-16#54 Warning
Large setup violation  
There is a large setup violation of -2.984 ns between mig_axi_interconnect/s02_w_fifo/wr_bin_reg[4]/C (clocked by clk_out2_clk_pll_33) and mig_axi_interconnect/s02_w_fifo/wr_gray_r1_reg[4]/D (clocked by clk_pll_i). Large setup violations at the end of those stages might be difficult to fix during the post-placement implementation flow and could be the result of non-optimal XDC constraints or non-optimal design architecture
Related violations: <none>

TIMING-16#55 Warning
Large setup violation  
There is a large setup violation of -2.991 ns between mig_axi_interconnect/s01_aw_fifo/mem_reg_0_15_42_47/RAMA_D1/CLK (clocked by clk_out2_clk_pll_33) and mig_axi_interconnect/wr_addr_reg[22]/D (clocked by clk_pll_i). Large setup violations at the end of those stages might be difficult to fix during the post-placement implementation flow and could be the result of non-optimal XDC constraints or non-optimal design architecture
Related violations: <none>

TIMING-16#56 Warning
Large setup violation  
There is a large setup violation of -2.999 ns between mig_axi_interconnect/s01_aw_fifo/wr_gray_reg[1]/C (clocked by clk_out2_clk_pll_33) and mig_axi_interconnect/s01_aw_fifo/wr_gray_r1_reg[1]/D (clocked by clk_pll_i). Large setup violations at the end of those stages might be difficult to fix during the post-placement implementation flow and could be the result of non-optimal XDC constraints or non-optimal design architecture
Related violations: <none>

TIMING-16#57 Warning
Large setup violation  
There is a large setup violation of -2.999 ns between mig_axi_interconnect/s02_w_fifo/mem_reg_0_15_48_53/RAMC_D1/CLK (clocked by clk_out2_clk_pll_33) and mig_axi_interconnect/wr64_data_reg[44]/D (clocked by clk_pll_i). Large setup violations at the end of those stages might be difficult to fix during the post-placement implementation flow and could be the result of non-optimal XDC constraints or non-optimal design architecture
Related violations: <none>

TIMING-16#58 Warning
Large setup violation  
There is a large setup violation of -3.003 ns between mig_axi_interconnect/s02_w_fifo/mem_reg_0_15_24_29/RAMB_D1/CLK (clocked by clk_out2_clk_pll_33) and mig_axi_interconnect/wr64_data_reg[18]/D (clocked by clk_pll_i). Large setup violations at the end of those stages might be difficult to fix during the post-placement implementation flow and could be the result of non-optimal XDC constraints or non-optimal design architecture
Related violations: <none>

TIMING-16#59 Warning
Large setup violation  
There is a large setup violation of -3.005 ns between mig_axi_interconnect/s00_ar_fifo/mem_reg_0_15_24_29/RAMA/CLK (clocked by clk_out2_clk_pll_33) and mig_axi_interconnect/rd_addr_reg[3]/D (clocked by clk_pll_i). Large setup violations at the end of those stages might be difficult to fix during the post-placement implementation flow and could be the result of non-optimal XDC constraints or non-optimal design architecture
Related violations: <none>

TIMING-16#60 Warning
Large setup violation  
There is a large setup violation of -3.009 ns between mig_axi_interconnect/s01_r_fifo/rd_gray_reg[0]/C (clocked by clk_out2_clk_pll_33) and mig_axi_interconnect/s01_r_fifo/rd_gray_w1_reg[0]/D (clocked by clk_pll_i). Large setup violations at the end of those stages might be difficult to fix during the post-placement implementation flow and could be the result of non-optimal XDC constraints or non-optimal design architecture
Related violations: <none>

TIMING-16#61 Warning
Large setup violation  
There is a large setup violation of -3.012 ns between mig_axi_interconnect/s01_aw_fifo/mem_reg_0_15_24_29/RAMA_D1/CLK (clocked by clk_out2_clk_pll_33) and mig_axi_interconnect/wr_addr_reg[4]/D (clocked by clk_pll_i). Large setup violations at the end of those stages might be difficult to fix during the post-placement implementation flow and could be the result of non-optimal XDC constraints or non-optimal design architecture
Related violations: <none>

TIMING-16#62 Warning
Large setup violation  
There is a large setup violation of -3.012 ns between mig_axi_interconnect/s02_aw_fifo/wr_bin_reg[4]/C (clocked by clk_out2_clk_pll_33) and mig_axi_interconnect/s02_aw_fifo/wr_gray_r1_reg[4]/D (clocked by clk_pll_i). Large setup violations at the end of those stages might be difficult to fix during the post-placement implementation flow and could be the result of non-optimal XDC constraints or non-optimal design architecture
Related violations: <none>

TIMING-16#63 Warning
Large setup violation  
There is a large setup violation of -3.014 ns between mig_axi_interconnect/s02_w_fifo/mem_reg_0_15_48_53/RAMA_D1/CLK (clocked by clk_out2_clk_pll_33) and mig_axi_interconnect/wr64_data_reg[40]/D (clocked by clk_pll_i). Large setup violations at the end of those stages might be difficult to fix during the post-placement implementation flow and could be the result of non-optimal XDC constraints or non-optimal design architecture
Related violations: <none>

TIMING-16#64 Warning
Large setup violation  
There is a large setup violation of -3.015 ns between mig_axi_interconnect/s00_aw_fifo/wr_gray_reg[2]/C (clocked by clk_out2_clk_pll_33) and mig_axi_interconnect/s00_aw_fifo/wr_gray_r1_reg[2]/D (clocked by clk_pll_i). Large setup violations at the end of those stages might be difficult to fix during the post-placement implementation flow and could be the result of non-optimal XDC constraints or non-optimal design architecture
Related violations: <none>

TIMING-16#65 Warning
Large setup violation  
There is a large setup violation of -3.018 ns between mig_axi_interconnect/s02_aw_fifo/mem_reg_0_15_36_41/RAMA/CLK (clocked by clk_out2_clk_pll_33) and mig_axi_interconnect/wr_addr_reg[15]/D (clocked by clk_pll_i). Large setup violations at the end of those stages might be difficult to fix during the post-placement implementation flow and could be the result of non-optimal XDC constraints or non-optimal design architecture
Related violations: <none>

TIMING-16#66 Warning
Large setup violation  
There is a large setup violation of -3.018 ns between mig_axi_interconnect/s02_w_fifo/mem_reg_0_15_0_5/RAMC/CLK (clocked by clk_out2_clk_pll_33) and mig_axi_interconnect/wr64_strb_reg[3]/D (clocked by clk_pll_i). Large setup violations at the end of those stages might be difficult to fix during the post-placement implementation flow and could be the result of non-optimal XDC constraints or non-optimal design architecture
Related violations: <none>

TIMING-16#67 Warning
Large setup violation  
There is a large setup violation of -3.024 ns between mig_axi_interconnect/s00_w_fifo/wr_bin_reg[4]/C (clocked by clk_out2_clk_pll_33) and mig_axi_interconnect/s00_w_fifo/wr_gray_r1_reg[4]/D (clocked by clk_pll_i). Large setup violations at the end of those stages might be difficult to fix during the post-placement implementation flow and could be the result of non-optimal XDC constraints or non-optimal design architecture
Related violations: <none>

TIMING-16#68 Warning
Large setup violation  
There is a large setup violation of -3.024 ns between mig_axi_interconnect/s02_w_fifo/mem_reg_0_15_54_59/RAMC_D1/CLK (clocked by clk_out2_clk_pll_33) and mig_axi_interconnect/wr64_data_reg[50]/D (clocked by clk_pll_i). Large setup violations at the end of those stages might be difficult to fix during the post-placement implementation flow and could be the result of non-optimal XDC constraints or non-optimal design architecture
Related violations: <none>

TIMING-16#69 Warning
Large setup violation  
There is a large setup violation of -3.025 ns between mig_axi_interconnect/s00_b_fifo/rd_gray_reg[3]/C (clocked by clk_out2_clk_pll_33) and mig_axi_interconnect/s00_b_fifo/rd_gray_w1_reg[3]/D (clocked by clk_pll_i). Large setup violations at the end of those stages might be difficult to fix during the post-placement implementation flow and could be the result of non-optimal XDC constraints or non-optimal design architecture
Related violations: <none>

TIMING-16#70 Warning
Large setup violation  
There is a large setup violation of -3.027 ns between mig_axi_interconnect/s02_w_fifo/mem_reg_0_15_54_59/RAMC/CLK (clocked by clk_out2_clk_pll_33) and mig_axi_interconnect/wr64_data_reg[49]/D (clocked by clk_pll_i). Large setup violations at the end of those stages might be difficult to fix during the post-placement implementation flow and could be the result of non-optimal XDC constraints or non-optimal design architecture
Related violations: <none>

TIMING-16#71 Warning
Large setup violation  
There is a large setup violation of -3.027 ns between mig_axi_interconnect/s02_w_fifo/mem_reg_0_15_72_72/DP/CLK (clocked by clk_out2_clk_pll_33) and mig_axi_interconnect/wr64_data_reg[63]/D (clocked by clk_pll_i). Large setup violations at the end of those stages might be difficult to fix during the post-placement implementation flow and could be the result of non-optimal XDC constraints or non-optimal design architecture
Related violations: <none>

TIMING-16#72 Warning
Large setup violation  
There is a large setup violation of -3.028 ns between mig_axi_interconnect/s00_ar_fifo/mem_reg_0_15_30_35/RAMA_D1/CLK (clocked by clk_out2_clk_pll_33) and mig_axi_interconnect/rd_addr_reg[10]/D (clocked by clk_pll_i). Large setup violations at the end of those stages might be difficult to fix during the post-placement implementation flow and could be the result of non-optimal XDC constraints or non-optimal design architecture
Related violations: <none>

TIMING-16#73 Warning
Large setup violation  
There is a large setup violation of -3.028 ns between mig_axi_interconnect/s02_w_fifo/mem_reg_0_15_36_41/RAMB_D1/CLK (clocked by clk_out2_clk_pll_33) and mig_axi_interconnect/wr64_data_reg[30]/D (clocked by clk_pll_i). Large setup violations at the end of those stages might be difficult to fix during the post-placement implementation flow and could be the result of non-optimal XDC constraints or non-optimal design architecture
Related violations: <none>

TIMING-16#74 Warning
Large setup violation  
There is a large setup violation of -3.032 ns between mig_axi_interconnect/s01_ar_fifo/wr_gray_reg[1]/C (clocked by clk_out2_clk_pll_33) and mig_axi_interconnect/s01_ar_fifo/wr_gray_r1_reg[1]/D (clocked by clk_pll_i). Large setup violations at the end of those stages might be difficult to fix during the post-placement implementation flow and could be the result of non-optimal XDC constraints or non-optimal design architecture
Related violations: <none>

TIMING-16#75 Warning
Large setup violation  
There is a large setup violation of -3.033 ns between mig_axi_interconnect/s02_ar_fifo/wr_gray_reg[2]/C (clocked by clk_out2_clk_pll_33) and mig_axi_interconnect/s02_ar_fifo/wr_gray_r1_reg[2]/D (clocked by clk_pll_i). Large setup violations at the end of those stages might be difficult to fix during the post-placement implementation flow and could be the result of non-optimal XDC constraints or non-optimal design architecture
Related violations: <none>

TIMING-16#76 Warning
Large setup violation  
There is a large setup violation of -3.033 ns between mig_axi_interconnect/s02_w_fifo/wr_gray_reg[0]/C (clocked by clk_out2_clk_pll_33) and mig_axi_interconnect/s02_w_fifo/wr_gray_r1_reg[0]/D (clocked by clk_pll_i). Large setup violations at the end of those stages might be difficult to fix during the post-placement implementation flow and could be the result of non-optimal XDC constraints or non-optimal design architecture
Related violations: <none>

TIMING-16#77 Warning
Large setup violation  
There is a large setup violation of -3.037 ns between mig_axi_interconnect/s00_r_fifo/rd_gray_reg[1]/C (clocked by clk_out2_clk_pll_33) and mig_axi_interconnect/s00_r_fifo/rd_gray_w1_reg[1]/D (clocked by clk_pll_i). Large setup violations at the end of those stages might be difficult to fix during the post-placement implementation flow and could be the result of non-optimal XDC constraints or non-optimal design architecture
Related violations: <none>

TIMING-16#78 Warning
Large setup violation  
There is a large setup violation of -3.040 ns between mig_axi_interconnect/s02_w_fifo/mem_reg_0_15_0_5/RAMA/CLK (clocked by clk_out2_clk_pll_33) and mig_axi_interconnect/wr64_last_reg/D (clocked by clk_pll_i). Large setup violations at the end of those stages might be difficult to fix during the post-placement implementation flow and could be the result of non-optimal XDC constraints or non-optimal design architecture
Related violations: <none>

TIMING-16#79 Warning
Large setup violation  
There is a large setup violation of -3.046 ns between mig_axi_interconnect/s01_w_fifo/wr_gray_reg[0]/C (clocked by clk_out2_clk_pll_33) and mig_axi_interconnect/s01_w_fifo/wr_gray_r1_reg[0]/D (clocked by clk_pll_i). Large setup violations at the end of those stages might be difficult to fix during the post-placement implementation flow and could be the result of non-optimal XDC constraints or non-optimal design architecture
Related violations: <none>

TIMING-16#80 Warning
Large setup violation  
There is a large setup violation of -3.051 ns between mig_axi_interconnect/s00_aw_fifo/mem_reg_0_15_42_47/RAMA/CLK (clocked by clk_out2_clk_pll_33) and mig_axi_interconnect/wr_addr_reg[21]/D (clocked by clk_pll_i). Large setup violations at the end of those stages might be difficult to fix during the post-placement implementation flow and could be the result of non-optimal XDC constraints or non-optimal design architecture
Related violations: <none>

TIMING-16#81 Warning
Large setup violation  
There is a large setup violation of -3.054 ns between mig_axi_interconnect/s00_r_fifo/rd_gray_reg[3]/C (clocked by clk_out2_clk_pll_33) and mig_axi_interconnect/s00_r_fifo/rd_gray_w1_reg[3]/D (clocked by clk_pll_i). Large setup violations at the end of those stages might be difficult to fix during the post-placement implementation flow and could be the result of non-optimal XDC constraints or non-optimal design architecture
Related violations: <none>

TIMING-16#82 Warning
Large setup violation  
There is a large setup violation of -3.054 ns between mig_axi_interconnect/s01_ar_fifo/wr_gray_reg[2]/C (clocked by clk_out2_clk_pll_33) and mig_axi_interconnect/s01_ar_fifo/wr_gray_r1_reg[2]/D (clocked by clk_pll_i). Large setup violations at the end of those stages might be difficult to fix during the post-placement implementation flow and could be the result of non-optimal XDC constraints or non-optimal design architecture
Related violations: <none>

TIMING-16#83 Warning
Large setup violation  
There is a large setup violation of -3.054 ns between mig_axi_interconnect/s02_w_fifo/mem_reg_0_15_42_47/RAMC/CLK (clocked by clk_out2_clk_pll_33) and mig_axi_interconnect/wr64_data_reg[37]/D (clocked by clk_pll_i). Large setup violations at the end of those stages might be difficult to fix during the post-placement implementation flow and could be the result of non-optimal XDC constraints or non-optimal design architecture
Related violations: <none>

TIMING-16#84 Warning
Large setup violation  
There is a large setup violation of -3.054 ns between mig_axi_interconnect/s02_w_fifo/mem_reg_0_15_54_59/RAMA_D1/CLK (clocked by clk_out2_clk_pll_33) and mig_axi_interconnect/wr64_data_reg[46]/D (clocked by clk_pll_i). Large setup violations at the end of those stages might be difficult to fix during the post-placement implementation flow and could be the result of non-optimal XDC constraints or non-optimal design architecture
Related violations: <none>

TIMING-16#85 Warning
Large setup violation  
There is a large setup violation of -3.056 ns between mig_axi_interconnect/s02_w_fifo/mem_reg_0_15_36_41/RAMC/CLK (clocked by clk_out2_clk_pll_33) and mig_axi_interconnect/wr64_data_reg[31]/D (clocked by clk_pll_i). Large setup violations at the end of those stages might be difficult to fix during the post-placement implementation flow and could be the result of non-optimal XDC constraints or non-optimal design architecture
Related violations: <none>

TIMING-16#86 Warning
Large setup violation  
There is a large setup violation of -3.057 ns between mig_axi_interconnect/s02_aw_fifo/wr_gray_reg[3]/C (clocked by clk_out2_clk_pll_33) and mig_axi_interconnect/s02_aw_fifo/wr_gray_r1_reg[3]/D (clocked by clk_pll_i). Large setup violations at the end of those stages might be difficult to fix during the post-placement implementation flow and could be the result of non-optimal XDC constraints or non-optimal design architecture
Related violations: <none>

TIMING-16#87 Warning
Large setup violation  
There is a large setup violation of -3.058 ns between mig_axi_interconnect/s02_w_fifo/mem_reg_0_15_6_11/RAMA/CLK (clocked by clk_out2_clk_pll_33) and mig_axi_interconnect/wr64_strb_reg[5]/D (clocked by clk_pll_i). Large setup violations at the end of those stages might be difficult to fix during the post-placement implementation flow and could be the result of non-optimal XDC constraints or non-optimal design architecture
Related violations: <none>

TIMING-16#88 Warning
Large setup violation  
There is a large setup violation of -3.063 ns between mig_axi_interconnect/s02_ar_fifo/mem_reg_0_15_24_29/RAMA_D1/CLK (clocked by clk_out2_clk_pll_33) and mig_axi_interconnect/rd_addr_reg[4]/D (clocked by clk_pll_i). Large setup violations at the end of those stages might be difficult to fix during the post-placement implementation flow and could be the result of non-optimal XDC constraints or non-optimal design architecture
Related violations: <none>

TIMING-16#89 Warning
Large setup violation  
There is a large setup violation of -3.065 ns between mig_axi_interconnect/s02_ar_fifo/mem_reg_0_15_12_17/RAMA_D1/CLK (clocked by clk_out2_clk_pll_33) and mig_axi_interconnect/rd_len_reg[0]/D (clocked by clk_pll_i). Large setup violations at the end of those stages might be difficult to fix during the post-placement implementation flow and could be the result of non-optimal XDC constraints or non-optimal design architecture
Related violations: <none>

TIMING-16#90 Warning
Large setup violation  
There is a large setup violation of -3.067 ns between mig_axi_interconnect/s02_aw_fifo/mem_reg_0_15_24_29/RAMA/CLK (clocked by clk_out2_clk_pll_33) and mig_axi_interconnect/wr_addr_reg[3]/D (clocked by clk_pll_i). Large setup violations at the end of those stages might be difficult to fix during the post-placement implementation flow and could be the result of non-optimal XDC constraints or non-optimal design architecture
Related violations: <none>

TIMING-16#91 Warning
Large setup violation  
There is a large setup violation of -3.067 ns between mig_axi_interconnect/s02_w_fifo/mem_reg_0_15_42_47/RAMA/CLK (clocked by clk_out2_clk_pll_33) and mig_axi_interconnect/wr64_data_reg[33]/D (clocked by clk_pll_i). Large setup violations at the end of those stages might be difficult to fix during the post-placement implementation flow and could be the result of non-optimal XDC constraints or non-optimal design architecture
Related violations: <none>

TIMING-16#92 Warning
Large setup violation  
There is a large setup violation of -3.068 ns between mig_axi_interconnect/s02_w_fifo/mem_reg_0_15_6_11/RAMA_D1/CLK (clocked by clk_out2_clk_pll_33) and mig_axi_interconnect/wr64_strb_reg[6]/D (clocked by clk_pll_i). Large setup violations at the end of those stages might be difficult to fix during the post-placement implementation flow and could be the result of non-optimal XDC constraints or non-optimal design architecture
Related violations: <none>

TIMING-16#93 Warning
Large setup violation  
There is a large setup violation of -3.069 ns between mig_axi_interconnect/s02_w_fifo/mem_reg_0_15_12_17/RAMC_D1/CLK (clocked by clk_out2_clk_pll_33) and mig_axi_interconnect/wr64_data_reg[8]/D (clocked by clk_pll_i). Large setup violations at the end of those stages might be difficult to fix during the post-placement implementation flow and could be the result of non-optimal XDC constraints or non-optimal design architecture
Related violations: <none>

TIMING-16#94 Warning
Large setup violation  
There is a large setup violation of -3.070 ns between mig_axi_interconnect/s00_aw_fifo/wr_gray_reg[3]/C (clocked by clk_out2_clk_pll_33) and mig_axi_interconnect/s00_aw_fifo/wr_gray_r1_reg[3]/D (clocked by clk_pll_i). Large setup violations at the end of those stages might be difficult to fix during the post-placement implementation flow and could be the result of non-optimal XDC constraints or non-optimal design architecture
Related violations: <none>

TIMING-16#95 Warning
Large setup violation  
There is a large setup violation of -3.070 ns between mig_axi_interconnect/s02_aw_fifo/mem_reg_0_15_42_47/RAMC_D1/CLK (clocked by clk_out2_clk_pll_33) and mig_axi_interconnect/wr_addr_reg[26]/D (clocked by clk_pll_i). Large setup violations at the end of those stages might be difficult to fix during the post-placement implementation flow and could be the result of non-optimal XDC constraints or non-optimal design architecture
Related violations: <none>

TIMING-16#96 Warning
Large setup violation  
There is a large setup violation of -3.070 ns between mig_axi_interconnect/s02_w_fifo/mem_reg_0_15_12_17/RAMB_D1/CLK (clocked by clk_out2_clk_pll_33) and mig_axi_interconnect/wr64_data_reg[6]/D (clocked by clk_pll_i). Large setup violations at the end of those stages might be difficult to fix during the post-placement implementation flow and could be the result of non-optimal XDC constraints or non-optimal design architecture
Related violations: <none>

TIMING-16#97 Warning
Large setup violation  
There is a large setup violation of -3.071 ns between mig_axi_interconnect/s02_ar_fifo/wr_bin_reg[4]/C (clocked by clk_out2_clk_pll_33) and mig_axi_interconnect/s02_ar_fifo/wr_gray_r1_reg[4]/D (clocked by clk_pll_i). Large setup violations at the end of those stages might be difficult to fix during the post-placement implementation flow and could be the result of non-optimal XDC constraints or non-optimal design architecture
Related violations: <none>

TIMING-16#98 Warning
Large setup violation  
There is a large setup violation of -3.072 ns between mig_axi_interconnect/s02_w_fifo/mem_reg_0_15_6_11/RAMB/CLK (clocked by clk_out2_clk_pll_33) and mig_axi_interconnect/wr64_strb_reg[7]/D (clocked by clk_pll_i). Large setup violations at the end of those stages might be difficult to fix during the post-placement implementation flow and could be the result of non-optimal XDC constraints or non-optimal design architecture
Related violations: <none>

TIMING-16#99 Warning
Large setup violation  
There is a large setup violation of -3.075 ns between mig_axi_interconnect/s00_aw_fifo/wr_bin_reg[4]/C (clocked by clk_out2_clk_pll_33) and mig_axi_interconnect/s00_aw_fifo/wr_gray_r1_reg[4]/D (clocked by clk_pll_i). Large setup violations at the end of those stages might be difficult to fix during the post-placement implementation flow and could be the result of non-optimal XDC constraints or non-optimal design architecture
Related violations: <none>

TIMING-16#100 Warning
Large setup violation  
There is a large setup violation of -3.076 ns between mig_axi_interconnect/s02_w_fifo/mem_reg_0_15_30_35/RAMB/CLK (clocked by clk_out2_clk_pll_33) and mig_axi_interconnect/wr64_data_reg[23]/D (clocked by clk_pll_i). Large setup violations at the end of those stages might be difficult to fix during the post-placement implementation flow and could be the result of non-optimal XDC constraints or non-optimal design architecture
Related violations: <none>

TIMING-16#101 Warning
Large setup violation  
There is a large setup violation of -3.078 ns between mig_axi_interconnect/s00_w_fifo/wr_gray_reg[0]/C (clocked by clk_out2_clk_pll_33) and mig_axi_interconnect/s00_w_fifo/wr_gray_r1_reg[0]/D (clocked by clk_pll_i). Large setup violations at the end of those stages might be difficult to fix during the post-placement implementation flow and could be the result of non-optimal XDC constraints or non-optimal design architecture
Related violations: <none>

TIMING-16#102 Warning
Large setup violation  
There is a large setup violation of -3.080 ns between mig_axi_interconnect/s02_ar_fifo/mem_reg_0_15_42_47/RAMA_D1/CLK (clocked by clk_out2_clk_pll_33) and mig_axi_interconnect/rd_addr_reg[22]/D (clocked by clk_pll_i). Large setup violations at the end of those stages might be difficult to fix during the post-placement implementation flow and could be the result of non-optimal XDC constraints or non-optimal design architecture
Related violations: <none>

TIMING-16#103 Warning
Large setup violation  
There is a large setup violation of -3.083 ns between mig_axi_interconnect/s02_w_fifo/mem_reg_0_15_0_5/RAMA_D1/CLK (clocked by clk_out2_clk_pll_33) and mig_axi_interconnect/wr64_strb_reg[0]/D (clocked by clk_pll_i). Large setup violations at the end of those stages might be difficult to fix during the post-placement implementation flow and could be the result of non-optimal XDC constraints or non-optimal design architecture
Related violations: <none>

TIMING-16#104 Warning
Large setup violation  
There is a large setup violation of -3.086 ns between mig_axi_interconnect/s02_w_fifo/mem_reg_0_15_18_23/RAMA_D1/CLK (clocked by clk_out2_clk_pll_33) and mig_axi_interconnect/wr64_data_reg[10]/D (clocked by clk_pll_i). Large setup violations at the end of those stages might be difficult to fix during the post-placement implementation flow and could be the result of non-optimal XDC constraints or non-optimal design architecture
Related violations: <none>

TIMING-16#105 Warning
Large setup violation  
There is a large setup violation of -3.088 ns between mig_axi_interconnect/s02_ar_fifo/mem_reg_0_15_48_53/RAMA_D1/CLK (clocked by clk_out2_clk_pll_33) and mig_axi_interconnect/rd_id_reg[0]/D (clocked by clk_pll_i). Large setup violations at the end of those stages might be difficult to fix during the post-placement implementation flow and could be the result of non-optimal XDC constraints or non-optimal design architecture
Related violations: <none>

TIMING-16#106 Warning
Large setup violation  
There is a large setup violation of -3.092 ns between mig_axi_interconnect/s00_aw_fifo/mem_reg_0_15_12_17/RAMA_D1/CLK (clocked by clk_out2_clk_pll_33) and mig_axi_interconnect/wr_len_reg[0]/D (clocked by clk_pll_i). Large setup violations at the end of those stages might be difficult to fix during the post-placement implementation flow and could be the result of non-optimal XDC constraints or non-optimal design architecture
Related violations: <none>

TIMING-16#107 Warning
Large setup violation  
There is a large setup violation of -3.093 ns between mig_axi_interconnect/s00_aw_fifo/mem_reg_0_15_12_17/RAMA/CLK (clocked by clk_out2_clk_pll_33) and mig_axi_interconnect/wr_size_reg[2]/D (clocked by clk_pll_i). Large setup violations at the end of those stages might be difficult to fix during the post-placement implementation flow and could be the result of non-optimal XDC constraints or non-optimal design architecture
Related violations: <none>

TIMING-16#108 Warning
Large setup violation  
There is a large setup violation of -3.094 ns between mig_axi_interconnect/s01_aw_fifo/wr_gray_reg[3]/C (clocked by clk_out2_clk_pll_33) and mig_axi_interconnect/s01_aw_fifo/wr_gray_r1_reg[3]/D (clocked by clk_pll_i). Large setup violations at the end of those stages might be difficult to fix during the post-placement implementation flow and could be the result of non-optimal XDC constraints or non-optimal design architecture
Related violations: <none>

TIMING-16#109 Warning
Large setup violation  
There is a large setup violation of -3.103 ns between mig_axi_interconnect/s02_w_fifo/mem_reg_0_15_66_71/RAMB/CLK (clocked by clk_out2_clk_pll_33) and mig_axi_interconnect/wr64_data_reg[59]/D (clocked by clk_pll_i). Large setup violations at the end of those stages might be difficult to fix during the post-placement implementation flow and could be the result of non-optimal XDC constraints or non-optimal design architecture
Related violations: <none>

TIMING-16#110 Warning
Large setup violation  
There is a large setup violation of -3.104 ns between mig_axi_interconnect/s02_w_fifo/mem_reg_0_15_0_5/RAMB_D1/CLK (clocked by clk_out2_clk_pll_33) and mig_axi_interconnect/wr64_strb_reg[2]/D (clocked by clk_pll_i). Large setup violations at the end of those stages might be difficult to fix during the post-placement implementation flow and could be the result of non-optimal XDC constraints or non-optimal design architecture
Related violations: <none>

TIMING-16#111 Warning
Large setup violation  
There is a large setup violation of -3.104 ns between mig_axi_interconnect/s02_w_fifo/mem_reg_0_15_48_53/RAMA/CLK (clocked by clk_out2_clk_pll_33) and mig_axi_interconnect/wr64_data_reg[39]/D (clocked by clk_pll_i). Large setup violations at the end of those stages might be difficult to fix during the post-placement implementation flow and could be the result of non-optimal XDC constraints or non-optimal design architecture
Related violations: <none>

TIMING-16#112 Warning
Large setup violation  
There is a large setup violation of -3.106 ns between mig_axi_interconnect/s02_aw_fifo/mem_reg_0_15_12_17/RAMC_D1/CLK (clocked by clk_out2_clk_pll_33) and mig_axi_interconnect/wr_len_reg[4]/D (clocked by clk_pll_i). Large setup violations at the end of those stages might be difficult to fix during the post-placement implementation flow and could be the result of non-optimal XDC constraints or non-optimal design architecture
Related violations: <none>

TIMING-16#113 Warning
Large setup violation  
There is a large setup violation of -3.107 ns between mig_axi_interconnect/s01_aw_fifo/mem_reg_0_15_30_35/RAMA_D1/CLK (clocked by clk_out2_clk_pll_33) and mig_axi_interconnect/wr_addr_reg[10]/D (clocked by clk_pll_i). Large setup violations at the end of those stages might be difficult to fix during the post-placement implementation flow and could be the result of non-optimal XDC constraints or non-optimal design architecture
Related violations: <none>

TIMING-16#114 Warning
Large setup violation  
There is a large setup violation of -3.107 ns between mig_axi_interconnect/s02_w_fifo/mem_reg_0_15_36_41/RAMA_D1/CLK (clocked by clk_out2_clk_pll_33) and mig_axi_interconnect/wr64_data_reg[28]/D (clocked by clk_pll_i). Large setup violations at the end of those stages might be difficult to fix during the post-placement implementation flow and could be the result of non-optimal XDC constraints or non-optimal design architecture
Related violations: <none>

TIMING-16#115 Warning
Large setup violation  
There is a large setup violation of -3.107 ns between mig_axi_interconnect/s02_w_fifo/mem_reg_0_15_66_71/RAMA/CLK (clocked by clk_out2_clk_pll_33) and mig_axi_interconnect/wr64_data_reg[57]/D (clocked by clk_pll_i). Large setup violations at the end of those stages might be difficult to fix during the post-placement implementation flow and could be the result of non-optimal XDC constraints or non-optimal design architecture
Related violations: <none>

TIMING-16#116 Warning
Large setup violation  
There is a large setup violation of -3.108 ns between mig_axi_interconnect/s02_w_fifo/mem_reg_0_15_54_59/RAMA/CLK (clocked by clk_out2_clk_pll_33) and mig_axi_interconnect/wr64_data_reg[45]/D (clocked by clk_pll_i). Large setup violations at the end of those stages might be difficult to fix during the post-placement implementation flow and could be the result of non-optimal XDC constraints or non-optimal design architecture
Related violations: <none>

TIMING-16#117 Warning
Large setup violation  
There is a large setup violation of -3.109 ns between mig_axi_interconnect/s01_ar_fifo/wr_bin_reg[4]/C (clocked by clk_out2_clk_pll_33) and mig_axi_interconnect/s01_ar_fifo/wr_gray_r1_reg[4]/D (clocked by clk_pll_i). Large setup violations at the end of those stages might be difficult to fix during the post-placement implementation flow and could be the result of non-optimal XDC constraints or non-optimal design architecture
Related violations: <none>

TIMING-16#118 Warning
Large setup violation  
There is a large setup violation of -3.110 ns between mig_axi_interconnect/s00_aw_fifo/mem_reg_0_15_6_11/RAMC_D1/CLK (clocked by clk_out2_clk_pll_33) and mig_axi_interconnect/wr_size_reg[1]/D (clocked by clk_pll_i). Large setup violations at the end of those stages might be difficult to fix during the post-placement implementation flow and could be the result of non-optimal XDC constraints or non-optimal design architecture
Related violations: <none>

TIMING-16#119 Warning
Large setup violation  
There is a large setup violation of -3.111 ns between mig_axi_interconnect/s02_b_fifo/rd_bin_reg[4]/C (clocked by clk_out2_clk_pll_33) and mig_axi_interconnect/s02_b_fifo/rd_gray_w1_reg[4]/D (clocked by clk_pll_i). Large setup violations at the end of those stages might be difficult to fix during the post-placement implementation flow and could be the result of non-optimal XDC constraints or non-optimal design architecture
Related violations: <none>

TIMING-16#120 Warning
Large setup violation  
There is a large setup violation of -3.117 ns between mig_axi_interconnect/s02_ar_fifo/mem_reg_0_15_48_53/RAMB_D1/CLK (clocked by clk_out2_clk_pll_33) and mig_axi_interconnect/rd_addr_reg[0]/D (clocked by clk_pll_i). Large setup violations at the end of those stages might be difficult to fix during the post-placement implementation flow and could be the result of non-optimal XDC constraints or non-optimal design architecture
Related violations: <none>

TIMING-16#121 Warning
Large setup violation  
There is a large setup violation of -3.118 ns between mig_axi_interconnect/s00_ar_fifo/mem_reg_0_15_42_47/RAMA/CLK (clocked by clk_out2_clk_pll_33) and mig_axi_interconnect/rd_addr_reg[21]/D (clocked by clk_pll_i). Large setup violations at the end of those stages might be difficult to fix during the post-placement implementation flow and could be the result of non-optimal XDC constraints or non-optimal design architecture
Related violations: <none>

TIMING-16#122 Warning
Large setup violation  
There is a large setup violation of -3.119 ns between mig_axi_interconnect/s02_ar_fifo/mem_reg_0_15_36_41/RAMA_D1/CLK (clocked by clk_out2_clk_pll_33) and mig_axi_interconnect/rd_addr_reg[16]/D (clocked by clk_pll_i). Large setup violations at the end of those stages might be difficult to fix during the post-placement implementation flow and could be the result of non-optimal XDC constraints or non-optimal design architecture
Related violations: <none>

TIMING-16#123 Warning
Large setup violation  
There is a large setup violation of -3.121 ns between mig_axi_interconnect/s00_aw_fifo/mem_reg_0_15_24_29/RAMB_D1/CLK (clocked by clk_out2_clk_pll_33) and mig_axi_interconnect/wr_addr_reg[6]/D (clocked by clk_pll_i). Large setup violations at the end of those stages might be difficult to fix during the post-placement implementation flow and could be the result of non-optimal XDC constraints or non-optimal design architecture
Related violations: <none>

TIMING-16#124 Warning
Large setup violation  
There is a large setup violation of -3.124 ns between mig_axi_interconnect/s01_r_fifo/rd_gray_reg[1]/C (clocked by clk_out2_clk_pll_33) and mig_axi_interconnect/s01_r_fifo/rd_gray_w1_reg[1]/D (clocked by clk_pll_i). Large setup violations at the end of those stages might be difficult to fix during the post-placement implementation flow and could be the result of non-optimal XDC constraints or non-optimal design architecture
Related violations: <none>

TIMING-16#125 Warning
Large setup violation  
There is a large setup violation of -3.125 ns between mig_axi_interconnect/s00_ar_fifo/mem_reg_0_15_12_17/RAMA/CLK (clocked by clk_out2_clk_pll_33) and mig_axi_interconnect/rd_size_reg[2]/D (clocked by clk_pll_i). Large setup violations at the end of those stages might be difficult to fix during the post-placement implementation flow and could be the result of non-optimal XDC constraints or non-optimal design architecture
Related violations: <none>

TIMING-16#126 Warning
Large setup violation  
There is a large setup violation of -3.125 ns between mig_axi_interconnect/s02_aw_fifo/wr_gray_reg[0]/C (clocked by clk_out2_clk_pll_33) and mig_axi_interconnect/s02_aw_fifo/wr_gray_r1_reg[0]/D (clocked by clk_pll_i). Large setup violations at the end of those stages might be difficult to fix during the post-placement implementation flow and could be the result of non-optimal XDC constraints or non-optimal design architecture
Related violations: <none>

TIMING-16#127 Warning
Large setup violation  
There is a large setup violation of -3.131 ns between mig_axi_interconnect/s02_w_fifo/mem_reg_0_15_30_35/RAMA/CLK (clocked by clk_out2_clk_pll_33) and mig_axi_interconnect/wr64_data_reg[21]/D (clocked by clk_pll_i). Large setup violations at the end of those stages might be difficult to fix during the post-placement implementation flow and could be the result of non-optimal XDC constraints or non-optimal design architecture
Related violations: <none>

TIMING-16#128 Warning
Large setup violation  
There is a large setup violation of -3.141 ns between mig_axi_interconnect/s02_ar_fifo/mem_reg_0_15_48_53/RAMC_D1/CLK (clocked by clk_out2_clk_pll_33) and mig_axi_interconnect/rd_addr_reg[2]/D (clocked by clk_pll_i). Large setup violations at the end of those stages might be difficult to fix during the post-placement implementation flow and could be the result of non-optimal XDC constraints or non-optimal design architecture
Related violations: <none>

TIMING-16#129 Warning
Large setup violation  
There is a large setup violation of -3.141 ns between mig_axi_interconnect/s02_w_fifo/mem_reg_0_15_66_71/RAMB_D1/CLK (clocked by clk_out2_clk_pll_33) and mig_axi_interconnect/wr64_data_reg[60]/D (clocked by clk_pll_i). Large setup violations at the end of those stages might be difficult to fix during the post-placement implementation flow and could be the result of non-optimal XDC constraints or non-optimal design architecture
Related violations: <none>

TIMING-16#130 Warning
Large setup violation  
There is a large setup violation of -3.142 ns between mig_axi_interconnect/s02_b_fifo/rd_gray_reg[1]/C (clocked by clk_out2_clk_pll_33) and mig_axi_interconnect/s02_b_fifo/rd_gray_w1_reg[1]/D (clocked by clk_pll_i). Large setup violations at the end of those stages might be difficult to fix during the post-placement implementation flow and could be the result of non-optimal XDC constraints or non-optimal design architecture
Related violations: <none>

TIMING-16#131 Warning
Large setup violation  
There is a large setup violation of -3.142 ns between mig_axi_interconnect/s02_r_fifo/rd_gray_reg[3]/C (clocked by clk_out2_clk_pll_33) and mig_axi_interconnect/s02_r_fifo/rd_gray_w1_reg[3]/D (clocked by clk_pll_i). Large setup violations at the end of those stages might be difficult to fix during the post-placement implementation flow and could be the result of non-optimal XDC constraints or non-optimal design architecture
Related violations: <none>

TIMING-16#132 Warning
Large setup violation  
There is a large setup violation of -3.142 ns between mig_axi_interconnect/s02_w_fifo/mem_reg_0_15_48_53/RAMC/CLK (clocked by clk_out2_clk_pll_33) and mig_axi_interconnect/wr64_data_reg[43]/D (clocked by clk_pll_i). Large setup violations at the end of those stages might be difficult to fix during the post-placement implementation flow and could be the result of non-optimal XDC constraints or non-optimal design architecture
Related violations: <none>

TIMING-16#133 Warning
Large setup violation  
There is a large setup violation of -3.143 ns between mig_axi_interconnect/s01_aw_fifo/wr_bin_reg[4]/C (clocked by clk_out2_clk_pll_33) and mig_axi_interconnect/s01_aw_fifo/wr_gray_r1_reg[4]/D (clocked by clk_pll_i). Large setup violations at the end of those stages might be difficult to fix during the post-placement implementation flow and could be the result of non-optimal XDC constraints or non-optimal design architecture
Related violations: <none>

TIMING-16#134 Warning
Large setup violation  
There is a large setup violation of -3.143 ns between mig_axi_interconnect/s02_ar_fifo/mem_reg_0_15_24_29/RAMB_D1/CLK (clocked by clk_out2_clk_pll_33) and mig_axi_interconnect/rd_addr_reg[6]/D (clocked by clk_pll_i). Large setup violations at the end of those stages might be difficult to fix during the post-placement implementation flow and could be the result of non-optimal XDC constraints or non-optimal design architecture
Related violations: <none>

TIMING-16#135 Warning
Large setup violation  
There is a large setup violation of -3.146 ns between mig_axi_interconnect/s02_aw_fifo/mem_reg_0_15_48_53/RAMB/CLK (clocked by clk_out2_clk_pll_33) and mig_axi_interconnect/wr_len_reg[7]/D (clocked by clk_pll_i). Large setup violations at the end of those stages might be difficult to fix during the post-placement implementation flow and could be the result of non-optimal XDC constraints or non-optimal design architecture
Related violations: <none>

TIMING-16#136 Warning
Large setup violation  
There is a large setup violation of -3.149 ns between mig_axi_interconnect/s00_b_fifo/rd_bin_reg[4]/C (clocked by clk_out2_clk_pll_33) and mig_axi_interconnect/s00_b_fifo/rd_gray_w1_reg[4]/D (clocked by clk_pll_i). Large setup violations at the end of those stages might be difficult to fix during the post-placement implementation flow and could be the result of non-optimal XDC constraints or non-optimal design architecture
Related violations: <none>

TIMING-16#137 Warning
Large setup violation  
There is a large setup violation of -3.152 ns between mig_axi_interconnect/s02_aw_fifo/mem_reg_0_15_30_35/RAMA/CLK (clocked by clk_out2_clk_pll_33) and mig_axi_interconnect/wr_addr_reg[9]/D (clocked by clk_pll_i). Large setup violations at the end of those stages might be difficult to fix during the post-placement implementation flow and could be the result of non-optimal XDC constraints or non-optimal design architecture
Related violations: <none>

TIMING-16#138 Warning
Large setup violation  
There is a large setup violation of -3.157 ns between mig_axi_interconnect/s01_r_fifo/rd_gray_reg[3]/C (clocked by clk_out2_clk_pll_33) and mig_axi_interconnect/s01_r_fifo/rd_gray_w1_reg[3]/D (clocked by clk_pll_i). Large setup violations at the end of those stages might be difficult to fix during the post-placement implementation flow and could be the result of non-optimal XDC constraints or non-optimal design architecture
Related violations: <none>

TIMING-16#139 Warning
Large setup violation  
There is a large setup violation of -3.159 ns between mig_axi_interconnect/s02_w_fifo/mem_reg_0_15_24_29/RAMA_D1/CLK (clocked by clk_out2_clk_pll_33) and mig_axi_interconnect/wr64_data_reg[16]/D (clocked by clk_pll_i). Large setup violations at the end of those stages might be difficult to fix during the post-placement implementation flow and could be the result of non-optimal XDC constraints or non-optimal design architecture
Related violations: <none>

TIMING-16#140 Warning
Large setup violation  
There is a large setup violation of -3.161 ns between mig_axi_interconnect/s02_aw_fifo/mem_reg_0_15_30_35/RAMB_D1/CLK (clocked by clk_out2_clk_pll_33) and mig_axi_interconnect/wr_addr_reg[12]/D (clocked by clk_pll_i). Large setup violations at the end of those stages might be difficult to fix during the post-placement implementation flow and could be the result of non-optimal XDC constraints or non-optimal design architecture
Related violations: <none>

TIMING-16#141 Warning
Large setup violation  
There is a large setup violation of -3.164 ns between mig_axi_interconnect/s02_ar_fifo/mem_reg_0_15_12_17/RAMB_D1/CLK (clocked by clk_out2_clk_pll_33) and mig_axi_interconnect/rd_len_reg[2]/D (clocked by clk_pll_i). Large setup violations at the end of those stages might be difficult to fix during the post-placement implementation flow and could be the result of non-optimal XDC constraints or non-optimal design architecture
Related violations: <none>

TIMING-16#142 Warning
Large setup violation  
There is a large setup violation of -3.165 ns between mig_axi_interconnect/s00_b_fifo/rd_gray_reg[0]/C (clocked by clk_out2_clk_pll_33) and mig_axi_interconnect/s00_b_fifo/rd_gray_w1_reg[0]/D (clocked by clk_pll_i). Large setup violations at the end of those stages might be difficult to fix during the post-placement implementation flow and could be the result of non-optimal XDC constraints or non-optimal design architecture
Related violations: <none>

TIMING-16#143 Warning
Large setup violation  
There is a large setup violation of -3.165 ns between mig_axi_interconnect/s02_w_fifo/mem_reg_0_15_12_17/RAMA/CLK (clocked by clk_out2_clk_pll_33) and mig_axi_interconnect/wr64_data_reg[3]/D (clocked by clk_pll_i). Large setup violations at the end of those stages might be difficult to fix during the post-placement implementation flow and could be the result of non-optimal XDC constraints or non-optimal design architecture
Related violations: <none>

TIMING-16#144 Warning
Large setup violation  
There is a large setup violation of -3.168 ns between mig_axi_interconnect/s02_aw_fifo/mem_reg_0_15_54_54/RAMB/CLK (clocked by clk_out2_clk_pll_33) and mig_axi_interconnect/wr_burst_reg[0]/D (clocked by clk_pll_i). Large setup violations at the end of those stages might be difficult to fix during the post-placement implementation flow and could be the result of non-optimal XDC constraints or non-optimal design architecture
Related violations: <none>

TIMING-16#145 Warning
Large setup violation  
There is a large setup violation of -3.169 ns between mig_axi_interconnect/s02_aw_fifo/mem_reg_0_15_24_29/RAMB/CLK (clocked by clk_out2_clk_pll_33) and mig_axi_interconnect/wr_addr_reg[5]/D (clocked by clk_pll_i). Large setup violations at the end of those stages might be difficult to fix during the post-placement implementation flow and could be the result of non-optimal XDC constraints or non-optimal design architecture
Related violations: <none>

TIMING-16#146 Warning
Large setup violation  
There is a large setup violation of -3.170 ns between mig_axi_interconnect/s00_aw_fifo/mem_reg_0_15_12_17/RAMB/CLK (clocked by clk_out2_clk_pll_33) and mig_axi_interconnect/wr_len_reg[1]/D (clocked by clk_pll_i). Large setup violations at the end of those stages might be difficult to fix during the post-placement implementation flow and could be the result of non-optimal XDC constraints or non-optimal design architecture
Related violations: <none>

TIMING-16#147 Warning
Large setup violation  
There is a large setup violation of -3.170 ns between mig_axi_interconnect/s02_w_fifo/mem_reg_0_15_0_5/RAMC_D1/CLK (clocked by clk_out2_clk_pll_33) and mig_axi_interconnect/wr64_strb_reg[4]/D (clocked by clk_pll_i). Large setup violations at the end of those stages might be difficult to fix during the post-placement implementation flow and could be the result of non-optimal XDC constraints or non-optimal design architecture
Related violations: <none>

TIMING-16#148 Warning
Large setup violation  
There is a large setup violation of -3.173 ns between mig_axi_interconnect/s02_ar_fifo/mem_reg_0_15_54_54/RAMC_D1/CLK (clocked by clk_out2_clk_pll_33) and mig_axi_interconnect/rd_size_reg[1]/D (clocked by clk_pll_i). Large setup violations at the end of those stages might be difficult to fix during the post-placement implementation flow and could be the result of non-optimal XDC constraints or non-optimal design architecture
Related violations: <none>

TIMING-16#149 Warning
Large setup violation  
There is a large setup violation of -3.174 ns between mig_axi_interconnect/s00_aw_fifo/mem_reg_0_15_24_29/RAMC_D1/CLK (clocked by clk_out2_clk_pll_33) and mig_axi_interconnect/wr_addr_reg[8]/D (clocked by clk_pll_i). Large setup violations at the end of those stages might be difficult to fix during the post-placement implementation flow and could be the result of non-optimal XDC constraints or non-optimal design architecture
Related violations: <none>

TIMING-16#150 Warning
Large setup violation  
There is a large setup violation of -3.176 ns between mig_axi_interconnect/s02_w_fifo/mem_reg_0_15_18_23/RAMA/CLK (clocked by clk_out2_clk_pll_33) and mig_axi_interconnect/wr64_data_reg[9]/D (clocked by clk_pll_i). Large setup violations at the end of those stages might be difficult to fix during the post-placement implementation flow and could be the result of non-optimal XDC constraints or non-optimal design architecture
Related violations: <none>

TIMING-16#151 Warning
Large setup violation  
There is a large setup violation of -3.178 ns between mig_axi_interconnect/s00_ar_fifo/wr_gray_reg[1]/C (clocked by clk_out2_clk_pll_33) and mig_axi_interconnect/s00_ar_fifo/wr_gray_r1_reg[1]/D (clocked by clk_pll_i). Large setup violations at the end of those stages might be difficult to fix during the post-placement implementation flow and could be the result of non-optimal XDC constraints or non-optimal design architecture
Related violations: <none>

TIMING-16#152 Warning
Large setup violation  
There is a large setup violation of -3.180 ns between mig_axi_interconnect/s00_aw_fifo/mem_reg_0_15_30_35/RAMC_D1/CLK (clocked by clk_out2_clk_pll_33) and mig_axi_interconnect/wr_addr_reg[14]/D (clocked by clk_pll_i). Large setup violations at the end of those stages might be difficult to fix during the post-placement implementation flow and could be the result of non-optimal XDC constraints or non-optimal design architecture
Related violations: <none>

TIMING-16#153 Warning
Large setup violation  
There is a large setup violation of -3.183 ns between mig_axi_interconnect/s00_ar_fifo/mem_reg_0_15_24_29/RAMC_D1/CLK (clocked by clk_out2_clk_pll_33) and mig_axi_interconnect/rd_addr_reg[8]/D (clocked by clk_pll_i). Large setup violations at the end of those stages might be difficult to fix during the post-placement implementation flow and could be the result of non-optimal XDC constraints or non-optimal design architecture
Related violations: <none>

TIMING-16#154 Warning
Large setup violation  
There is a large setup violation of -3.184 ns between mig_axi_interconnect/s02_w_fifo/mem_reg_0_15_6_11/RAMC_D1/CLK (clocked by clk_out2_clk_pll_33) and mig_axi_interconnect/wr64_data_reg[2]/D (clocked by clk_pll_i). Large setup violations at the end of those stages might be difficult to fix during the post-placement implementation flow and could be the result of non-optimal XDC constraints or non-optimal design architecture
Related violations: <none>

TIMING-16#155 Warning
Large setup violation  
There is a large setup violation of -3.189 ns between mig_axi_interconnect/s02_w_fifo/mem_reg_0_15_30_35/RAMB_D1/CLK (clocked by clk_out2_clk_pll_33) and mig_axi_interconnect/wr64_data_reg[24]/D (clocked by clk_pll_i). Large setup violations at the end of those stages might be difficult to fix during the post-placement implementation flow and could be the result of non-optimal XDC constraints or non-optimal design architecture
Related violations: <none>

TIMING-16#156 Warning
Large setup violation  
There is a large setup violation of -3.191 ns between mig_axi_interconnect/s01_aw_fifo/mem_reg_0_15_42_47/RAMC/CLK (clocked by clk_out2_clk_pll_33) and mig_axi_interconnect/wr_addr_reg[25]/D (clocked by clk_pll_i). Large setup violations at the end of those stages might be difficult to fix during the post-placement implementation flow and could be the result of non-optimal XDC constraints or non-optimal design architecture
Related violations: <none>

TIMING-16#157 Warning
Large setup violation  
There is a large setup violation of -3.191 ns between mig_axi_interconnect/s02_w_fifo/mem_reg_0_15_18_23/RAMC_D1/CLK (clocked by clk_out2_clk_pll_33) and mig_axi_interconnect/wr64_data_reg[14]/D (clocked by clk_pll_i). Large setup violations at the end of those stages might be difficult to fix during the post-placement implementation flow and could be the result of non-optimal XDC constraints or non-optimal design architecture
Related violations: <none>

TIMING-16#158 Warning
Large setup violation  
There is a large setup violation of -3.194 ns between mig_axi_interconnect/s01_aw_fifo/mem_reg_0_15_36_41/RAMC_D1/CLK (clocked by clk_out2_clk_pll_33) and mig_axi_interconnect/wr_addr_reg[20]/D (clocked by clk_pll_i). Large setup violations at the end of those stages might be difficult to fix during the post-placement implementation flow and could be the result of non-optimal XDC constraints or non-optimal design architecture
Related violations: <none>

TIMING-16#159 Warning
Large setup violation  
There is a large setup violation of -3.194 ns between mig_axi_interconnect/s02_aw_fifo/mem_reg_0_15_48_53/RAMC/CLK (clocked by clk_out2_clk_pll_33) and mig_axi_interconnect/wr_addr_reg[1]/D (clocked by clk_pll_i). Large setup violations at the end of those stages might be difficult to fix during the post-placement implementation flow and could be the result of non-optimal XDC constraints or non-optimal design architecture
Related violations: <none>

TIMING-16#160 Warning
Large setup violation  
There is a large setup violation of -3.200 ns between mig_axi_interconnect/s02_w_fifo/mem_reg_0_15_24_29/RAMC_D1/CLK (clocked by clk_out2_clk_pll_33) and mig_axi_interconnect/wr64_data_reg[20]/D (clocked by clk_pll_i). Large setup violations at the end of those stages might be difficult to fix during the post-placement implementation flow and could be the result of non-optimal XDC constraints or non-optimal design architecture
Related violations: <none>

TIMING-16#161 Warning
Large setup violation  
There is a large setup violation of -3.204 ns between mig_axi_interconnect/s00_aw_fifo/mem_reg_0_15_12_17/RAMB_D1/CLK (clocked by clk_out2_clk_pll_33) and mig_axi_interconnect/wr_len_reg[2]/D (clocked by clk_pll_i). Large setup violations at the end of those stages might be difficult to fix during the post-placement implementation flow and could be the result of non-optimal XDC constraints or non-optimal design architecture
Related violations: <none>

TIMING-16#162 Warning
Large setup violation  
There is a large setup violation of -3.206 ns between mig_axi_interconnect/s00_b_fifo/rd_gray_reg[1]/C (clocked by clk_out2_clk_pll_33) and mig_axi_interconnect/s00_b_fifo/rd_gray_w1_reg[1]/D (clocked by clk_pll_i). Large setup violations at the end of those stages might be difficult to fix during the post-placement implementation flow and could be the result of non-optimal XDC constraints or non-optimal design architecture
Related violations: <none>

TIMING-16#163 Warning
Large setup violation  
There is a large setup violation of -3.216 ns between mig_axi_interconnect/s00_ar_fifo/mem_reg_0_15_12_17/RAMC_D1/CLK (clocked by clk_out2_clk_pll_33) and mig_axi_interconnect/rd_len_reg[4]/D (clocked by clk_pll_i). Large setup violations at the end of those stages might be difficult to fix during the post-placement implementation flow and could be the result of non-optimal XDC constraints or non-optimal design architecture
Related violations: <none>

TIMING-16#164 Warning
Large setup violation  
There is a large setup violation of -3.218 ns between mig_axi_interconnect/s00_aw_fifo/mem_reg_0_15_48_53/RAMB_D1/CLK (clocked by clk_out2_clk_pll_33) and mig_axi_interconnect/wr_addr_reg[0]/D (clocked by clk_pll_i). Large setup violations at the end of those stages might be difficult to fix during the post-placement implementation flow and could be the result of non-optimal XDC constraints or non-optimal design architecture
Related violations: <none>

TIMING-16#165 Warning
Large setup violation  
There is a large setup violation of -3.220 ns between mig_axi_interconnect/s02_ar_fifo/mem_reg_0_15_30_35/RAMA/CLK (clocked by clk_out2_clk_pll_33) and mig_axi_interconnect/rd_addr_reg[9]/D (clocked by clk_pll_i). Large setup violations at the end of those stages might be difficult to fix during the post-placement implementation flow and could be the result of non-optimal XDC constraints or non-optimal design architecture
Related violations: <none>

TIMING-16#166 Warning
Large setup violation  
There is a large setup violation of -3.223 ns between mig_axi_interconnect/s01_ar_fifo/mem_reg_0_15_36_41/RAMA/CLK (clocked by clk_out2_clk_pll_33) and mig_axi_interconnect/rd_addr_reg[15]/D (clocked by clk_pll_i). Large setup violations at the end of those stages might be difficult to fix during the post-placement implementation flow and could be the result of non-optimal XDC constraints or non-optimal design architecture
Related violations: <none>

TIMING-16#167 Warning
Large setup violation  
There is a large setup violation of -3.224 ns between mig_axi_interconnect/s00_ar_fifo/mem_reg_0_15_36_41/RAMB_D1/CLK (clocked by clk_out2_clk_pll_33) and mig_axi_interconnect/rd_addr_reg[18]/D (clocked by clk_pll_i). Large setup violations at the end of those stages might be difficult to fix during the post-placement implementation flow and could be the result of non-optimal XDC constraints or non-optimal design architecture
Related violations: <none>

TIMING-16#168 Warning
Large setup violation  
There is a large setup violation of -3.232 ns between mig_axi_interconnect/s02_w_fifo/mem_reg_0_15_6_11/RAMB_D1/CLK (clocked by clk_out2_clk_pll_33) and mig_axi_interconnect/wr64_data_reg[0]/D (clocked by clk_pll_i). Large setup violations at the end of those stages might be difficult to fix during the post-placement implementation flow and could be the result of non-optimal XDC constraints or non-optimal design architecture
Related violations: <none>

TIMING-16#169 Warning
Large setup violation  
There is a large setup violation of -3.236 ns between mig_axi_interconnect/s02_w_fifo/mem_reg_0_15_36_41/RAMC_D1/CLK (clocked by clk_out2_clk_pll_33) and mig_axi_interconnect/wr64_data_reg[32]/D (clocked by clk_pll_i). Large setup violations at the end of those stages might be difficult to fix during the post-placement implementation flow and could be the result of non-optimal XDC constraints or non-optimal design architecture
Related violations: <none>

TIMING-16#170 Warning
Large setup violation  
There is a large setup violation of -3.241 ns between mig_axi_interconnect/s02_aw_fifo/mem_reg_0_15_54_54/RAMB_D1/CLK (clocked by clk_out2_clk_pll_33) and mig_axi_interconnect/wr_burst_reg[1]/D (clocked by clk_pll_i). Large setup violations at the end of those stages might be difficult to fix during the post-placement implementation flow and could be the result of non-optimal XDC constraints or non-optimal design architecture
Related violations: <none>

TIMING-16#171 Warning
Large setup violation  
There is a large setup violation of -3.241 ns between mig_axi_interconnect/s02_w_fifo/mem_reg_0_15_42_47/RAMC_D1/CLK (clocked by clk_out2_clk_pll_33) and mig_axi_interconnect/wr64_data_reg[38]/D (clocked by clk_pll_i). Large setup violations at the end of those stages might be difficult to fix during the post-placement implementation flow and could be the result of non-optimal XDC constraints or non-optimal design architecture
Related violations: <none>

TIMING-16#172 Warning
Large setup violation  
There is a large setup violation of -3.242 ns between mig_axi_interconnect/s00_ar_fifo/mem_reg_0_15_24_29/RAMC/CLK (clocked by clk_out2_clk_pll_33) and mig_axi_interconnect/rd_addr_reg[7]/D (clocked by clk_pll_i). Large setup violations at the end of those stages might be difficult to fix during the post-placement implementation flow and could be the result of non-optimal XDC constraints or non-optimal design architecture
Related violations: <none>

TIMING-16#173 Warning
Large setup violation  
There is a large setup violation of -3.254 ns between mig_axi_interconnect/s00_ar_fifo/mem_reg_0_15_12_17/RAMB/CLK (clocked by clk_out2_clk_pll_33) and mig_axi_interconnect/rd_len_reg[1]/D (clocked by clk_pll_i). Large setup violations at the end of those stages might be difficult to fix during the post-placement implementation flow and could be the result of non-optimal XDC constraints or non-optimal design architecture
Related violations: <none>

TIMING-16#174 Warning
Large setup violation  
There is a large setup violation of -3.254 ns between mig_axi_interconnect/s02_w_fifo/mem_reg_0_15_18_23/RAMB_D1/CLK (clocked by clk_out2_clk_pll_33) and mig_axi_interconnect/wr64_data_reg[12]/D (clocked by clk_pll_i). Large setup violations at the end of those stages might be difficult to fix during the post-placement implementation flow and could be the result of non-optimal XDC constraints or non-optimal design architecture
Related violations: <none>

TIMING-16#175 Warning
Large setup violation  
There is a large setup violation of -3.257 ns between mig_axi_interconnect/s02_w_fifo/mem_reg_0_15_60_65/RAMC_D1/CLK (clocked by clk_out2_clk_pll_33) and mig_axi_interconnect/wr64_data_reg[56]/D (clocked by clk_pll_i). Large setup violations at the end of those stages might be difficult to fix during the post-placement implementation flow and could be the result of non-optimal XDC constraints or non-optimal design architecture
Related violations: <none>

TIMING-16#176 Warning
Large setup violation  
There is a large setup violation of -3.259 ns between mig_axi_interconnect/s02_aw_fifo/mem_reg_0_15_30_35/RAMC/CLK (clocked by clk_out2_clk_pll_33) and mig_axi_interconnect/wr_addr_reg[13]/D (clocked by clk_pll_i). Large setup violations at the end of those stages might be difficult to fix during the post-placement implementation flow and could be the result of non-optimal XDC constraints or non-optimal design architecture
Related violations: <none>

TIMING-16#177 Warning
Large setup violation  
There is a large setup violation of -3.263 ns between mig_axi_interconnect/s00_ar_fifo/mem_reg_0_15_54_54/DP/CLK (clocked by clk_out2_clk_pll_33) and mig_axi_interconnect/rd_id_reg[1]/D (clocked by clk_pll_i). Large setup violations at the end of those stages might be difficult to fix during the post-placement implementation flow and could be the result of non-optimal XDC constraints or non-optimal design architecture
Related violations: <none>

TIMING-16#178 Warning
Large setup violation  
There is a large setup violation of -3.267 ns between mig_axi_interconnect/s01_aw_fifo/mem_reg_0_15_36_41/RAMB_D1/CLK (clocked by clk_out2_clk_pll_33) and mig_axi_interconnect/wr_addr_reg[18]/D (clocked by clk_pll_i). Large setup violations at the end of those stages might be difficult to fix during the post-placement implementation flow and could be the result of non-optimal XDC constraints or non-optimal design architecture
Related violations: <none>

TIMING-16#179 Warning
Large setup violation  
There is a large setup violation of -3.267 ns between mig_axi_interconnect/s02_w_fifo/mem_reg_0_15_18_23/RAMC/CLK (clocked by clk_out2_clk_pll_33) and mig_axi_interconnect/wr64_data_reg[13]/D (clocked by clk_pll_i). Large setup violations at the end of those stages might be difficult to fix during the post-placement implementation flow and could be the result of non-optimal XDC constraints or non-optimal design architecture
Related violations: <none>

TIMING-16#180 Warning
Large setup violation  
There is a large setup violation of -3.267 ns between mig_axi_interconnect/s02_w_fifo/mem_reg_0_15_60_65/RAMB_D1/CLK (clocked by clk_out2_clk_pll_33) and mig_axi_interconnect/wr64_data_reg[54]/D (clocked by clk_pll_i). Large setup violations at the end of those stages might be difficult to fix during the post-placement implementation flow and could be the result of non-optimal XDC constraints or non-optimal design architecture
Related violations: <none>

TIMING-16#181 Warning
Large setup violation  
There is a large setup violation of -3.268 ns between mig_axi_interconnect/s00_ar_fifo/mem_reg_0_15_42_47/RAMC_D1/CLK (clocked by clk_out2_clk_pll_33) and mig_axi_interconnect/rd_addr_reg[26]/D (clocked by clk_pll_i). Large setup violations at the end of those stages might be difficult to fix during the post-placement implementation flow and could be the result of non-optimal XDC constraints or non-optimal design architecture
Related violations: <none>

TIMING-16#182 Warning
Large setup violation  
There is a large setup violation of -3.269 ns between mig_axi_interconnect/s02_ar_fifo/mem_reg_0_15_54_54/RAMC/CLK (clocked by clk_out2_clk_pll_33) and mig_axi_interconnect/rd_size_reg[0]/D (clocked by clk_pll_i). Large setup violations at the end of those stages might be difficult to fix during the post-placement implementation flow and could be the result of non-optimal XDC constraints or non-optimal design architecture
Related violations: <none>

TIMING-16#183 Warning
Large setup violation  
There is a large setup violation of -3.272 ns between mig_axi_interconnect/s02_w_fifo/mem_reg_0_15_6_11/RAMC/CLK (clocked by clk_out2_clk_pll_33) and mig_axi_interconnect/wr64_data_reg[1]/D (clocked by clk_pll_i). Large setup violations at the end of those stages might be difficult to fix during the post-placement implementation flow and could be the result of non-optimal XDC constraints or non-optimal design architecture
Related violations: <none>

TIMING-16#184 Warning
Large setup violation  
There is a large setup violation of -3.275 ns between mig_axi_interconnect/s02_ar_fifo/mem_reg_0_15_30_35/RAMB/CLK (clocked by clk_out2_clk_pll_33) and mig_axi_interconnect/rd_addr_reg[11]/D (clocked by clk_pll_i). Large setup violations at the end of those stages might be difficult to fix during the post-placement implementation flow and could be the result of non-optimal XDC constraints or non-optimal design architecture
Related violations: <none>

TIMING-16#185 Warning
Large setup violation  
There is a large setup violation of -3.277 ns between mig_axi_interconnect/s02_w_fifo/mem_reg_0_15_60_65/RAMB/CLK (clocked by clk_out2_clk_pll_33) and mig_axi_interconnect/wr64_data_reg[53]/D (clocked by clk_pll_i). Large setup violations at the end of those stages might be difficult to fix during the post-placement implementation flow and could be the result of non-optimal XDC constraints or non-optimal design architecture
Related violations: <none>

TIMING-16#186 Warning
Large setup violation  
There is a large setup violation of -3.277 ns between mig_axi_interconnect/s02_w_fifo/mem_reg_0_15_60_65/RAMC/CLK (clocked by clk_out2_clk_pll_33) and mig_axi_interconnect/wr64_data_reg[55]/D (clocked by clk_pll_i). Large setup violations at the end of those stages might be difficult to fix during the post-placement implementation flow and could be the result of non-optimal XDC constraints or non-optimal design architecture
Related violations: <none>

TIMING-16#187 Warning
Large setup violation  
There is a large setup violation of -3.277 ns between mig_axi_interconnect/s02_w_fifo/mem_reg_0_15_66_71/RAMC/CLK (clocked by clk_out2_clk_pll_33) and mig_axi_interconnect/wr64_data_reg[61]/D (clocked by clk_pll_i). Large setup violations at the end of those stages might be difficult to fix during the post-placement implementation flow and could be the result of non-optimal XDC constraints or non-optimal design architecture
Related violations: <none>

TIMING-16#188 Warning
Large setup violation  
There is a large setup violation of -3.278 ns between mig_axi_interconnect/s00_ar_fifo/mem_reg_0_15_42_47/RAMB_D1/CLK (clocked by clk_out2_clk_pll_33) and mig_axi_interconnect/rd_addr_reg[24]/D (clocked by clk_pll_i). Large setup violations at the end of those stages might be difficult to fix during the post-placement implementation flow and could be the result of non-optimal XDC constraints or non-optimal design architecture
Related violations: <none>

TIMING-16#189 Warning
Large setup violation  
There is a large setup violation of -3.278 ns between mig_axi_interconnect/s02_ar_fifo/mem_reg_0_15_42_47/RAMC/CLK (clocked by clk_out2_clk_pll_33) and mig_axi_interconnect/rd_addr_reg[25]/D (clocked by clk_pll_i). Large setup violations at the end of those stages might be difficult to fix during the post-placement implementation flow and could be the result of non-optimal XDC constraints or non-optimal design architecture
Related violations: <none>

TIMING-16#190 Warning
Large setup violation  
There is a large setup violation of -3.284 ns between mig_axi_interconnect/s02_aw_fifo/mem_reg_0_15_42_47/RAMB/CLK (clocked by clk_out2_clk_pll_33) and mig_axi_interconnect/wr_addr_reg[23]/D (clocked by clk_pll_i). Large setup violations at the end of those stages might be difficult to fix during the post-placement implementation flow and could be the result of non-optimal XDC constraints or non-optimal design architecture
Related violations: <none>

TIMING-16#191 Warning
Large setup violation  
There is a large setup violation of -3.288 ns between mig_axi_interconnect/s02_w_fifo/mem_reg_0_15_30_35/RAMC/CLK (clocked by clk_out2_clk_pll_33) and mig_axi_interconnect/wr64_data_reg[25]/D (clocked by clk_pll_i). Large setup violations at the end of those stages might be difficult to fix during the post-placement implementation flow and could be the result of non-optimal XDC constraints or non-optimal design architecture
Related violations: <none>

TIMING-16#192 Warning
Large setup violation  
There is a large setup violation of -3.289 ns between mig_axi_interconnect/s02_w_fifo/mem_reg_0_15_54_59/RAMB/CLK (clocked by clk_out2_clk_pll_33) and mig_axi_interconnect/wr64_data_reg[47]/D (clocked by clk_pll_i). Large setup violations at the end of those stages might be difficult to fix during the post-placement implementation flow and could be the result of non-optimal XDC constraints or non-optimal design architecture
Related violations: <none>

TIMING-16#193 Warning
Large setup violation  
There is a large setup violation of -3.290 ns between mig_axi_interconnect/s02_w_fifo/mem_reg_0_15_0_5/RAMB/CLK (clocked by clk_out2_clk_pll_33) and mig_axi_interconnect/wr64_strb_reg[1]/D (clocked by clk_pll_i). Large setup violations at the end of those stages might be difficult to fix during the post-placement implementation flow and could be the result of non-optimal XDC constraints or non-optimal design architecture
Related violations: <none>

TIMING-16#194 Warning
Large setup violation  
There is a large setup violation of -3.291 ns between mig_axi_interconnect/s02_ar_fifo/mem_reg_0_15_36_41/RAMB/CLK (clocked by clk_out2_clk_pll_33) and mig_axi_interconnect/rd_addr_reg[17]/D (clocked by clk_pll_i). Large setup violations at the end of those stages might be difficult to fix during the post-placement implementation flow and could be the result of non-optimal XDC constraints or non-optimal design architecture
Related violations: <none>

TIMING-16#195 Warning
Large setup violation  
There is a large setup violation of -3.292 ns between mig_axi_interconnect/s02_ar_fifo/mem_reg_0_15_12_17/RAMC/CLK (clocked by clk_out2_clk_pll_33) and mig_axi_interconnect/rd_len_reg[3]/D (clocked by clk_pll_i). Large setup violations at the end of those stages might be difficult to fix during the post-placement implementation flow and could be the result of non-optimal XDC constraints or non-optimal design architecture
Related violations: <none>

TIMING-16#196 Warning
Large setup violation  
There is a large setup violation of -3.301 ns between mig_axi_interconnect/s02_w_fifo/mem_reg_0_15_48_53/RAMB_D1/CLK (clocked by clk_out2_clk_pll_33) and mig_axi_interconnect/wr64_data_reg[42]/D (clocked by clk_pll_i). Large setup violations at the end of those stages might be difficult to fix during the post-placement implementation flow and could be the result of non-optimal XDC constraints or non-optimal design architecture
Related violations: <none>

TIMING-16#197 Warning
Large setup violation  
There is a large setup violation of -3.302 ns between mig_axi_interconnect/s02_ar_fifo/mem_reg_0_15_54_54/RAMB_D1/CLK (clocked by clk_out2_clk_pll_33) and mig_axi_interconnect/rd_burst_reg[1]/D (clocked by clk_pll_i). Large setup violations at the end of those stages might be difficult to fix during the post-placement implementation flow and could be the result of non-optimal XDC constraints or non-optimal design architecture
Related violations: <none>

TIMING-16#198 Warning
Large setup violation  
There is a large setup violation of -3.303 ns between mig_axi_interconnect/s02_w_fifo/mem_reg_0_15_30_35/RAMC_D1/CLK (clocked by clk_out2_clk_pll_33) and mig_axi_interconnect/wr64_data_reg[26]/D (clocked by clk_pll_i). Large setup violations at the end of those stages might be difficult to fix during the post-placement implementation flow and could be the result of non-optimal XDC constraints or non-optimal design architecture
Related violations: <none>

TIMING-16#199 Warning
Large setup violation  
There is a large setup violation of -3.304 ns between mig_axi_interconnect/s02_aw_fifo/mem_reg_0_15_36_41/RAMC/CLK (clocked by clk_out2_clk_pll_33) and mig_axi_interconnect/wr_addr_reg[19]/D (clocked by clk_pll_i). Large setup violations at the end of those stages might be difficult to fix during the post-placement implementation flow and could be the result of non-optimal XDC constraints or non-optimal design architecture
Related violations: <none>

TIMING-16#200 Warning
Large setup violation  
There is a large setup violation of -3.304 ns between mig_axi_interconnect/s02_w_fifo/mem_reg_0_15_36_41/RAMB/CLK (clocked by clk_out2_clk_pll_33) and mig_axi_interconnect/wr64_data_reg[29]/D (clocked by clk_pll_i). Large setup violations at the end of those stages might be difficult to fix during the post-placement implementation flow and could be the result of non-optimal XDC constraints or non-optimal design architecture
Related violations: <none>

TIMING-16#201 Warning
Large setup violation  
There is a large setup violation of -3.305 ns between mig_axi_interconnect/s00_ar_fifo/mem_reg_0_15_30_35/RAMB_D1/CLK (clocked by clk_out2_clk_pll_33) and mig_axi_interconnect/rd_addr_reg[12]/D (clocked by clk_pll_i). Large setup violations at the end of those stages might be difficult to fix during the post-placement implementation flow and could be the result of non-optimal XDC constraints or non-optimal design architecture
Related violations: <none>

TIMING-16#202 Warning
Large setup violation  
There is a large setup violation of -3.312 ns between mig_axi_interconnect/s00_ar_fifo/mem_reg_0_15_36_41/RAMC_D1/CLK (clocked by clk_out2_clk_pll_33) and mig_axi_interconnect/rd_addr_reg[20]/D (clocked by clk_pll_i). Large setup violations at the end of those stages might be difficult to fix during the post-placement implementation flow and could be the result of non-optimal XDC constraints or non-optimal design architecture
Related violations: <none>

TIMING-16#203 Warning
Large setup violation  
There is a large setup violation of -3.312 ns between mig_axi_interconnect/s02_ar_fifo/mem_reg_0_15_48_53/RAMB/CLK (clocked by clk_out2_clk_pll_33) and mig_axi_interconnect/rd_len_reg[7]/D (clocked by clk_pll_i). Large setup violations at the end of those stages might be difficult to fix during the post-placement implementation flow and could be the result of non-optimal XDC constraints or non-optimal design architecture
Related violations: <none>

TIMING-16#204 Warning
Large setup violation  
There is a large setup violation of -3.312 ns between mig_axi_interconnect/s02_w_fifo/mem_reg_0_15_12_17/RAMB/CLK (clocked by clk_out2_clk_pll_33) and mig_axi_interconnect/wr64_data_reg[5]/D (clocked by clk_pll_i). Large setup violations at the end of those stages might be difficult to fix during the post-placement implementation flow and could be the result of non-optimal XDC constraints or non-optimal design architecture
Related violations: <none>

TIMING-16#205 Warning
Large setup violation  
There is a large setup violation of -3.313 ns between mig_axi_interconnect/s00_aw_fifo/mem_reg_0_15_12_17/RAMC/CLK (clocked by clk_out2_clk_pll_33) and mig_axi_interconnect/wr_len_reg[3]/D (clocked by clk_pll_i). Large setup violations at the end of those stages might be difficult to fix during the post-placement implementation flow and could be the result of non-optimal XDC constraints or non-optimal design architecture
Related violations: <none>

TIMING-16#206 Warning
Large setup violation  
There is a large setup violation of -3.314 ns between mig_axi_interconnect/s01_aw_fifo/mem_reg_0_15_24_29/RAMC/CLK (clocked by clk_out2_clk_pll_33) and mig_axi_interconnect/wr_addr_reg[7]/D (clocked by clk_pll_i). Large setup violations at the end of those stages might be difficult to fix during the post-placement implementation flow and could be the result of non-optimal XDC constraints or non-optimal design architecture
Related violations: <none>

TIMING-16#207 Warning
Large setup violation  
There is a large setup violation of -3.315 ns between mig_axi_interconnect/s00_w_fifo/mem_reg_0_15_0_5/RAMA/CLK (clocked by clk_out2_clk_pll_33) and mig_axi/u_mig_axi_32_mig/u_memc_ui_top_axi/u_axi_mc/USE_UPSIZER.upsizer_d2/USE_WRITE.write_data_inst/USE_RTL_CURR_WORD.first_word_q_reg/D (clocked by clk_pll_i). Large setup violations at the end of those stages might be difficult to fix during the post-placement implementation flow and could be the result of non-optimal XDC constraints or non-optimal design architecture
Related violations: <none>

TIMING-16#208 Warning
Large setup violation  
There is a large setup violation of -3.321 ns between mig_axi_interconnect/s02_w_fifo/mem_reg_0_15_66_71/RAMC_D1/CLK (clocked by clk_out2_clk_pll_33) and mig_axi_interconnect/wr64_data_reg[62]/D (clocked by clk_pll_i). Large setup violations at the end of those stages might be difficult to fix during the post-placement implementation flow and could be the result of non-optimal XDC constraints or non-optimal design architecture
Related violations: <none>

TIMING-16#209 Warning
Large setup violation  
There is a large setup violation of -3.326 ns between mig_axi_interconnect/s02_w_fifo/mem_reg_0_15_42_47/RAMB/CLK (clocked by clk_out2_clk_pll_33) and mig_axi_interconnect/wr64_data_reg[35]/D (clocked by clk_pll_i). Large setup violations at the end of those stages might be difficult to fix during the post-placement implementation flow and could be the result of non-optimal XDC constraints or non-optimal design architecture
Related violations: <none>

TIMING-16#210 Warning
Large setup violation  
There is a large setup violation of -3.330 ns between mig_axi_interconnect/s02_w_fifo/mem_reg_0_15_24_29/RAMB/CLK (clocked by clk_out2_clk_pll_33) and mig_axi_interconnect/wr64_data_reg[17]/D (clocked by clk_pll_i). Large setup violations at the end of those stages might be difficult to fix during the post-placement implementation flow and could be the result of non-optimal XDC constraints or non-optimal design architecture
Related violations: <none>

TIMING-16#211 Warning
Large setup violation  
There is a large setup violation of -3.331 ns between mig_axi_interconnect/s01_ar_fifo/mem_reg_0_15_18_23/RAMB/CLK (clocked by clk_out2_clk_pll_33) and mig_axi_interconnect/rd_addr_reg[1]/D (clocked by clk_pll_i). Large setup violations at the end of those stages might be difficult to fix during the post-placement implementation flow and could be the result of non-optimal XDC constraints or non-optimal design architecture
Related violations: <none>

TIMING-16#212 Warning
Large setup violation  
There is a large setup violation of -3.331 ns between mig_axi_interconnect/s02_aw_fifo/mem_reg_0_15_36_41/RAMB/CLK (clocked by clk_out2_clk_pll_33) and mig_axi_interconnect/wr_addr_reg[17]/D (clocked by clk_pll_i). Large setup violations at the end of those stages might be difficult to fix during the post-placement implementation flow and could be the result of non-optimal XDC constraints or non-optimal design architecture
Related violations: <none>

TIMING-16#213 Warning
Large setup violation  
There is a large setup violation of -3.334 ns between mig_axi_interconnect/s00_ar_fifo/mem_reg_0_15_30_35/RAMC_D1/CLK (clocked by clk_out2_clk_pll_33) and mig_axi_interconnect/rd_addr_reg[14]/D (clocked by clk_pll_i). Large setup violations at the end of those stages might be difficult to fix during the post-placement implementation flow and could be the result of non-optimal XDC constraints or non-optimal design architecture
Related violations: <none>

TIMING-16#214 Warning
Large setup violation  
There is a large setup violation of -3.336 ns between mig_axi_interconnect/s00_ar_fifo/mem_reg_0_15_24_29/RAMB/CLK (clocked by clk_out2_clk_pll_33) and mig_axi_interconnect/rd_addr_reg[5]/D (clocked by clk_pll_i). Large setup violations at the end of those stages might be difficult to fix during the post-placement implementation flow and could be the result of non-optimal XDC constraints or non-optimal design architecture
Related violations: <none>

TIMING-16#215 Warning
Large setup violation  
There is a large setup violation of -3.337 ns between mig_axi_interconnect/s01_aw_fifo/mem_reg_0_15_18_23/RAMB_D1/CLK (clocked by clk_out2_clk_pll_33) and mig_axi_interconnect/wr_addr_reg[2]/D (clocked by clk_pll_i). Large setup violations at the end of those stages might be difficult to fix during the post-placement implementation flow and could be the result of non-optimal XDC constraints or non-optimal design architecture
Related violations: <none>

TIMING-16#216 Warning
Large setup violation  
There is a large setup violation of -3.341 ns between mig_axi_interconnect/s02_w_fifo/mem_reg_0_15_54_59/RAMB_D1/CLK (clocked by clk_out2_clk_pll_33) and mig_axi_interconnect/wr64_data_reg[48]/D (clocked by clk_pll_i). Large setup violations at the end of those stages might be difficult to fix during the post-placement implementation flow and could be the result of non-optimal XDC constraints or non-optimal design architecture
Related violations: <none>

TIMING-16#217 Warning
Large setup violation  
There is a large setup violation of -3.345 ns between mig_axi_interconnect/s02_ar_fifo/mem_reg_0_15_42_47/RAMB/CLK (clocked by clk_out2_clk_pll_33) and mig_axi_interconnect/rd_addr_reg[23]/D (clocked by clk_pll_i). Large setup violations at the end of those stages might be difficult to fix during the post-placement implementation flow and could be the result of non-optimal XDC constraints or non-optimal design architecture
Related violations: <none>

TIMING-16#218 Warning
Large setup violation  
There is a large setup violation of -3.347 ns between mig_axi_interconnect/s02_w_fifo/mem_reg_0_15_48_53/RAMB/CLK (clocked by clk_out2_clk_pll_33) and mig_axi_interconnect/wr64_data_reg[41]/D (clocked by clk_pll_i). Large setup violations at the end of those stages might be difficult to fix during the post-placement implementation flow and could be the result of non-optimal XDC constraints or non-optimal design architecture
Related violations: <none>

TIMING-16#219 Warning
Large setup violation  
There is a large setup violation of -3.348 ns between mig_axi_interconnect/s00_aw_fifo/mem_reg_0_15_42_47/RAMB_D1/CLK (clocked by clk_out2_clk_pll_33) and mig_axi_interconnect/wr_addr_reg[24]/D (clocked by clk_pll_i). Large setup violations at the end of those stages might be difficult to fix during the post-placement implementation flow and could be the result of non-optimal XDC constraints or non-optimal design architecture
Related violations: <none>

TIMING-16#220 Warning
Large setup violation  
There is a large setup violation of -3.354 ns between mig_axi_interconnect/s02_aw_fifo/mem_reg_0_15_54_54/RAMC/CLK (clocked by clk_out2_clk_pll_33) and mig_axi_interconnect/wr_size_reg[0]/D (clocked by clk_pll_i). Large setup violations at the end of those stages might be difficult to fix during the post-placement implementation flow and could be the result of non-optimal XDC constraints or non-optimal design architecture
Related violations: <none>

TIMING-16#221 Warning
Large setup violation  
There is a large setup violation of -3.354 ns between mig_axi_interconnect/s02_w_fifo/mem_reg_0_15_24_29/RAMC/CLK (clocked by clk_out2_clk_pll_33) and mig_axi_interconnect/wr64_data_reg[19]/D (clocked by clk_pll_i). Large setup violations at the end of those stages might be difficult to fix during the post-placement implementation flow and could be the result of non-optimal XDC constraints or non-optimal design architecture
Related violations: <none>

TIMING-16#222 Warning
Large setup violation  
There is a large setup violation of -3.357 ns between mig_axi_interconnect/s00_aw_fifo/mem_reg_0_15_30_35/RAMB/CLK (clocked by clk_out2_clk_pll_33) and mig_axi_interconnect/wr_addr_reg[11]/D (clocked by clk_pll_i). Large setup violations at the end of those stages might be difficult to fix during the post-placement implementation flow and could be the result of non-optimal XDC constraints or non-optimal design architecture
Related violations: <none>

TIMING-16#223 Warning
Large setup violation  
There is a large setup violation of -3.358 ns between mig_axi_interconnect/s01_ar_fifo/mem_reg_0_15_36_41/RAMC/CLK (clocked by clk_out2_clk_pll_33) and mig_axi_interconnect/rd_addr_reg[19]/D (clocked by clk_pll_i). Large setup violations at the end of those stages might be difficult to fix during the post-placement implementation flow and could be the result of non-optimal XDC constraints or non-optimal design architecture
Related violations: <none>

TIMING-16#224 Warning
Large setup violation  
There is a large setup violation of -3.360 ns between mig_axi_interconnect/s02_w_fifo/mem_reg_0_15_42_47/RAMB_D1/CLK (clocked by clk_out2_clk_pll_33) and mig_axi_interconnect/wr64_data_reg[36]/D (clocked by clk_pll_i). Large setup violations at the end of those stages might be difficult to fix during the post-placement implementation flow and could be the result of non-optimal XDC constraints or non-optimal design architecture
Related violations: <none>

TIMING-16#225 Warning
Large setup violation  
There is a large setup violation of -3.362 ns between mig_axi_interconnect/s02_w_fifo/mem_reg_0_15_18_23/RAMB/CLK (clocked by clk_out2_clk_pll_33) and mig_axi_interconnect/wr64_data_reg[11]/D (clocked by clk_pll_i). Large setup violations at the end of those stages might be difficult to fix during the post-placement implementation flow and could be the result of non-optimal XDC constraints or non-optimal design architecture
Related violations: <none>

TIMING-16#226 Warning
Large setup violation  
There is a large setup violation of -3.379 ns between mig_axi_interconnect/s02_w_fifo/mem_reg_0_15_12_17/RAMC/CLK (clocked by clk_out2_clk_pll_33) and mig_axi_interconnect/wr64_data_reg[7]/D (clocked by clk_pll_i). Large setup violations at the end of those stages might be difficult to fix during the post-placement implementation flow and could be the result of non-optimal XDC constraints or non-optimal design architecture
Related violations: <none>

TIMING-16#227 Warning
Large setup violation  
There is a large setup violation of -3.421 ns between mig_axi_interconnect/s00_w_fifo/mem_reg_0_15_0_5/RAMA/CLK (clocked by clk_out2_clk_pll_33) and mig_axi/u_mig_axi_32_mig/u_memc_ui_top_axi/u_axi_mc/USE_UPSIZER.upsizer_d2/USE_WRITE.write_data_inst/USE_FPGA_LENGTH.FDSE_inst/D (clocked by clk_pll_i). Large setup violations at the end of those stages might be difficult to fix during the post-placement implementation flow and could be the result of non-optimal XDC constraints or non-optimal design architecture
Related violations: <none>

TIMING-16#228 Warning
Large setup violation  
There is a large setup violation of -3.427 ns between mig_axi_interconnect/s01_ar_fifo/mem_reg_0_15_30_35/RAMC/CLK (clocked by clk_out2_clk_pll_33) and mig_axi_interconnect/rd_addr_reg[13]/D (clocked by clk_pll_i). Large setup violations at the end of those stages might be difficult to fix during the post-placement implementation flow and could be the result of non-optimal XDC constraints or non-optimal design architecture
Related violations: <none>

TIMING-16#229 Warning
Large setup violation  
There is a large setup violation of -3.432 ns between mig_axi_interconnect/s00_ar_fifo/mem_reg_0_15_6_11/RAMB/CLK (clocked by clk_out2_clk_pll_33) and mig_axi_interconnect/rd_burst_reg[0]/D (clocked by clk_pll_i). Large setup violations at the end of those stages might be difficult to fix during the post-placement implementation flow and could be the result of non-optimal XDC constraints or non-optimal design architecture
Related violations: <none>

TIMING-16#230 Warning
Large setup violation  
There is a large setup violation of -3.504 ns between mig_axi_interconnect/s00_w_fifo/mem_reg_0_15_0_5/RAMA_D1/CLK (clocked by clk_out2_clk_pll_33) and mig_axi/u_mig_axi_32_mig/u_memc_ui_top_axi/u_axi_mc/USE_UPSIZER.upsizer_d2/USE_WRITE.write_data_inst/WORD_LANE[3].USE_ALWAYS_PACKER.BYTE_LANE[0].USE_FPGA_DATA.USE_REGISTER.FDRE_wstrb_inst/D (clocked by clk_pll_i). Large setup violations at the end of those stages might be difficult to fix during the post-placement implementation flow and could be the result of non-optimal XDC constraints or non-optimal design architecture
Related violations: <none>

TIMING-16#231 Warning
Large setup violation  
There is a large setup violation of -3.507 ns between mig_axi_interconnect/s00_w_fifo/mem_reg_0_15_0_5/RAMA/CLK (clocked by clk_out2_clk_pll_33) and mig_axi_interconnect/FSM_onehot_wr_state_reg[0]/CE (clocked by clk_pll_i). Large setup violations at the end of those stages might be difficult to fix during the post-placement implementation flow and could be the result of non-optimal XDC constraints or non-optimal design architecture
Related violations: <none>

TIMING-16#232 Warning
Large setup violation  
There is a large setup violation of -3.507 ns between mig_axi_interconnect/s00_w_fifo/mem_reg_0_15_0_5/RAMA/CLK (clocked by clk_out2_clk_pll_33) and mig_axi_interconnect/FSM_onehot_wr_state_reg[1]/CE (clocked by clk_pll_i). Large setup violations at the end of those stages might be difficult to fix during the post-placement implementation flow and could be the result of non-optimal XDC constraints or non-optimal design architecture
Related violations: <none>

TIMING-16#233 Warning
Large setup violation  
There is a large setup violation of -3.507 ns between mig_axi_interconnect/s00_w_fifo/mem_reg_0_15_0_5/RAMA/CLK (clocked by clk_out2_clk_pll_33) and mig_axi_interconnect/FSM_onehot_wr_state_reg[2]/CE (clocked by clk_pll_i). Large setup violations at the end of those stages might be difficult to fix during the post-placement implementation flow and could be the result of non-optimal XDC constraints or non-optimal design architecture
Related violations: <none>

TIMING-16#234 Warning
Large setup violation  
There is a large setup violation of -3.507 ns between mig_axi_interconnect/s00_w_fifo/mem_reg_0_15_0_5/RAMA/CLK (clocked by clk_out2_clk_pll_33) and mig_axi_interconnect/FSM_onehot_wr_state_reg[3]/CE (clocked by clk_pll_i). Large setup violations at the end of those stages might be difficult to fix during the post-placement implementation flow and could be the result of non-optimal XDC constraints or non-optimal design architecture
Related violations: <none>

TIMING-16#235 Warning
Large setup violation  
There is a large setup violation of -3.507 ns between mig_axi_interconnect/s00_w_fifo/mem_reg_0_15_0_5/RAMA/CLK (clocked by clk_out2_clk_pll_33) and mig_axi_interconnect/FSM_onehot_wr_state_reg[4]/CE (clocked by clk_pll_i). Large setup violations at the end of those stages might be difficult to fix during the post-placement implementation flow and could be the result of non-optimal XDC constraints or non-optimal design architecture
Related violations: <none>

TIMING-16#236 Warning
Large setup violation  
There is a large setup violation of -3.507 ns between mig_axi_interconnect/s00_w_fifo/mem_reg_0_15_0_5/RAMA/CLK (clocked by clk_out2_clk_pll_33) and mig_axi_interconnect/FSM_onehot_wr_state_reg[5]/CE (clocked by clk_pll_i). Large setup violations at the end of those stages might be difficult to fix during the post-placement implementation flow and could be the result of non-optimal XDC constraints or non-optimal design architecture
Related violations: <none>

TIMING-16#237 Warning
Large setup violation  
There is a large setup violation of -3.519 ns between mig_axi_interconnect/s00_w_fifo/mem_reg_0_15_0_5/RAMA_D1/CLK (clocked by clk_out2_clk_pll_33) and mig_axi/u_mig_axi_32_mig/u_memc_ui_top_axi/u_axi_mc/USE_UPSIZER.upsizer_d2/USE_WRITE.write_data_inst/WORD_LANE[2].USE_ALWAYS_PACKER.BYTE_LANE[0].USE_FPGA_DATA.USE_REGISTER.FDRE_wstrb_inst/D (clocked by clk_pll_i). Large setup violations at the end of those stages might be difficult to fix during the post-placement implementation flow and could be the result of non-optimal XDC constraints or non-optimal design architecture
Related violations: <none>

TIMING-16#238 Warning
Large setup violation  
There is a large setup violation of -3.522 ns between mig_axi_interconnect/s00_w_fifo/mem_reg_0_15_0_5/RAMA_D1/CLK (clocked by clk_out2_clk_pll_33) and mig_axi/u_mig_axi_32_mig/u_memc_ui_top_axi/u_axi_mc/USE_UPSIZER.upsizer_d2/USE_WRITE.write_data_inst/WORD_LANE[0].USE_ALWAYS_PACKER.BYTE_LANE[0].USE_FPGA_DATA.USE_REGISTER.FDRE_wstrb_inst/D (clocked by clk_pll_i). Large setup violations at the end of those stages might be difficult to fix during the post-placement implementation flow and could be the result of non-optimal XDC constraints or non-optimal design architecture
Related violations: <none>

TIMING-16#239 Warning
Large setup violation  
There is a large setup violation of -3.580 ns between mig_axi_interconnect/s00_w_fifo/mem_reg_0_15_0_5/RAMA_D1/CLK (clocked by clk_out2_clk_pll_33) and mig_axi/u_mig_axi_32_mig/u_memc_ui_top_axi/u_axi_mc/USE_UPSIZER.upsizer_d2/USE_WRITE.write_data_inst/WORD_LANE[1].USE_ALWAYS_PACKER.BYTE_LANE[0].USE_FPGA_DATA.USE_REGISTER.FDRE_wstrb_inst/D (clocked by clk_pll_i). Large setup violations at the end of those stages might be difficult to fix during the post-placement implementation flow and could be the result of non-optimal XDC constraints or non-optimal design architecture
Related violations: <none>

TIMING-16#240 Warning
Large setup violation  
There is a large setup violation of -3.602 ns between mig_axi_interconnect/s00_w_fifo/mem_reg_0_15_0_5/RAMB_D1/CLK (clocked by clk_out2_clk_pll_33) and mig_axi/u_mig_axi_32_mig/u_memc_ui_top_axi/u_axi_mc/USE_UPSIZER.upsizer_d2/USE_WRITE.write_data_inst/WORD_LANE[3].USE_ALWAYS_PACKER.BYTE_LANE[2].USE_FPGA_DATA.USE_REGISTER.FDRE_wstrb_inst/D (clocked by clk_pll_i). Large setup violations at the end of those stages might be difficult to fix during the post-placement implementation flow and could be the result of non-optimal XDC constraints or non-optimal design architecture
Related violations: <none>

TIMING-16#241 Warning
Large setup violation  
There is a large setup violation of -3.626 ns between mig_axi_interconnect/s00_w_fifo/mem_reg_0_15_0_5/RAMB_D1/CLK (clocked by clk_out2_clk_pll_33) and mig_axi/u_mig_axi_32_mig/u_memc_ui_top_axi/u_axi_mc/USE_UPSIZER.upsizer_d2/USE_WRITE.write_data_inst/WORD_LANE[0].USE_ALWAYS_PACKER.BYTE_LANE[2].USE_FPGA_DATA.USE_REGISTER.FDRE_wstrb_inst/D (clocked by clk_pll_i). Large setup violations at the end of those stages might be difficult to fix during the post-placement implementation flow and could be the result of non-optimal XDC constraints or non-optimal design architecture
Related violations: <none>

TIMING-16#242 Warning
Large setup violation  
There is a large setup violation of -3.649 ns between mig_axi_interconnect/s00_w_fifo/mem_reg_0_15_0_5/RAMB_D1/CLK (clocked by clk_out2_clk_pll_33) and mig_axi/u_mig_axi_32_mig/u_memc_ui_top_axi/u_axi_mc/USE_UPSIZER.upsizer_d2/USE_WRITE.write_data_inst/WORD_LANE[2].USE_ALWAYS_PACKER.BYTE_LANE[2].USE_FPGA_DATA.USE_REGISTER.FDRE_wstrb_inst/D (clocked by clk_pll_i). Large setup violations at the end of those stages might be difficult to fix during the post-placement implementation flow and could be the result of non-optimal XDC constraints or non-optimal design architecture
Related violations: <none>

TIMING-16#243 Warning
Large setup violation  
There is a large setup violation of -3.684 ns between mig_axi_interconnect/s00_w_fifo/mem_reg_0_15_0_5/RAMB/CLK (clocked by clk_out2_clk_pll_33) and mig_axi/u_mig_axi_32_mig/u_memc_ui_top_axi/u_axi_mc/USE_UPSIZER.upsizer_d2/USE_WRITE.write_data_inst/WORD_LANE[1].USE_ALWAYS_PACKER.BYTE_LANE[1].USE_FPGA_DATA.USE_REGISTER.FDRE_wstrb_inst/D (clocked by clk_pll_i). Large setup violations at the end of those stages might be difficult to fix during the post-placement implementation flow and could be the result of non-optimal XDC constraints or non-optimal design architecture
Related violations: <none>

TIMING-16#244 Warning
Large setup violation  
There is a large setup violation of -3.688 ns between mig_axi_interconnect/s01_w_fifo/mem_reg_0_15_6_11/RAMA/CLK (clocked by clk_out2_clk_pll_33) and mig_axi/u_mig_axi_32_mig/u_memc_ui_top_axi/u_axi_mc/USE_UPSIZER.upsizer_d2/USE_WRITE.write_data_inst/WORD_LANE[0].USE_ALWAYS_PACKER.BYTE_LANE[0].USE_FPGA_DATA.USE_REGISTER.BIT_LANE[1].FDRE_wdata_inst/D (clocked by clk_pll_i). Large setup violations at the end of those stages might be difficult to fix during the post-placement implementation flow and could be the result of non-optimal XDC constraints or non-optimal design architecture
Related violations: <none>

TIMING-16#245 Warning
Large setup violation  
There is a large setup violation of -3.692 ns between mig_axi_interconnect/s01_w_fifo/mem_reg_0_15_6_11/RAMB/CLK (clocked by clk_out2_clk_pll_33) and mig_axi/u_mig_axi_32_mig/u_memc_ui_top_axi/u_axi_mc/USE_UPSIZER.upsizer_d2/USE_WRITE.write_data_inst/WORD_LANE[2].USE_ALWAYS_PACKER.BYTE_LANE[0].USE_FPGA_DATA.USE_REGISTER.BIT_LANE[3].FDRE_wdata_inst/D (clocked by clk_pll_i). Large setup violations at the end of those stages might be difficult to fix during the post-placement implementation flow and could be the result of non-optimal XDC constraints or non-optimal design architecture
Related violations: <none>

TIMING-16#246 Warning
Large setup violation  
There is a large setup violation of -3.704 ns between mig_axi_interconnect/s01_w_fifo/mem_reg_0_15_12_17/RAMA/CLK (clocked by clk_out2_clk_pll_33) and mig_axi/u_mig_axi_32_mig/u_memc_ui_top_axi/u_axi_mc/USE_UPSIZER.upsizer_d2/USE_WRITE.write_data_inst/WORD_LANE[3].USE_ALWAYS_PACKER.BYTE_LANE[0].USE_FPGA_DATA.USE_REGISTER.BIT_LANE[7].FDRE_wdata_inst/D (clocked by clk_pll_i). Large setup violations at the end of those stages might be difficult to fix during the post-placement implementation flow and could be the result of non-optimal XDC constraints or non-optimal design architecture
Related violations: <none>

TIMING-16#247 Warning
Large setup violation  
There is a large setup violation of -3.717 ns between mig_axi_interconnect/s00_w_fifo/mem_reg_0_15_0_5/RAMA_D1/CLK (clocked by clk_out2_clk_pll_33) and mig_axi/u_mig_axi_32_mig/u_memc_ui_top_axi/u_axi_mc/USE_UPSIZER.upsizer_d2/USE_WRITE.write_data_inst/WORD_LANE[0].USE_ALWAYS_PACKER.BYTE_LANE[0].USE_FPGA_DATA.USE_REGISTER.BIT_LANE[3].FDRE_wdata_inst/D (clocked by clk_pll_i). Large setup violations at the end of those stages might be difficult to fix during the post-placement implementation flow and could be the result of non-optimal XDC constraints or non-optimal design architecture
Related violations: <none>

TIMING-16#248 Warning
Large setup violation  
There is a large setup violation of -3.722 ns between mig_axi_interconnect/s01_w_fifo/mem_reg_0_15_18_23/RAMB_D1/CLK (clocked by clk_out2_clk_pll_33) and mig_axi/u_mig_axi_32_mig/u_memc_ui_top_axi/u_axi_mc/USE_UPSIZER.upsizer_d2/USE_WRITE.write_data_inst/WORD_LANE[2].USE_ALWAYS_PACKER.BYTE_LANE[2].USE_FPGA_DATA.USE_REGISTER.BIT_LANE[0].FDRE_wdata_inst/D (clocked by clk_pll_i). Large setup violations at the end of those stages might be difficult to fix during the post-placement implementation flow and could be the result of non-optimal XDC constraints or non-optimal design architecture
Related violations: <none>

TIMING-16#249 Warning
Large setup violation  
There is a large setup violation of -3.723 ns between mig_axi_interconnect/s00_w_fifo/mem_reg_0_15_0_5/RAMB/CLK (clocked by clk_out2_clk_pll_33) and mig_axi/u_mig_axi_32_mig/u_memc_ui_top_axi/u_axi_mc/USE_UPSIZER.upsizer_d2/USE_WRITE.write_data_inst/WORD_LANE[2].USE_ALWAYS_PACKER.BYTE_LANE[1].USE_FPGA_DATA.USE_REGISTER.FDRE_wstrb_inst/D (clocked by clk_pll_i). Large setup violations at the end of those stages might be difficult to fix during the post-placement implementation flow and could be the result of non-optimal XDC constraints or non-optimal design architecture
Related violations: <none>

TIMING-16#250 Warning
Large setup violation  
There is a large setup violation of -3.724 ns between mig_axi_interconnect/s01_w_fifo/mem_reg_0_15_12_17/RAMA/CLK (clocked by clk_out2_clk_pll_33) and mig_axi/u_mig_axi_32_mig/u_memc_ui_top_axi/u_axi_mc/USE_UPSIZER.upsizer_d2/USE_WRITE.write_data_inst/WORD_LANE[2].USE_ALWAYS_PACKER.BYTE_LANE[0].USE_FPGA_DATA.USE_REGISTER.BIT_LANE[7].FDRE_wdata_inst/D (clocked by clk_pll_i). Large setup violations at the end of those stages might be difficult to fix during the post-placement implementation flow and could be the result of non-optimal XDC constraints or non-optimal design architecture
Related violations: <none>

TIMING-16#251 Warning
Large setup violation  
There is a large setup violation of -3.727 ns between mig_axi_interconnect/s01_w_fifo/mem_reg_0_15_24_29/RAMA/CLK (clocked by clk_out2_clk_pll_33) and mig_axi/u_mig_axi_32_mig/u_memc_ui_top_axi/u_axi_mc/USE_UPSIZER.upsizer_d2/USE_WRITE.write_data_inst/WORD_LANE[2].USE_ALWAYS_PACKER.BYTE_LANE[2].USE_FPGA_DATA.USE_REGISTER.BIT_LANE[3].FDRE_wdata_inst/D (clocked by clk_pll_i). Large setup violations at the end of those stages might be difficult to fix during the post-placement implementation flow and could be the result of non-optimal XDC constraints or non-optimal design architecture
Related violations: <none>

TIMING-16#252 Warning
Large setup violation  
There is a large setup violation of -3.730 ns between mig_axi_interconnect/s01_w_fifo/mem_reg_0_15_6_11/RAMB_D1/CLK (clocked by clk_out2_clk_pll_33) and mig_axi/u_mig_axi_32_mig/u_memc_ui_top_axi/u_axi_mc/USE_UPSIZER.upsizer_d2/USE_WRITE.write_data_inst/WORD_LANE[2].USE_ALWAYS_PACKER.BYTE_LANE[0].USE_FPGA_DATA.USE_REGISTER.BIT_LANE[4].FDRE_wdata_inst/D (clocked by clk_pll_i). Large setup violations at the end of those stages might be difficult to fix during the post-placement implementation flow and could be the result of non-optimal XDC constraints or non-optimal design architecture
Related violations: <none>

TIMING-16#253 Warning
Large setup violation  
There is a large setup violation of -3.733 ns between mig_axi_interconnect/s01_w_fifo/mem_reg_0_15_24_29/RAMA/CLK (clocked by clk_out2_clk_pll_33) and mig_axi/u_mig_axi_32_mig/u_memc_ui_top_axi/u_axi_mc/USE_UPSIZER.upsizer_d2/USE_WRITE.write_data_inst/WORD_LANE[0].USE_ALWAYS_PACKER.BYTE_LANE[2].USE_FPGA_DATA.USE_REGISTER.BIT_LANE[3].FDRE_wdata_inst/D (clocked by clk_pll_i). Large setup violations at the end of those stages might be difficult to fix during the post-placement implementation flow and could be the result of non-optimal XDC constraints or non-optimal design architecture
Related violations: <none>

TIMING-16#254 Warning
Large setup violation  
There is a large setup violation of -3.742 ns between mig_axi_interconnect/s01_w_fifo/mem_reg_0_15_18_23/RAMB_D1/CLK (clocked by clk_out2_clk_pll_33) and mig_axi/u_mig_axi_32_mig/u_memc_ui_top_axi/u_axi_mc/USE_UPSIZER.upsizer_d2/USE_WRITE.write_data_inst/WORD_LANE[3].USE_ALWAYS_PACKER.BYTE_LANE[2].USE_FPGA_DATA.USE_REGISTER.BIT_LANE[0].FDRE_wdata_inst/D (clocked by clk_pll_i). Large setup violations at the end of those stages might be difficult to fix during the post-placement implementation flow and could be the result of non-optimal XDC constraints or non-optimal design architecture
Related violations: <none>

TIMING-16#255 Warning
Large setup violation  
There is a large setup violation of -3.742 ns between mig_axi_interconnect/s01_w_fifo/mem_reg_0_15_6_11/RAMA_D1/CLK (clocked by clk_out2_clk_pll_33) and mig_axi/u_mig_axi_32_mig/u_memc_ui_top_axi/u_axi_mc/USE_UPSIZER.upsizer_d2/USE_WRITE.write_data_inst/WORD_LANE[2].USE_ALWAYS_PACKER.BYTE_LANE[0].USE_FPGA_DATA.USE_REGISTER.BIT_LANE[2].FDRE_wdata_inst/D (clocked by clk_pll_i). Large setup violations at the end of those stages might be difficult to fix during the post-placement implementation flow and could be the result of non-optimal XDC constraints or non-optimal design architecture
Related violations: <none>

TIMING-16#256 Warning
Large setup violation  
There is a large setup violation of -3.745 ns between mig_axi_interconnect/s00_w_fifo/mem_reg_0_15_0_5/RAMB/CLK (clocked by clk_out2_clk_pll_33) and mig_axi/u_mig_axi_32_mig/u_memc_ui_top_axi/u_axi_mc/USE_UPSIZER.upsizer_d2/USE_WRITE.write_data_inst/WORD_LANE[1].USE_ALWAYS_PACKER.BYTE_LANE[1].USE_FPGA_DATA.USE_REGISTER.BIT_LANE[5].FDRE_wdata_inst/D (clocked by clk_pll_i). Large setup violations at the end of those stages might be difficult to fix during the post-placement implementation flow and could be the result of non-optimal XDC constraints or non-optimal design architecture
Related violations: <none>

TIMING-16#257 Warning
Large setup violation  
There is a large setup violation of -3.746 ns between mig_axi_interconnect/s01_w_fifo/mem_reg_0_15_12_17/RAMA/CLK (clocked by clk_out2_clk_pll_33) and mig_axi/u_mig_axi_32_mig/u_memc_ui_top_axi/u_axi_mc/USE_UPSIZER.upsizer_d2/USE_WRITE.write_data_inst/WORD_LANE[0].USE_ALWAYS_PACKER.BYTE_LANE[0].USE_FPGA_DATA.USE_REGISTER.BIT_LANE[7].FDRE_wdata_inst/D (clocked by clk_pll_i). Large setup violations at the end of those stages might be difficult to fix during the post-placement implementation flow and could be the result of non-optimal XDC constraints or non-optimal design architecture
Related violations: <none>

TIMING-16#258 Warning
Large setup violation  
There is a large setup violation of -3.755 ns between mig_axi_interconnect/s00_w_fifo/mem_reg_0_15_0_5/RAMA_D1/CLK (clocked by clk_out2_clk_pll_33) and mig_axi/u_mig_axi_32_mig/u_memc_ui_top_axi/u_axi_mc/USE_UPSIZER.upsizer_d2/USE_WRITE.write_data_inst/WORD_LANE[3].USE_ALWAYS_PACKER.BYTE_LANE[0].USE_FPGA_DATA.USE_REGISTER.BIT_LANE[2].FDRE_wdata_inst/D (clocked by clk_pll_i). Large setup violations at the end of those stages might be difficult to fix during the post-placement implementation flow and could be the result of non-optimal XDC constraints or non-optimal design architecture
Related violations: <none>

TIMING-16#259 Warning
Large setup violation  
There is a large setup violation of -3.762 ns between mig_axi_interconnect/s01_w_fifo/mem_reg_0_15_6_11/RAMA/CLK (clocked by clk_out2_clk_pll_33) and mig_axi/u_mig_axi_32_mig/u_memc_ui_top_axi/u_axi_mc/USE_UPSIZER.upsizer_d2/USE_WRITE.write_data_inst/WORD_LANE[2].USE_ALWAYS_PACKER.BYTE_LANE[0].USE_FPGA_DATA.USE_REGISTER.BIT_LANE[1].FDRE_wdata_inst/D (clocked by clk_pll_i). Large setup violations at the end of those stages might be difficult to fix during the post-placement implementation flow and could be the result of non-optimal XDC constraints or non-optimal design architecture
Related violations: <none>

TIMING-16#260 Warning
Large setup violation  
There is a large setup violation of -3.770 ns between mig_axi_interconnect/s01_w_fifo/mem_reg_0_15_6_11/RAMA_D1/CLK (clocked by clk_out2_clk_pll_33) and mig_axi/u_mig_axi_32_mig/u_memc_ui_top_axi/u_axi_mc/USE_UPSIZER.upsizer_d2/USE_WRITE.write_data_inst/WORD_LANE[1].USE_ALWAYS_PACKER.BYTE_LANE[0].USE_FPGA_DATA.USE_REGISTER.BIT_LANE[2].FDRE_wdata_inst/D (clocked by clk_pll_i). Large setup violations at the end of those stages might be difficult to fix during the post-placement implementation flow and could be the result of non-optimal XDC constraints or non-optimal design architecture
Related violations: <none>

TIMING-16#261 Warning
Large setup violation  
There is a large setup violation of -3.771 ns between mig_axi_interconnect/s00_w_fifo/mem_reg_0_15_0_5/RAMA_D1/CLK (clocked by clk_out2_clk_pll_33) and mig_axi/u_mig_axi_32_mig/u_memc_ui_top_axi/u_axi_mc/USE_UPSIZER.upsizer_d2/USE_WRITE.write_data_inst/WORD_LANE[0].USE_ALWAYS_PACKER.BYTE_LANE[0].USE_FPGA_DATA.USE_REGISTER.BIT_LANE[2].FDRE_wdata_inst/D (clocked by clk_pll_i). Large setup violations at the end of those stages might be difficult to fix during the post-placement implementation flow and could be the result of non-optimal XDC constraints or non-optimal design architecture
Related violations: <none>

TIMING-16#262 Warning
Large setup violation  
There is a large setup violation of -3.773 ns between mig_axi_interconnect/s00_w_fifo/mem_reg_0_15_0_5/RAMB_D1/CLK (clocked by clk_out2_clk_pll_33) and mig_axi/u_mig_axi_32_mig/u_memc_ui_top_axi/u_axi_mc/USE_UPSIZER.upsizer_d2/USE_WRITE.write_data_inst/WORD_LANE[1].USE_ALWAYS_PACKER.BYTE_LANE[2].USE_FPGA_DATA.USE_REGISTER.BIT_LANE[1].FDRE_wdata_inst/D (clocked by clk_pll_i). Large setup violations at the end of those stages might be difficult to fix during the post-placement implementation flow and could be the result of non-optimal XDC constraints or non-optimal design architecture
Related violations: <none>

TIMING-16#263 Warning
Large setup violation  
There is a large setup violation of -3.776 ns between mig_axi_interconnect/s01_w_fifo/mem_reg_0_15_36_36/RAMB_D1/CLK (clocked by clk_out2_clk_pll_33) and mig_axi/u_mig_axi_32_mig/u_memc_ui_top_axi/u_axi_mc/USE_UPSIZER.upsizer_d2/USE_WRITE.write_data_inst/WORD_LANE[2].USE_ALWAYS_PACKER.BYTE_LANE[0].USE_FPGA_DATA.USE_REGISTER.BIT_LANE[0].FDRE_wdata_inst/D (clocked by clk_pll_i). Large setup violations at the end of those stages might be difficult to fix during the post-placement implementation flow and could be the result of non-optimal XDC constraints or non-optimal design architecture
Related violations: <none>

TIMING-16#264 Warning
Large setup violation  
There is a large setup violation of -3.780 ns between mig_axi_interconnect/s00_w_fifo/mem_reg_0_15_0_5/RAMB_D1/CLK (clocked by clk_out2_clk_pll_33) and mig_axi/u_mig_axi_32_mig/u_memc_ui_top_axi/u_axi_mc/USE_UPSIZER.upsizer_d2/USE_WRITE.write_data_inst/WORD_LANE[1].USE_ALWAYS_PACKER.BYTE_LANE[2].USE_FPGA_DATA.USE_REGISTER.BIT_LANE[0].FDRE_wdata_inst/D (clocked by clk_pll_i). Large setup violations at the end of those stages might be difficult to fix during the post-placement implementation flow and could be the result of non-optimal XDC constraints or non-optimal design architecture
Related violations: <none>

TIMING-16#265 Warning
Large setup violation  
There is a large setup violation of -3.790 ns between mig_axi_interconnect/s00_w_fifo/mem_reg_0_15_0_5/RAMA/CLK (clocked by clk_out2_clk_pll_33) and mig_axi/u_mig_axi_32_mig/u_memc_ui_top_axi/u_axi_mc/USE_UPSIZER.upsizer_d2/USE_WRITE.write_addr_inst/USE_BURSTS.cmd_queue/USE_FF_OUT.USE_FPGA_OUTPUT_PIPELINE.DATA_GEN[27].FDRE_inst/D (clocked by clk_pll_i). Large setup violations at the end of those stages might be difficult to fix during the post-placement implementation flow and could be the result of non-optimal XDC constraints or non-optimal design architecture
Related violations: <none>

TIMING-16#266 Warning
Large setup violation  
There is a large setup violation of -3.791 ns between mig_axi_interconnect/s00_w_fifo/mem_reg_0_15_0_5/RAMA_D1/CLK (clocked by clk_out2_clk_pll_33) and mig_axi/u_mig_axi_32_mig/u_memc_ui_top_axi/u_axi_mc/USE_UPSIZER.upsizer_d2/USE_WRITE.write_data_inst/WORD_LANE[3].USE_ALWAYS_PACKER.BYTE_LANE[0].USE_FPGA_DATA.USE_REGISTER.BIT_LANE[1].FDRE_wdata_inst/D (clocked by clk_pll_i). Large setup violations at the end of those stages might be difficult to fix during the post-placement implementation flow and could be the result of non-optimal XDC constraints or non-optimal design architecture
Related violations: <none>

TIMING-16#267 Warning
Large setup violation  
There is a large setup violation of -3.797 ns between mig_axi_interconnect/s01_w_fifo/mem_reg_0_15_6_11/RAMC_D1/CLK (clocked by clk_out2_clk_pll_33) and mig_axi/u_mig_axi_32_mig/u_memc_ui_top_axi/u_axi_mc/USE_UPSIZER.upsizer_d2/USE_WRITE.write_data_inst/WORD_LANE[2].USE_ALWAYS_PACKER.BYTE_LANE[0].USE_FPGA_DATA.USE_REGISTER.BIT_LANE[6].FDRE_wdata_inst/D (clocked by clk_pll_i). Large setup violations at the end of those stages might be difficult to fix during the post-placement implementation flow and could be the result of non-optimal XDC constraints or non-optimal design architecture
Related violations: <none>

TIMING-16#268 Warning
Large setup violation  
There is a large setup violation of -3.800 ns between mig_axi_interconnect/s01_w_fifo/mem_reg_0_15_18_23/RAMB_D1/CLK (clocked by clk_out2_clk_pll_33) and mig_axi/u_mig_axi_32_mig/u_memc_ui_top_axi/u_axi_mc/USE_UPSIZER.upsizer_d2/USE_WRITE.write_data_inst/WORD_LANE[0].USE_ALWAYS_PACKER.BYTE_LANE[2].USE_FPGA_DATA.USE_REGISTER.BIT_LANE[0].FDRE_wdata_inst/D (clocked by clk_pll_i). Large setup violations at the end of those stages might be difficult to fix during the post-placement implementation flow and could be the result of non-optimal XDC constraints or non-optimal design architecture
Related violations: <none>

TIMING-16#269 Warning
Large setup violation  
There is a large setup violation of -3.801 ns between mig_axi_interconnect/s01_w_fifo/mem_reg_0_15_18_23/RAMC/CLK (clocked by clk_out2_clk_pll_33) and mig_axi/u_mig_axi_32_mig/u_memc_ui_top_axi/u_axi_mc/USE_UPSIZER.upsizer_d2/USE_WRITE.write_data_inst/WORD_LANE[0].USE_ALWAYS_PACKER.BYTE_LANE[2].USE_FPGA_DATA.USE_REGISTER.BIT_LANE[1].FDRE_wdata_inst/D (clocked by clk_pll_i). Large setup violations at the end of those stages might be difficult to fix during the post-placement implementation flow and could be the result of non-optimal XDC constraints or non-optimal design architecture
Related violations: <none>

TIMING-16#270 Warning
Large setup violation  
There is a large setup violation of -3.804 ns between mig_axi_interconnect/s00_w_fifo/mem_reg_0_15_0_5/RAMB_D1/CLK (clocked by clk_out2_clk_pll_33) and mig_axi/u_mig_axi_32_mig/u_memc_ui_top_axi/u_axi_mc/USE_UPSIZER.upsizer_d2/USE_WRITE.write_data_inst/WORD_LANE[2].USE_ALWAYS_PACKER.BYTE_LANE[2].USE_FPGA_DATA.USE_REGISTER.BIT_LANE[1].FDRE_wdata_inst/D (clocked by clk_pll_i). Large setup violations at the end of those stages might be difficult to fix during the post-placement implementation flow and could be the result of non-optimal XDC constraints or non-optimal design architecture
Related violations: <none>

TIMING-16#271 Warning
Large setup violation  
There is a large setup violation of -3.810 ns between mig_axi_interconnect/s01_w_fifo/mem_reg_0_15_12_17/RAMA/CLK (clocked by clk_out2_clk_pll_33) and mig_axi/u_mig_axi_32_mig/u_memc_ui_top_axi/u_axi_mc/USE_UPSIZER.upsizer_d2/USE_WRITE.write_data_inst/WORD_LANE[1].USE_ALWAYS_PACKER.BYTE_LANE[0].USE_FPGA_DATA.USE_REGISTER.BIT_LANE[7].FDRE_wdata_inst/D (clocked by clk_pll_i). Large setup violations at the end of those stages might be difficult to fix during the post-placement implementation flow and could be the result of non-optimal XDC constraints or non-optimal design architecture
Related violations: <none>

TIMING-16#272 Warning
Large setup violation  
There is a large setup violation of -3.811 ns between mig_axi_interconnect/s01_w_fifo/mem_reg_0_15_6_11/RAMB_D1/CLK (clocked by clk_out2_clk_pll_33) and mig_axi/u_mig_axi_32_mig/u_memc_ui_top_axi/u_axi_mc/USE_UPSIZER.upsizer_d2/USE_WRITE.write_data_inst/WORD_LANE[0].USE_ALWAYS_PACKER.BYTE_LANE[0].USE_FPGA_DATA.USE_REGISTER.BIT_LANE[4].FDRE_wdata_inst/D (clocked by clk_pll_i). Large setup violations at the end of those stages might be difficult to fix during the post-placement implementation flow and could be the result of non-optimal XDC constraints or non-optimal design architecture
Related violations: <none>

TIMING-16#273 Warning
Large setup violation  
There is a large setup violation of -3.812 ns between mig_axi_interconnect/s01_w_fifo/mem_reg_0_15_24_29/RAMB_D1/CLK (clocked by clk_out2_clk_pll_33) and mig_axi/u_mig_axi_32_mig/u_memc_ui_top_axi/u_axi_mc/USE_UPSIZER.upsizer_d2/USE_WRITE.write_data_inst/WORD_LANE[0].USE_ALWAYS_PACKER.BYTE_LANE[2].USE_FPGA_DATA.USE_REGISTER.BIT_LANE[6].FDRE_wdata_inst/D (clocked by clk_pll_i). Large setup violations at the end of those stages might be difficult to fix during the post-placement implementation flow and could be the result of non-optimal XDC constraints or non-optimal design architecture
Related violations: <none>

TIMING-16#274 Warning
Large setup violation  
There is a large setup violation of -3.820 ns between mig_axi_interconnect/s01_w_fifo/mem_reg_0_15_6_11/RAMC/CLK (clocked by clk_out2_clk_pll_33) and mig_axi/u_mig_axi_32_mig/u_memc_ui_top_axi/u_axi_mc/USE_UPSIZER.upsizer_d2/USE_WRITE.write_data_inst/WORD_LANE[2].USE_ALWAYS_PACKER.BYTE_LANE[0].USE_FPGA_DATA.USE_REGISTER.BIT_LANE[5].FDRE_wdata_inst/D (clocked by clk_pll_i). Large setup violations at the end of those stages might be difficult to fix during the post-placement implementation flow and could be the result of non-optimal XDC constraints or non-optimal design architecture
Related violations: <none>

TIMING-16#275 Warning
Large setup violation  
There is a large setup violation of -3.823 ns between mig_axi_interconnect/s00_w_fifo/mem_reg_0_15_0_5/RAMB/CLK (clocked by clk_out2_clk_pll_33) and mig_axi/u_mig_axi_32_mig/u_memc_ui_top_axi/u_axi_mc/USE_UPSIZER.upsizer_d2/USE_WRITE.write_data_inst/WORD_LANE[0].USE_ALWAYS_PACKER.BYTE_LANE[1].USE_FPGA_DATA.USE_REGISTER.FDRE_wstrb_inst/D (clocked by clk_pll_i). Large setup violations at the end of those stages might be difficult to fix during the post-placement implementation flow and could be the result of non-optimal XDC constraints or non-optimal design architecture
Related violations: <none>

TIMING-16#276 Warning
Large setup violation  
There is a large setup violation of -3.825 ns between mig_axi_interconnect/s01_w_fifo/mem_reg_0_15_12_17/RAMC/CLK (clocked by clk_out2_clk_pll_33) and mig_axi/u_mig_axi_32_mig/u_memc_ui_top_axi/u_axi_mc/USE_UPSIZER.upsizer_d2/USE_WRITE.write_data_inst/WORD_LANE[2].USE_ALWAYS_PACKER.BYTE_LANE[1].USE_FPGA_DATA.USE_REGISTER.BIT_LANE[3].FDRE_wdata_inst/D (clocked by clk_pll_i). Large setup violations at the end of those stages might be difficult to fix during the post-placement implementation flow and could be the result of non-optimal XDC constraints or non-optimal design architecture
Related violations: <none>

TIMING-16#277 Warning
Large setup violation  
There is a large setup violation of -3.827 ns between mig_axi_interconnect/s01_w_fifo/mem_reg_0_15_24_29/RAMB_D1/CLK (clocked by clk_out2_clk_pll_33) and mig_axi/u_mig_axi_32_mig/u_memc_ui_top_axi/u_axi_mc/USE_UPSIZER.upsizer_d2/USE_WRITE.write_data_inst/WORD_LANE[1].USE_ALWAYS_PACKER.BYTE_LANE[2].USE_FPGA_DATA.USE_REGISTER.BIT_LANE[6].FDRE_wdata_inst/D (clocked by clk_pll_i). Large setup violations at the end of those stages might be difficult to fix during the post-placement implementation flow and could be the result of non-optimal XDC constraints or non-optimal design architecture
Related violations: <none>

TIMING-16#278 Warning
Large setup violation  
There is a large setup violation of -3.828 ns between mig_axi_interconnect/s00_w_fifo/mem_reg_0_15_0_5/RAMB_D1/CLK (clocked by clk_out2_clk_pll_33) and mig_axi/u_mig_axi_32_mig/u_memc_ui_top_axi/u_axi_mc/USE_UPSIZER.upsizer_d2/USE_WRITE.write_data_inst/WORD_LANE[2].USE_ALWAYS_PACKER.BYTE_LANE[2].USE_FPGA_DATA.USE_REGISTER.BIT_LANE[2].FDRE_wdata_inst/D (clocked by clk_pll_i). Large setup violations at the end of those stages might be difficult to fix during the post-placement implementation flow and could be the result of non-optimal XDC constraints or non-optimal design architecture
Related violations: <none>

TIMING-16#279 Warning
Large setup violation  
There is a large setup violation of -3.833 ns between mig_axi_interconnect/s00_w_fifo/mem_reg_0_15_0_5/RAMA/CLK (clocked by clk_out2_clk_pll_33) and mig_axi/u_mig_axi_32_mig/u_memc_ui_top_axi/u_axi_mc/USE_UPSIZER.upsizer_d2/USE_WRITE.write_addr_inst/USE_BURSTS.cmd_queue/USE_FF_OUT.USE_FPGA_OUTPUT_PIPELINE.DATA_GEN[22].FDRE_inst/D (clocked by clk_pll_i). Large setup violations at the end of those stages might be difficult to fix during the post-placement implementation flow and could be the result of non-optimal XDC constraints or non-optimal design architecture
Related violations: <none>

TIMING-16#280 Warning
Large setup violation  
There is a large setup violation of -3.833 ns between mig_axi_interconnect/s00_w_fifo/mem_reg_0_15_0_5/RAMB_D1/CLK (clocked by clk_out2_clk_pll_33) and mig_axi/u_mig_axi_32_mig/u_memc_ui_top_axi/u_axi_mc/USE_UPSIZER.upsizer_d2/USE_WRITE.write_data_inst/WORD_LANE[1].USE_ALWAYS_PACKER.BYTE_LANE[2].USE_FPGA_DATA.USE_REGISTER.BIT_LANE[3].FDRE_wdata_inst/D (clocked by clk_pll_i). Large setup violations at the end of those stages might be difficult to fix during the post-placement implementation flow and could be the result of non-optimal XDC constraints or non-optimal design architecture
Related violations: <none>

TIMING-16#281 Warning
Large setup violation  
There is a large setup violation of -3.836 ns between mig_axi_interconnect/s01_w_fifo/mem_reg_0_15_12_17/RAMC_D1/CLK (clocked by clk_out2_clk_pll_33) and mig_axi/u_mig_axi_32_mig/u_memc_ui_top_axi/u_axi_mc/USE_UPSIZER.upsizer_d2/USE_WRITE.write_data_inst/WORD_LANE[2].USE_ALWAYS_PACKER.BYTE_LANE[1].USE_FPGA_DATA.USE_REGISTER.BIT_LANE[4].FDRE_wdata_inst/D (clocked by clk_pll_i). Large setup violations at the end of those stages might be difficult to fix during the post-placement implementation flow and could be the result of non-optimal XDC constraints or non-optimal design architecture
Related violations: <none>

TIMING-16#282 Warning
Large setup violation  
There is a large setup violation of -3.840 ns between mig_axi_interconnect/s01_w_fifo/mem_reg_0_15_6_11/RAMC/CLK (clocked by clk_out2_clk_pll_33) and mig_axi/u_mig_axi_32_mig/u_memc_ui_top_axi/u_axi_mc/USE_UPSIZER.upsizer_d2/USE_WRITE.write_data_inst/WORD_LANE[0].USE_ALWAYS_PACKER.BYTE_LANE[0].USE_FPGA_DATA.USE_REGISTER.BIT_LANE[5].FDRE_wdata_inst/D (clocked by clk_pll_i). Large setup violations at the end of those stages might be difficult to fix during the post-placement implementation flow and could be the result of non-optimal XDC constraints or non-optimal design architecture
Related violations: <none>

TIMING-16#283 Warning
Large setup violation  
There is a large setup violation of -3.842 ns between mig_axi_interconnect/s01_w_fifo/mem_reg_0_15_6_11/RAMC/CLK (clocked by clk_out2_clk_pll_33) and mig_axi/u_mig_axi_32_mig/u_memc_ui_top_axi/u_axi_mc/USE_UPSIZER.upsizer_d2/USE_WRITE.write_data_inst/WORD_LANE[1].USE_ALWAYS_PACKER.BYTE_LANE[0].USE_FPGA_DATA.USE_REGISTER.BIT_LANE[5].FDRE_wdata_inst/D (clocked by clk_pll_i). Large setup violations at the end of those stages might be difficult to fix during the post-placement implementation flow and could be the result of non-optimal XDC constraints or non-optimal design architecture
Related violations: <none>

TIMING-16#284 Warning
Large setup violation  
There is a large setup violation of -3.846 ns between mig_axi_interconnect/s00_w_fifo/mem_reg_0_15_0_5/RAMB/CLK (clocked by clk_out2_clk_pll_33) and mig_axi/u_mig_axi_32_mig/u_memc_ui_top_axi/u_axi_mc/USE_UPSIZER.upsizer_d2/USE_WRITE.write_data_inst/WORD_LANE[2].USE_ALWAYS_PACKER.BYTE_LANE[1].USE_FPGA_DATA.USE_REGISTER.BIT_LANE[2].FDRE_wdata_inst/D (clocked by clk_pll_i). Large setup violations at the end of those stages might be difficult to fix during the post-placement implementation flow and could be the result of non-optimal XDC constraints or non-optimal design architecture
Related violations: <none>

TIMING-16#285 Warning
Large setup violation  
There is a large setup violation of -3.846 ns between mig_axi_interconnect/s00_w_fifo/mem_reg_0_15_0_5/RAMB_D1/CLK (clocked by clk_out2_clk_pll_33) and mig_axi/u_mig_axi_32_mig/u_memc_ui_top_axi/u_axi_mc/USE_UPSIZER.upsizer_d2/USE_WRITE.write_data_inst/WORD_LANE[1].USE_ALWAYS_PACKER.BYTE_LANE[2].USE_FPGA_DATA.USE_REGISTER.BIT_LANE[5].FDRE_wdata_inst/D (clocked by clk_pll_i). Large setup violations at the end of those stages might be difficult to fix during the post-placement implementation flow and could be the result of non-optimal XDC constraints or non-optimal design architecture
Related violations: <none>

TIMING-16#286 Warning
Large setup violation  
There is a large setup violation of -3.852 ns between mig_axi_interconnect/s00_w_fifo/mem_reg_0_15_0_5/RAMA/CLK (clocked by clk_out2_clk_pll_33) and mig_axi/u_mig_axi_32_mig/u_memc_ui_top_axi/u_axi_mc/USE_UPSIZER.upsizer_d2/USE_WRITE.write_addr_inst/USE_BURSTS.cmd_queue/USE_FF_OUT.USE_FPGA_OUTPUT_PIPELINE.DATA_GEN[31].FDRE_inst/D (clocked by clk_pll_i). Large setup violations at the end of those stages might be difficult to fix during the post-placement implementation flow and could be the result of non-optimal XDC constraints or non-optimal design architecture
Related violations: <none>

TIMING-16#287 Warning
Large setup violation  
There is a large setup violation of -3.852 ns between mig_axi_interconnect/s00_w_fifo/mem_reg_0_15_0_5/RAMA/CLK (clocked by clk_out2_clk_pll_33) and mig_axi/u_mig_axi_32_mig/u_memc_ui_top_axi/u_axi_mc/USE_UPSIZER.upsizer_d2/USE_WRITE.write_addr_inst/USE_BURSTS.cmd_queue/USE_FF_OUT.USE_FPGA_OUTPUT_PIPELINE.DATA_GEN[8].FDRE_inst/D (clocked by clk_pll_i). Large setup violations at the end of those stages might be difficult to fix during the post-placement implementation flow and could be the result of non-optimal XDC constraints or non-optimal design architecture
Related violations: <none>

TIMING-16#288 Warning
Large setup violation  
There is a large setup violation of -3.853 ns between mig_axi_interconnect/s00_w_fifo/mem_reg_0_15_0_5/RAMA/CLK (clocked by clk_out2_clk_pll_33) and mig_axi/u_mig_axi_32_mig/u_memc_ui_top_axi/u_axi_mc/USE_UPSIZER.upsizer_d2/USE_WRITE.write_addr_inst/USE_BURSTS.cmd_queue/USE_FF_OUT.USE_FPGA_OUTPUT_PIPELINE.DATA_GEN[33].FDRE_inst/D (clocked by clk_pll_i). Large setup violations at the end of those stages might be difficult to fix during the post-placement implementation flow and could be the result of non-optimal XDC constraints or non-optimal design architecture
Related violations: <none>

TIMING-16#289 Warning
Large setup violation  
There is a large setup violation of -3.855 ns between mig_axi_interconnect/s00_w_fifo/mem_reg_0_15_0_5/RAMA/CLK (clocked by clk_out2_clk_pll_33) and mig_axi/u_mig_axi_32_mig/u_memc_ui_top_axi/u_axi_mc/USE_UPSIZER.upsizer_d2/USE_WRITE.write_addr_inst/USE_BURSTS.cmd_queue/USE_FF_OUT.USE_FPGA_OUTPUT_PIPELINE.DATA_GEN[29].FDRE_inst/D (clocked by clk_pll_i). Large setup violations at the end of those stages might be difficult to fix during the post-placement implementation flow and could be the result of non-optimal XDC constraints or non-optimal design architecture
Related violations: <none>

TIMING-16#290 Warning
Large setup violation  
There is a large setup violation of -3.855 ns between mig_axi_interconnect/s01_w_fifo/mem_reg_0_15_24_29/RAMA/CLK (clocked by clk_out2_clk_pll_33) and mig_axi/u_mig_axi_32_mig/u_memc_ui_top_axi/u_axi_mc/USE_UPSIZER.upsizer_d2/USE_WRITE.write_data_inst/WORD_LANE[3].USE_ALWAYS_PACKER.BYTE_LANE[2].USE_FPGA_DATA.USE_REGISTER.BIT_LANE[3].FDRE_wdata_inst/D (clocked by clk_pll_i). Large setup violations at the end of those stages might be difficult to fix during the post-placement implementation flow and could be the result of non-optimal XDC constraints or non-optimal design architecture
Related violations: <none>

TIMING-16#291 Warning
Large setup violation  
There is a large setup violation of -3.861 ns between mig_axi_interconnect/s00_w_fifo/mem_reg_0_15_0_5/RAMB/CLK (clocked by clk_out2_clk_pll_33) and mig_axi/u_mig_axi_32_mig/u_memc_ui_top_axi/u_axi_mc/USE_UPSIZER.upsizer_d2/USE_WRITE.write_data_inst/WORD_LANE[3].USE_ALWAYS_PACKER.BYTE_LANE[1].USE_FPGA_DATA.USE_REGISTER.BIT_LANE[5].FDRE_wdata_inst/D (clocked by clk_pll_i). Large setup violations at the end of those stages might be difficult to fix during the post-placement implementation flow and could be the result of non-optimal XDC constraints or non-optimal design architecture
Related violations: <none>

TIMING-16#292 Warning
Large setup violation  
There is a large setup violation of -3.861 ns between mig_axi_interconnect/s00_w_fifo/mem_reg_0_15_0_5/RAMB_D1/CLK (clocked by clk_out2_clk_pll_33) and mig_axi/u_mig_axi_32_mig/u_memc_ui_top_axi/u_axi_mc/USE_UPSIZER.upsizer_d2/USE_WRITE.write_data_inst/WORD_LANE[1].USE_ALWAYS_PACKER.BYTE_LANE[2].USE_FPGA_DATA.USE_REGISTER.BIT_LANE[2].FDRE_wdata_inst/D (clocked by clk_pll_i). Large setup violations at the end of those stages might be difficult to fix during the post-placement implementation flow and could be the result of non-optimal XDC constraints or non-optimal design architecture
Related violations: <none>

TIMING-16#293 Warning
Large setup violation  
There is a large setup violation of -3.861 ns between mig_axi_interconnect/s01_w_fifo/mem_reg_0_15_18_23/RAMC_D1/CLK (clocked by clk_out2_clk_pll_33) and mig_axi/u_mig_axi_32_mig/u_memc_ui_top_axi/u_axi_mc/USE_UPSIZER.upsizer_d2/USE_WRITE.write_data_inst/WORD_LANE[0].USE_ALWAYS_PACKER.BYTE_LANE[2].USE_FPGA_DATA.USE_REGISTER.BIT_LANE[2].FDRE_wdata_inst/D (clocked by clk_pll_i). Large setup violations at the end of those stages might be difficult to fix during the post-placement implementation flow and could be the result of non-optimal XDC constraints or non-optimal design architecture
Related violations: <none>

TIMING-16#294 Warning
Large setup violation  
There is a large setup violation of -3.862 ns between mig_axi_interconnect/s00_w_fifo/mem_reg_0_15_0_5/RAMA/CLK (clocked by clk_out2_clk_pll_33) and mig_axi/u_mig_axi_32_mig/u_memc_ui_top_axi/u_axi_mc/USE_UPSIZER.upsizer_d2/USE_WRITE.write_addr_inst/USE_BURSTS.cmd_queue/USE_FF_OUT.USE_FPGA_OUTPUT_PIPELINE.DATA_GEN[26].FDRE_inst/D (clocked by clk_pll_i). Large setup violations at the end of those stages might be difficult to fix during the post-placement implementation flow and could be the result of non-optimal XDC constraints or non-optimal design architecture
Related violations: <none>

TIMING-16#295 Warning
Large setup violation  
There is a large setup violation of -3.862 ns between mig_axi_interconnect/s00_w_fifo/mem_reg_0_15_0_5/RAMB_D1/CLK (clocked by clk_out2_clk_pll_33) and mig_axi/u_mig_axi_32_mig/u_memc_ui_top_axi/u_axi_mc/USE_UPSIZER.upsizer_d2/USE_WRITE.write_data_inst/WORD_LANE[3].USE_ALWAYS_PACKER.BYTE_LANE[2].USE_FPGA_DATA.USE_REGISTER.BIT_LANE[4].FDRE_wdata_inst/D (clocked by clk_pll_i). Large setup violations at the end of those stages might be difficult to fix during the post-placement implementation flow and could be the result of non-optimal XDC constraints or non-optimal design architecture
Related violations: <none>

TIMING-16#296 Warning
Large setup violation  
There is a large setup violation of -3.863 ns between mig_axi_interconnect/s00_w_fifo/mem_reg_0_15_0_5/RAMA/CLK (clocked by clk_out2_clk_pll_33) and mig_axi/u_mig_axi_32_mig/u_memc_ui_top_axi/u_axi_mc/USE_UPSIZER.upsizer_d2/USE_WRITE.write_addr_inst/USE_BURSTS.cmd_queue/USE_FF_OUT.USE_FPGA_OUTPUT_PIPELINE.FDRE_inst/D (clocked by clk_pll_i). Large setup violations at the end of those stages might be difficult to fix during the post-placement implementation flow and could be the result of non-optimal XDC constraints or non-optimal design architecture
Related violations: <none>

TIMING-16#297 Warning
Large setup violation  
There is a large setup violation of -3.866 ns between mig_axi_interconnect/s00_w_fifo/mem_reg_0_15_0_5/RAMB_D1/CLK (clocked by clk_out2_clk_pll_33) and mig_axi/u_mig_axi_32_mig/u_memc_ui_top_axi/u_axi_mc/USE_UPSIZER.upsizer_d2/USE_WRITE.write_data_inst/WORD_LANE[1].USE_ALWAYS_PACKER.BYTE_LANE[2].USE_FPGA_DATA.USE_REGISTER.FDRE_wstrb_inst/D (clocked by clk_pll_i). Large setup violations at the end of those stages might be difficult to fix during the post-placement implementation flow and could be the result of non-optimal XDC constraints or non-optimal design architecture
Related violations: <none>

TIMING-16#298 Warning
Large setup violation  
There is a large setup violation of -3.866 ns between mig_axi_interconnect/s01_w_fifo/mem_reg_0_15_24_29/RAMB/CLK (clocked by clk_out2_clk_pll_33) and mig_axi/u_mig_axi_32_mig/u_memc_ui_top_axi/u_axi_mc/USE_UPSIZER.upsizer_d2/USE_WRITE.write_data_inst/WORD_LANE[0].USE_ALWAYS_PACKER.BYTE_LANE[2].USE_FPGA_DATA.USE_REGISTER.BIT_LANE[5].FDRE_wdata_inst/D (clocked by clk_pll_i). Large setup violations at the end of those stages might be difficult to fix during the post-placement implementation flow and could be the result of non-optimal XDC constraints or non-optimal design architecture
Related violations: <none>

TIMING-16#299 Warning
Large setup violation  
There is a large setup violation of -3.866 ns between mig_axi_interconnect/s01_w_fifo/mem_reg_0_15_36_36/RAMB_D1/CLK (clocked by clk_out2_clk_pll_33) and mig_axi/u_mig_axi_32_mig/u_memc_ui_top_axi/u_axi_mc/USE_UPSIZER.upsizer_d2/USE_WRITE.write_data_inst/WORD_LANE[0].USE_ALWAYS_PACKER.BYTE_LANE[0].USE_FPGA_DATA.USE_REGISTER.BIT_LANE[0].FDRE_wdata_inst/D (clocked by clk_pll_i). Large setup violations at the end of those stages might be difficult to fix during the post-placement implementation flow and could be the result of non-optimal XDC constraints or non-optimal design architecture
Related violations: <none>

TIMING-16#300 Warning
Large setup violation  
There is a large setup violation of -3.868 ns between mig_axi_interconnect/s00_w_fifo/mem_reg_0_15_0_5/RAMA/CLK (clocked by clk_out2_clk_pll_33) and mig_axi/u_mig_axi_32_mig/u_memc_ui_top_axi/u_axi_mc/USE_UPSIZER.upsizer_d2/USE_WRITE.write_addr_inst/USE_BURSTS.cmd_queue/USE_FF_OUT.USE_FPGA_OUTPUT_PIPELINE.DATA_GEN[20].FDRE_inst/D (clocked by clk_pll_i). Large setup violations at the end of those stages might be difficult to fix during the post-placement implementation flow and could be the result of non-optimal XDC constraints or non-optimal design architecture
Related violations: <none>

TIMING-16#301 Warning
Large setup violation  
There is a large setup violation of -3.868 ns between mig_axi_interconnect/s00_w_fifo/mem_reg_0_15_0_5/RAMA/CLK (clocked by clk_out2_clk_pll_33) and mig_axi/u_mig_axi_32_mig/u_memc_ui_top_axi/u_axi_mc/USE_UPSIZER.upsizer_d2/USE_WRITE.write_addr_inst/USE_BURSTS.cmd_queue/USE_FF_OUT.USE_FPGA_OUTPUT_PIPELINE.DATA_GEN[3].FDRE_inst/D (clocked by clk_pll_i). Large setup violations at the end of those stages might be difficult to fix during the post-placement implementation flow and could be the result of non-optimal XDC constraints or non-optimal design architecture
Related violations: <none>

TIMING-16#302 Warning
Large setup violation  
There is a large setup violation of -3.869 ns between mig_axi_interconnect/s00_w_fifo/mem_reg_0_15_0_5/RAMA/CLK (clocked by clk_out2_clk_pll_33) and mig_axi/u_mig_axi_32_mig/u_memc_ui_top_axi/u_axi_mc/USE_UPSIZER.upsizer_d2/USE_WRITE.write_addr_inst/USE_BURSTS.cmd_queue/USE_FF_OUT.USE_FPGA_OUTPUT_PIPELINE.DATA_GEN[34].FDRE_inst/D (clocked by clk_pll_i). Large setup violations at the end of those stages might be difficult to fix during the post-placement implementation flow and could be the result of non-optimal XDC constraints or non-optimal design architecture
Related violations: <none>

TIMING-16#303 Warning
Large setup violation  
There is a large setup violation of -3.870 ns between mig_axi_interconnect/s00_w_fifo/mem_reg_0_15_0_5/RAMA/CLK (clocked by clk_out2_clk_pll_33) and mig_axi/u_mig_axi_32_mig/u_memc_ui_top_axi/u_axi_mc/USE_UPSIZER.upsizer_d2/USE_WRITE.write_addr_inst/USE_BURSTS.cmd_queue/USE_FF_OUT.USE_FPGA_OUTPUT_PIPELINE.DATA_GEN[24].FDRE_inst/D (clocked by clk_pll_i). Large setup violations at the end of those stages might be difficult to fix during the post-placement implementation flow and could be the result of non-optimal XDC constraints or non-optimal design architecture
Related violations: <none>

TIMING-16#304 Warning
Large setup violation  
There is a large setup violation of -3.872 ns between mig_axi_interconnect/s00_w_fifo/mem_reg_0_15_0_5/RAMA/CLK (clocked by clk_out2_clk_pll_33) and mig_axi/u_mig_axi_32_mig/u_memc_ui_top_axi/u_axi_mc/USE_UPSIZER.upsizer_d2/USE_WRITE.write_data_inst/wrap_buffer_available_reg/D (clocked by clk_pll_i). Large setup violations at the end of those stages might be difficult to fix during the post-placement implementation flow and could be the result of non-optimal XDC constraints or non-optimal design architecture
Related violations: <none>

TIMING-16#305 Warning
Large setup violation  
There is a large setup violation of -3.881 ns between mig_axi_interconnect/s00_w_fifo/mem_reg_0_15_0_5/RAMB/CLK (clocked by clk_out2_clk_pll_33) and mig_axi/u_mig_axi_32_mig/u_memc_ui_top_axi/u_axi_mc/USE_UPSIZER.upsizer_d2/USE_WRITE.write_data_inst/WORD_LANE[2].USE_ALWAYS_PACKER.BYTE_LANE[1].USE_FPGA_DATA.USE_REGISTER.BIT_LANE[5].FDRE_wdata_inst/D (clocked by clk_pll_i). Large setup violations at the end of those stages might be difficult to fix during the post-placement implementation flow and could be the result of non-optimal XDC constraints or non-optimal design architecture
Related violations: <none>

TIMING-16#306 Warning
Large setup violation  
There is a large setup violation of -3.885 ns between mig_axi_interconnect/s00_w_fifo/mem_reg_0_15_0_5/RAMA/CLK (clocked by clk_out2_clk_pll_33) and mig_axi/u_mig_axi_32_mig/u_memc_ui_top_axi/u_axi_mc/USE_UPSIZER.upsizer_d2/USE_WRITE.write_addr_inst/USE_BURSTS.cmd_queue/USE_FF_OUT.USE_FPGA_OUTPUT_PIPELINE.DATA_GEN[17].FDRE_inst/D (clocked by clk_pll_i). Large setup violations at the end of those stages might be difficult to fix during the post-placement implementation flow and could be the result of non-optimal XDC constraints or non-optimal design architecture
Related violations: <none>

TIMING-16#307 Warning
Large setup violation  
There is a large setup violation of -3.887 ns between mig_axi_interconnect/s00_w_fifo/mem_reg_0_15_0_5/RAMA/CLK (clocked by clk_out2_clk_pll_33) and mig_axi/u_mig_axi_32_mig/u_memc_ui_top_axi/u_axi_mc/USE_UPSIZER.upsizer_d2/USE_WRITE.write_addr_inst/USE_BURSTS.cmd_queue/USE_FF_OUT.USE_FPGA_OUTPUT_PIPELINE.DATA_GEN[30].FDRE_inst/D (clocked by clk_pll_i). Large setup violations at the end of those stages might be difficult to fix during the post-placement implementation flow and could be the result of non-optimal XDC constraints or non-optimal design architecture
Related violations: <none>

TIMING-16#308 Warning
Large setup violation  
There is a large setup violation of -3.890 ns between mig_axi_interconnect/s01_w_fifo/mem_reg_0_15_24_29/RAMC/CLK (clocked by clk_out2_clk_pll_33) and mig_axi/u_mig_axi_32_mig/u_memc_ui_top_axi/u_axi_mc/USE_UPSIZER.upsizer_d2/USE_WRITE.write_data_inst/WORD_LANE[1].USE_ALWAYS_PACKER.BYTE_LANE[2].USE_FPGA_DATA.USE_REGISTER.BIT_LANE[7].FDRE_wdata_inst/D (clocked by clk_pll_i). Large setup violations at the end of those stages might be difficult to fix during the post-placement implementation flow and could be the result of non-optimal XDC constraints or non-optimal design architecture
Related violations: <none>

TIMING-16#309 Warning
Large setup violation  
There is a large setup violation of -3.891 ns between mig_axi_interconnect/s00_w_fifo/mem_reg_0_15_0_5/RAMA/CLK (clocked by clk_out2_clk_pll_33) and mig_axi/u_mig_axi_32_mig/u_memc_ui_top_axi/u_axi_mc/USE_UPSIZER.upsizer_d2/USE_WRITE.write_addr_inst/USE_BURSTS.cmd_queue/USE_FF_OUT.USE_FPGA_OUTPUT_PIPELINE.DATA_GEN[13].FDRE_inst/D (clocked by clk_pll_i). Large setup violations at the end of those stages might be difficult to fix during the post-placement implementation flow and could be the result of non-optimal XDC constraints or non-optimal design architecture
Related violations: <none>

TIMING-16#310 Warning
Large setup violation  
There is a large setup violation of -3.891 ns between mig_axi_interconnect/s00_w_fifo/mem_reg_0_15_0_5/RAMB_D1/CLK (clocked by clk_out2_clk_pll_33) and mig_axi/u_mig_axi_32_mig/u_memc_ui_top_axi/u_axi_mc/USE_UPSIZER.upsizer_d2/USE_WRITE.write_data_inst/WORD_LANE[3].USE_ALWAYS_PACKER.BYTE_LANE[2].USE_FPGA_DATA.FDRE_wstrb_inst/D (clocked by clk_pll_i). Large setup violations at the end of those stages might be difficult to fix during the post-placement implementation flow and could be the result of non-optimal XDC constraints or non-optimal design architecture
Related violations: <none>

TIMING-16#311 Warning
Large setup violation  
There is a large setup violation of -3.891 ns between mig_axi_interconnect/s01_w_fifo/mem_reg_0_15_24_29/RAMC/CLK (clocked by clk_out2_clk_pll_33) and mig_axi/u_mig_axi_32_mig/u_memc_ui_top_axi/u_axi_mc/USE_UPSIZER.upsizer_d2/USE_WRITE.write_data_inst/WORD_LANE[2].USE_ALWAYS_PACKER.BYTE_LANE[2].USE_FPGA_DATA.USE_REGISTER.BIT_LANE[7].FDRE_wdata_inst/D (clocked by clk_pll_i). Large setup violations at the end of those stages might be difficult to fix during the post-placement implementation flow and could be the result of non-optimal XDC constraints or non-optimal design architecture
Related violations: <none>

TIMING-16#312 Warning
Large setup violation  
There is a large setup violation of -3.892 ns between mig_axi_interconnect/s01_w_fifo/mem_reg_0_15_24_29/RAMC/CLK (clocked by clk_out2_clk_pll_33) and mig_axi/u_mig_axi_32_mig/u_memc_ui_top_axi/u_axi_mc/USE_UPSIZER.upsizer_d2/USE_WRITE.write_data_inst/WORD_LANE[3].USE_ALWAYS_PACKER.BYTE_LANE[2].USE_FPGA_DATA.USE_REGISTER.BIT_LANE[7].FDRE_wdata_inst/D (clocked by clk_pll_i). Large setup violations at the end of those stages might be difficult to fix during the post-placement implementation flow and could be the result of non-optimal XDC constraints or non-optimal design architecture
Related violations: <none>

TIMING-16#313 Warning
Large setup violation  
There is a large setup violation of -3.899 ns between mig_axi_interconnect/s00_w_fifo/mem_reg_0_15_0_5/RAMA/CLK (clocked by clk_out2_clk_pll_33) and mig_axi/u_mig_axi_32_mig/u_memc_ui_top_axi/u_axi_mc/USE_UPSIZER.upsizer_d2/USE_WRITE.write_addr_inst/USE_BURSTS.cmd_queue/USE_FF_OUT.USE_FPGA_OUTPUT_PIPELINE.DATA_GEN[7].FDRE_inst/D (clocked by clk_pll_i). Large setup violations at the end of those stages might be difficult to fix during the post-placement implementation flow and could be the result of non-optimal XDC constraints or non-optimal design architecture
Related violations: <none>

TIMING-16#314 Warning
Large setup violation  
There is a large setup violation of -3.900 ns between mig_axi_interconnect/s00_w_fifo/mem_reg_0_15_0_5/RAMA/CLK (clocked by clk_out2_clk_pll_33) and mig_axi/u_mig_axi_32_mig/u_memc_ui_top_axi/u_axi_mc/USE_UPSIZER.upsizer_d2/USE_WRITE.write_addr_inst/USE_BURSTS.cmd_queue/USE_FPGA_ADDR.ADDR_GEN[0].FDRE_inst/D (clocked by clk_pll_i). Large setup violations at the end of those stages might be difficult to fix during the post-placement implementation flow and could be the result of non-optimal XDC constraints or non-optimal design architecture
Related violations: <none>

TIMING-16#315 Warning
Large setup violation  
There is a large setup violation of -3.901 ns between mig_axi_interconnect/s00_w_fifo/mem_reg_0_15_0_5/RAMA/CLK (clocked by clk_out2_clk_pll_33) and mig_axi/u_mig_axi_32_mig/u_memc_ui_top_axi/u_axi_mc/USE_UPSIZER.upsizer_d2/USE_WRITE.write_addr_inst/USE_BURSTS.cmd_queue/USE_FF_OUT.USE_FPGA_OUTPUT_PIPELINE.DATA_GEN[28].FDRE_inst/D (clocked by clk_pll_i). Large setup violations at the end of those stages might be difficult to fix during the post-placement implementation flow and could be the result of non-optimal XDC constraints or non-optimal design architecture
Related violations: <none>

TIMING-16#316 Warning
Large setup violation  
There is a large setup violation of -3.903 ns between mig_axi_interconnect/s01_w_fifo/mem_reg_0_15_36_36/RAMB_D1/CLK (clocked by clk_out2_clk_pll_33) and mig_axi/u_mig_axi_32_mig/u_memc_ui_top_axi/u_axi_mc/USE_UPSIZER.upsizer_d2/USE_WRITE.write_data_inst/WORD_LANE[3].USE_ALWAYS_PACKER.BYTE_LANE[0].USE_FPGA_DATA.USE_REGISTER.BIT_LANE[0].FDRE_wdata_inst/D (clocked by clk_pll_i). Large setup violations at the end of those stages might be difficult to fix during the post-placement implementation flow and could be the result of non-optimal XDC constraints or non-optimal design architecture
Related violations: <none>

TIMING-16#317 Warning
Large setup violation  
There is a large setup violation of -3.904 ns between mig_axi_interconnect/s00_w_fifo/mem_reg_0_15_0_5/RAMB/CLK (clocked by clk_out2_clk_pll_33) and mig_axi/u_mig_axi_32_mig/u_memc_ui_top_axi/u_axi_mc/USE_UPSIZER.upsizer_d2/USE_WRITE.write_data_inst/WORD_LANE[0].USE_ALWAYS_PACKER.BYTE_LANE[1].USE_FPGA_DATA.USE_REGISTER.BIT_LANE[7].FDRE_wdata_inst/D (clocked by clk_pll_i). Large setup violations at the end of those stages might be difficult to fix during the post-placement implementation flow and could be the result of non-optimal XDC constraints or non-optimal design architecture
Related violations: <none>

TIMING-16#318 Warning
Large setup violation  
There is a large setup violation of -3.911 ns between mig_axi_interconnect/s00_w_fifo/mem_reg_0_15_0_5/RAMA/CLK (clocked by clk_out2_clk_pll_33) and mig_axi/u_mig_axi_32_mig/u_memc_ui_top_axi/u_axi_mc/USE_UPSIZER.upsizer_d2/USE_WRITE.write_addr_inst/USE_BURSTS.cmd_queue/USE_FF_OUT.USE_FPGA_OUTPUT_PIPELINE.DATA_GEN[0].FDRE_inst/D (clocked by clk_pll_i). Large setup violations at the end of those stages might be difficult to fix during the post-placement implementation flow and could be the result of non-optimal XDC constraints or non-optimal design architecture
Related violations: <none>

TIMING-16#319 Warning
Large setup violation  
There is a large setup violation of -3.911 ns between mig_axi_interconnect/s00_w_fifo/mem_reg_0_15_0_5/RAMA/CLK (clocked by clk_out2_clk_pll_33) and mig_axi/u_mig_axi_32_mig/u_memc_ui_top_axi/u_axi_mc/USE_UPSIZER.upsizer_d2/USE_WRITE.write_addr_inst/USE_BURSTS.cmd_queue/USE_FF_OUT.USE_FPGA_OUTPUT_PIPELINE.DATA_GEN[19].FDRE_inst/D (clocked by clk_pll_i). Large setup violations at the end of those stages might be difficult to fix during the post-placement implementation flow and could be the result of non-optimal XDC constraints or non-optimal design architecture
Related violations: <none>

TIMING-16#320 Warning
Large setup violation  
There is a large setup violation of -3.911 ns between mig_axi_interconnect/s00_w_fifo/mem_reg_0_15_0_5/RAMA_D1/CLK (clocked by clk_out2_clk_pll_33) and mig_axi/u_mig_axi_32_mig/u_memc_ui_top_axi/u_axi_mc/USE_UPSIZER.upsizer_d2/USE_WRITE.write_data_inst/WORD_LANE[1].USE_ALWAYS_PACKER.BYTE_LANE[0].USE_FPGA_DATA.FDRE_wstrb_inst/D (clocked by clk_pll_i). Large setup violations at the end of those stages might be difficult to fix during the post-placement implementation flow and could be the result of non-optimal XDC constraints or non-optimal design architecture
Related violations: <none>

TIMING-16#321 Warning
Large setup violation  
There is a large setup violation of -3.914 ns between mig_axi_interconnect/s00_w_fifo/mem_reg_0_15_0_5/RAMA/CLK (clocked by clk_out2_clk_pll_33) and mig_axi/u_mig_axi_32_mig/u_memc_ui_top_axi/u_axi_mc/USE_UPSIZER.upsizer_d2/USE_WRITE.write_addr_inst/USE_BURSTS.cmd_queue/USE_FF_OUT.USE_FPGA_OUTPUT_PIPELINE.DATA_GEN[25].FDRE_inst/D (clocked by clk_pll_i). Large setup violations at the end of those stages might be difficult to fix during the post-placement implementation flow and could be the result of non-optimal XDC constraints or non-optimal design architecture
Related violations: <none>

TIMING-16#322 Warning
Large setup violation  
There is a large setup violation of -3.917 ns between mig_axi_interconnect/s00_w_fifo/mem_reg_0_15_0_5/RAMB/CLK (clocked by clk_out2_clk_pll_33) and mig_axi/u_mig_axi_32_mig/u_memc_ui_top_axi/u_axi_mc/USE_UPSIZER.upsizer_d2/USE_WRITE.write_data_inst/WORD_LANE[0].USE_ALWAYS_PACKER.BYTE_LANE[1].USE_FPGA_DATA.USE_REGISTER.BIT_LANE[3].FDRE_wdata_inst/D (clocked by clk_pll_i). Large setup violations at the end of those stages might be difficult to fix during the post-placement implementation flow and could be the result of non-optimal XDC constraints or non-optimal design architecture
Related violations: <none>

TIMING-16#323 Warning
Large setup violation  
There is a large setup violation of -3.918 ns between mig_axi_interconnect/s00_w_fifo/mem_reg_0_15_0_5/RAMA/CLK (clocked by clk_out2_clk_pll_33) and mig_axi/u_mig_axi_32_mig/u_memc_ui_top_axi/u_axi_mc/USE_UPSIZER.upsizer_d2/USE_WRITE.write_data_inst/WORD_LANE[3].USE_ALWAYS_PACKER.BYTE_LANE[2].USE_FPGA_DATA.BIT_LANE[7].FDRE_wdata_inst/D (clocked by clk_pll_i). Large setup violations at the end of those stages might be difficult to fix during the post-placement implementation flow and could be the result of non-optimal XDC constraints or non-optimal design architecture
Related violations: <none>

TIMING-16#324 Warning
Large setup violation  
There is a large setup violation of -3.919 ns between mig_axi_interconnect/s00_w_fifo/mem_reg_0_15_0_5/RAMA_D1/CLK (clocked by clk_out2_clk_pll_33) and mig_axi/u_mig_axi_32_mig/u_memc_ui_top_axi/u_axi_mc/USE_UPSIZER.upsizer_d2/USE_WRITE.write_data_inst/WORD_LANE[3].USE_ALWAYS_PACKER.BYTE_LANE[0].USE_FPGA_DATA.USE_REGISTER.BIT_LANE[6].FDRE_wdata_inst/D (clocked by clk_pll_i). Large setup violations at the end of those stages might be difficult to fix during the post-placement implementation flow and could be the result of non-optimal XDC constraints or non-optimal design architecture
Related violations: <none>

TIMING-16#325 Warning
Large setup violation  
There is a large setup violation of -3.922 ns between mig_axi_interconnect/s00_w_fifo/mem_reg_0_15_0_5/RAMB_D1/CLK (clocked by clk_out2_clk_pll_33) and mig_axi/u_mig_axi_32_mig/u_memc_ui_top_axi/u_axi_mc/USE_UPSIZER.upsizer_d2/USE_WRITE.write_data_inst/WORD_LANE[1].USE_ALWAYS_PACKER.BYTE_LANE[2].USE_FPGA_DATA.USE_REGISTER.BIT_LANE[4].FDRE_wdata_inst/D (clocked by clk_pll_i). Large setup violations at the end of those stages might be difficult to fix during the post-placement implementation flow and could be the result of non-optimal XDC constraints or non-optimal design architecture
Related violations: <none>

TIMING-16#326 Warning
Large setup violation  
There is a large setup violation of -3.925 ns between mig_axi_interconnect/s00_w_fifo/mem_reg_0_15_0_5/RAMB_D1/CLK (clocked by clk_out2_clk_pll_33) and mig_axi/u_mig_axi_32_mig/u_memc_ui_top_axi/u_axi_mc/USE_UPSIZER.upsizer_d2/USE_WRITE.write_data_inst/WORD_LANE[2].USE_ALWAYS_PACKER.BYTE_LANE[2].USE_FPGA_DATA.USE_REGISTER.BIT_LANE[4].FDRE_wdata_inst/D (clocked by clk_pll_i). Large setup violations at the end of those stages might be difficult to fix during the post-placement implementation flow and could be the result of non-optimal XDC constraints or non-optimal design architecture
Related violations: <none>

TIMING-16#327 Warning
Large setup violation  
There is a large setup violation of -3.932 ns between mig_axi_interconnect/s00_w_fifo/mem_reg_0_15_0_5/RAMA/CLK (clocked by clk_out2_clk_pll_33) and mig_axi/u_mig_axi_32_mig/u_memc_ui_top_axi/u_axi_mc/USE_UPSIZER.upsizer_d2/USE_WRITE.write_addr_inst/USE_BURSTS.cmd_queue/USE_FF_OUT.USE_FPGA_OUTPUT_PIPELINE.DATA_GEN[4].FDRE_inst/D (clocked by clk_pll_i). Large setup violations at the end of those stages might be difficult to fix during the post-placement implementation flow and could be the result of non-optimal XDC constraints or non-optimal design architecture
Related violations: <none>

TIMING-16#328 Warning
Large setup violation  
There is a large setup violation of -3.933 ns between mig_axi_interconnect/s00_w_fifo/mem_reg_0_15_0_5/RAMA/CLK (clocked by clk_out2_clk_pll_33) and mig_axi/u_mig_axi_32_mig/u_memc_ui_top_axi/u_axi_mc/USE_UPSIZER.upsizer_d2/USE_WRITE.write_addr_inst/USE_BURSTS.cmd_queue/USE_FF_OUT.USE_FPGA_OUTPUT_PIPELINE.DATA_GEN[11].FDRE_inst/D (clocked by clk_pll_i). Large setup violations at the end of those stages might be difficult to fix during the post-placement implementation flow and could be the result of non-optimal XDC constraints or non-optimal design architecture
Related violations: <none>

TIMING-16#329 Warning
Large setup violation  
There is a large setup violation of -3.933 ns between mig_axi_interconnect/s00_w_fifo/mem_reg_0_15_0_5/RAMA_D1/CLK (clocked by clk_out2_clk_pll_33) and mig_axi/u_mig_axi_32_mig/u_memc_ui_top_axi/u_axi_mc/USE_UPSIZER.upsizer_d2/USE_WRITE.write_data_inst/WORD_LANE[1].USE_ALWAYS_PACKER.BYTE_LANE[0].USE_FPGA_DATA.USE_REGISTER.BIT_LANE[3].FDRE_wdata_inst/D (clocked by clk_pll_i). Large setup violations at the end of those stages might be difficult to fix during the post-placement implementation flow and could be the result of non-optimal XDC constraints or non-optimal design architecture
Related violations: <none>

TIMING-16#330 Warning
Large setup violation  
There is a large setup violation of -3.934 ns between mig_axi_interconnect/s01_w_fifo/mem_reg_0_15_18_23/RAMA_D1/CLK (clocked by clk_out2_clk_pll_33) and mig_axi/u_mig_axi_32_mig/u_memc_ui_top_axi/u_axi_mc/USE_UPSIZER.upsizer_d2/USE_WRITE.write_data_inst/WORD_LANE[2].USE_ALWAYS_PACKER.BYTE_LANE[1].USE_FPGA_DATA.USE_REGISTER.BIT_LANE[6].FDRE_wdata_inst/D (clocked by clk_pll_i). Large setup violations at the end of those stages might be difficult to fix during the post-placement implementation flow and could be the result of non-optimal XDC constraints or non-optimal design architecture
Related violations: <none>

TIMING-16#331 Warning
Large setup violation  
There is a large setup violation of -3.937 ns between mig_axi_interconnect/s00_w_fifo/mem_reg_0_15_0_5/RAMA/CLK (clocked by clk_out2_clk_pll_33) and mig_axi/u_mig_axi_32_mig/u_memc_ui_top_axi/u_axi_mc/USE_UPSIZER.upsizer_d2/USE_WRITE.write_addr_inst/USE_BURSTS.cmd_queue/USE_FPGA_VALID_WRITE.FDRE_I1/D (clocked by clk_pll_i). Large setup violations at the end of those stages might be difficult to fix during the post-placement implementation flow and could be the result of non-optimal XDC constraints or non-optimal design architecture
Related violations: <none>

TIMING-16#332 Warning
Large setup violation  
There is a large setup violation of -3.938 ns between mig_axi_interconnect/s00_w_fifo/mem_reg_0_15_0_5/RAMB_D1/CLK (clocked by clk_out2_clk_pll_33) and mig_axi/u_mig_axi_32_mig/u_memc_ui_top_axi/u_axi_mc/USE_UPSIZER.upsizer_d2/USE_WRITE.write_data_inst/WORD_LANE[0].USE_ALWAYS_PACKER.BYTE_LANE[2].USE_FPGA_DATA.USE_REGISTER.BIT_LANE[4].FDRE_wdata_inst/D (clocked by clk_pll_i). Large setup violations at the end of those stages might be difficult to fix during the post-placement implementation flow and could be the result of non-optimal XDC constraints or non-optimal design architecture
Related violations: <none>

TIMING-16#333 Warning
Large setup violation  
There is a large setup violation of -3.947 ns between mig_axi_interconnect/s00_w_fifo/mem_reg_0_15_0_5/RAMA/CLK (clocked by clk_out2_clk_pll_33) and mig_axi/u_mig_axi_32_mig/u_memc_ui_top_axi/u_axi_mc/USE_UPSIZER.upsizer_d2/USE_WRITE.write_addr_inst/USE_BURSTS.cmd_queue/USE_FF_OUT.USE_FPGA_OUTPUT_PIPELINE.DATA_GEN[5].FDRE_inst/D (clocked by clk_pll_i). Large setup violations at the end of those stages might be difficult to fix during the post-placement implementation flow and could be the result of non-optimal XDC constraints or non-optimal design architecture
Related violations: <none>

TIMING-16#334 Warning
Large setup violation  
There is a large setup violation of -3.948 ns between mig_axi_interconnect/s00_w_fifo/mem_reg_0_15_0_5/RAMA_D1/CLK (clocked by clk_out2_clk_pll_33) and mig_axi/u_mig_axi_32_mig/u_memc_ui_top_axi/u_axi_mc/USE_UPSIZER.upsizer_d2/USE_WRITE.write_data_inst/WORD_LANE[1].USE_ALWAYS_PACKER.BYTE_LANE[0].USE_FPGA_DATA.USE_REGISTER.BIT_LANE[6].FDRE_wdata_inst/D (clocked by clk_pll_i). Large setup violations at the end of those stages might be difficult to fix during the post-placement implementation flow and could be the result of non-optimal XDC constraints or non-optimal design architecture
Related violations: <none>

TIMING-16#335 Warning
Large setup violation  
There is a large setup violation of -3.952 ns between mig_axi_interconnect/s00_w_fifo/mem_reg_0_15_0_5/RAMB/CLK (clocked by clk_out2_clk_pll_33) and mig_axi/u_mig_axi_32_mig/u_memc_ui_top_axi/u_axi_mc/USE_UPSIZER.upsizer_d2/USE_WRITE.write_data_inst/WORD_LANE[0].USE_ALWAYS_PACKER.BYTE_LANE[1].USE_FPGA_DATA.USE_REGISTER.BIT_LANE[6].FDRE_wdata_inst/D (clocked by clk_pll_i). Large setup violations at the end of those stages might be difficult to fix during the post-placement implementation flow and could be the result of non-optimal XDC constraints or non-optimal design architecture
Related violations: <none>

TIMING-16#336 Warning
Large setup violation  
There is a large setup violation of -3.952 ns between mig_axi_interconnect/s01_w_fifo/mem_reg_0_15_18_23/RAMC/CLK (clocked by clk_out2_clk_pll_33) and mig_axi/u_mig_axi_32_mig/u_memc_ui_top_axi/u_axi_mc/USE_UPSIZER.upsizer_d2/USE_WRITE.write_data_inst/WORD_LANE[3].USE_ALWAYS_PACKER.BYTE_LANE[2].USE_FPGA_DATA.USE_REGISTER.BIT_LANE[1].FDRE_wdata_inst/D (clocked by clk_pll_i). Large setup violations at the end of those stages might be difficult to fix during the post-placement implementation flow and could be the result of non-optimal XDC constraints or non-optimal design architecture
Related violations: <none>

TIMING-16#337 Warning
Large setup violation  
There is a large setup violation of -3.961 ns between mig_axi_interconnect/s00_w_fifo/mem_reg_0_15_0_5/RAMB/CLK (clocked by clk_out2_clk_pll_33) and mig_axi/u_mig_axi_32_mig/u_memc_ui_top_axi/u_axi_mc/USE_UPSIZER.upsizer_d2/USE_WRITE.write_data_inst/WORD_LANE[3].USE_ALWAYS_PACKER.BYTE_LANE[1].USE_FPGA_DATA.USE_REGISTER.FDRE_wstrb_inst/D (clocked by clk_pll_i). Large setup violations at the end of those stages might be difficult to fix during the post-placement implementation flow and could be the result of non-optimal XDC constraints or non-optimal design architecture
Related violations: <none>

TIMING-16#338 Warning
Large setup violation  
There is a large setup violation of -3.963 ns between mig_axi_interconnect/s00_w_fifo/mem_reg_0_15_0_5/RAMA/CLK (clocked by clk_out2_clk_pll_33) and mig_axi/u_mig_axi_32_mig/u_memc_ui_top_axi/u_axi_mc/USE_UPSIZER.upsizer_d2/USE_WRITE.write_addr_inst/USE_BURSTS.cmd_queue/USE_FF_OUT.USE_FPGA_OUTPUT_PIPELINE.DATA_GEN[1].FDRE_inst/D (clocked by clk_pll_i). Large setup violations at the end of those stages might be difficult to fix during the post-placement implementation flow and could be the result of non-optimal XDC constraints or non-optimal design architecture
Related violations: <none>

TIMING-16#339 Warning
Large setup violation  
There is a large setup violation of -3.965 ns between mig_axi_interconnect/s00_w_fifo/mem_reg_0_15_0_5/RAMA/CLK (clocked by clk_out2_clk_pll_33) and mig_axi/u_mig_axi_32_mig/u_memc_ui_top_axi/u_axi_mc/USE_UPSIZER.upsizer_d2/USE_WRITE.write_addr_inst/USE_BURSTS.cmd_queue/USE_FF_OUT.USE_FPGA_OUTPUT_PIPELINE.DATA_GEN[21].FDRE_inst/D (clocked by clk_pll_i). Large setup violations at the end of those stages might be difficult to fix during the post-placement implementation flow and could be the result of non-optimal XDC constraints or non-optimal design architecture
Related violations: <none>

TIMING-16#340 Warning
Large setup violation  
There is a large setup violation of -3.965 ns between mig_axi_interconnect/s00_w_fifo/mem_reg_0_15_0_5/RAMB/CLK (clocked by clk_out2_clk_pll_33) and mig_axi/u_mig_axi_32_mig/u_memc_ui_top_axi/u_axi_mc/USE_UPSIZER.upsizer_d2/USE_WRITE.write_data_inst/WORD_LANE[2].USE_ALWAYS_PACKER.BYTE_LANE[1].USE_FPGA_DATA.USE_REGISTER.BIT_LANE[7].FDRE_wdata_inst/D (clocked by clk_pll_i). Large setup violations at the end of those stages might be difficult to fix during the post-placement implementation flow and could be the result of non-optimal XDC constraints or non-optimal design architecture
Related violations: <none>

TIMING-16#341 Warning
Large setup violation  
There is a large setup violation of -3.968 ns between mig_axi_interconnect/s01_w_fifo/mem_reg_0_15_6_11/RAMB/CLK (clocked by clk_out2_clk_pll_33) and mig_axi/u_mig_axi_32_mig/u_memc_ui_top_axi/u_axi_mc/USE_UPSIZER.upsizer_d2/USE_WRITE.write_data_inst/WORD_LANE[0].USE_ALWAYS_PACKER.BYTE_LANE[0].USE_FPGA_DATA.BIT_LANE[3].FDRE_wdata_inst/D (clocked by clk_pll_i). Large setup violations at the end of those stages might be difficult to fix during the post-placement implementation flow and could be the result of non-optimal XDC constraints or non-optimal design architecture
Related violations: <none>

TIMING-16#342 Warning
Large setup violation  
There is a large setup violation of -3.969 ns between mig_axi_interconnect/s00_w_fifo/mem_reg_0_15_0_5/RAMB/CLK (clocked by clk_out2_clk_pll_33) and mig_axi/u_mig_axi_32_mig/u_memc_ui_top_axi/u_axi_mc/USE_UPSIZER.upsizer_d2/USE_WRITE.write_data_inst/WORD_LANE[2].USE_ALWAYS_PACKER.BYTE_LANE[1].USE_FPGA_DATA.USE_REGISTER.BIT_LANE[0].FDRE_wdata_inst/D (clocked by clk_pll_i). Large setup violations at the end of those stages might be difficult to fix during the post-placement implementation flow and could be the result of non-optimal XDC constraints or non-optimal design architecture
Related violations: <none>

TIMING-16#343 Warning
Large setup violation  
There is a large setup violation of -3.970 ns between mig_axi_interconnect/s00_w_fifo/mem_reg_0_15_0_5/RAMA/CLK (clocked by clk_out2_clk_pll_33) and mig_axi/u_mig_axi_32_mig/u_memc_ui_top_axi/u_axi_mc/USE_UPSIZER.upsizer_d2/USE_WRITE.write_addr_inst/USE_BURSTS.cmd_queue/USE_FF_OUT.USE_FPGA_OUTPUT_PIPELINE.DATA_GEN[23].FDRE_inst/D (clocked by clk_pll_i). Large setup violations at the end of those stages might be difficult to fix during the post-placement implementation flow and could be the result of non-optimal XDC constraints or non-optimal design architecture
Related violations: <none>

TIMING-16#344 Warning
Large setup violation  
There is a large setup violation of -3.973 ns between mig_axi_interconnect/s00_w_fifo/mem_reg_0_15_0_5/RAMB/CLK (clocked by clk_out2_clk_pll_33) and mig_axi/u_mig_axi_32_mig/u_memc_ui_top_axi/u_axi_mc/USE_UPSIZER.upsizer_d2/USE_WRITE.write_data_inst/WORD_LANE[3].USE_ALWAYS_PACKER.BYTE_LANE[1].USE_FPGA_DATA.USE_REGISTER.BIT_LANE[0].FDRE_wdata_inst/D (clocked by clk_pll_i). Large setup violations at the end of those stages might be difficult to fix during the post-placement implementation flow and could be the result of non-optimal XDC constraints or non-optimal design architecture
Related violations: <none>

TIMING-16#345 Warning
Large setup violation  
There is a large setup violation of -3.973 ns between mig_axi_interconnect/s00_w_fifo/mem_reg_0_15_0_5/RAMB_D1/CLK (clocked by clk_out2_clk_pll_33) and mig_axi/u_mig_axi_32_mig/u_memc_ui_top_axi/u_axi_mc/USE_UPSIZER.upsizer_d2/USE_WRITE.write_data_inst/WORD_LANE[3].USE_ALWAYS_PACKER.BYTE_LANE[2].USE_FPGA_DATA.USE_REGISTER.BIT_LANE[6].FDRE_wdata_inst/D (clocked by clk_pll_i). Large setup violations at the end of those stages might be difficult to fix during the post-placement implementation flow and could be the result of non-optimal XDC constraints or non-optimal design architecture
Related violations: <none>

TIMING-16#346 Warning
Large setup violation  
There is a large setup violation of -3.975 ns between mig_axi_interconnect/s00_w_fifo/mem_reg_0_15_0_5/RAMA_D1/CLK (clocked by clk_out2_clk_pll_33) and mig_axi/u_mig_axi_32_mig/u_memc_ui_top_axi/u_axi_mc/USE_UPSIZER.upsizer_d2/USE_WRITE.write_data_inst/WORD_LANE[3].USE_ALWAYS_PACKER.BYTE_LANE[0].USE_FPGA_DATA.USE_REGISTER.BIT_LANE[5].FDRE_wdata_inst/D (clocked by clk_pll_i). Large setup violations at the end of those stages might be difficult to fix during the post-placement implementation flow and could be the result of non-optimal XDC constraints or non-optimal design architecture
Related violations: <none>

TIMING-16#347 Warning
Large setup violation  
There is a large setup violation of -3.977 ns between mig_axi_interconnect/s00_w_fifo/mem_reg_0_15_0_5/RAMA/CLK (clocked by clk_out2_clk_pll_33) and mig_axi/u_mig_axi_32_mig/u_memc_ui_top_axi/u_axi_mc/USE_UPSIZER.upsizer_d2/USE_WRITE.write_addr_inst/USE_BURSTS.cmd_queue/USE_FF_OUT.USE_FPGA_OUTPUT_PIPELINE.DATA_GEN[10].FDRE_inst/D (clocked by clk_pll_i). Large setup violations at the end of those stages might be difficult to fix during the post-placement implementation flow and could be the result of non-optimal XDC constraints or non-optimal design architecture
Related violations: <none>

TIMING-16#348 Warning
Large setup violation  
There is a large setup violation of -3.980 ns between mig_axi_interconnect/s00_w_fifo/mem_reg_0_15_0_5/RAMB/CLK (clocked by clk_out2_clk_pll_33) and mig_axi/u_mig_axi_32_mig/u_memc_ui_top_axi/u_axi_mc/USE_UPSIZER.upsizer_d2/USE_WRITE.write_data_inst/WORD_LANE[0].USE_ALWAYS_PACKER.BYTE_LANE[1].USE_FPGA_DATA.USE_REGISTER.BIT_LANE[2].FDRE_wdata_inst/D (clocked by clk_pll_i). Large setup violations at the end of those stages might be difficult to fix during the post-placement implementation flow and could be the result of non-optimal XDC constraints or non-optimal design architecture
Related violations: <none>

TIMING-16#349 Warning
Large setup violation  
There is a large setup violation of -3.981 ns between mig_axi_interconnect/s00_w_fifo/mem_reg_0_15_0_5/RAMB/CLK (clocked by clk_out2_clk_pll_33) and mig_axi/u_mig_axi_32_mig/u_memc_ui_top_axi/u_axi_mc/USE_UPSIZER.upsizer_d2/USE_WRITE.write_data_inst/WORD_LANE[3].USE_ALWAYS_PACKER.BYTE_LANE[1].USE_FPGA_DATA.USE_REGISTER.BIT_LANE[1].FDRE_wdata_inst/D (clocked by clk_pll_i). Large setup violations at the end of those stages might be difficult to fix during the post-placement implementation flow and could be the result of non-optimal XDC constraints or non-optimal design architecture
Related violations: <none>

TIMING-16#350 Warning
Large setup violation  
There is a large setup violation of -3.981 ns between mig_axi_interconnect/s01_w_fifo/mem_reg_0_15_12_17/RAMB/CLK (clocked by clk_out2_clk_pll_33) and mig_axi/u_mig_axi_32_mig/u_memc_ui_top_axi/u_axi_mc/USE_UPSIZER.upsizer_d2/USE_WRITE.write_data_inst/WORD_LANE[2].USE_ALWAYS_PACKER.BYTE_LANE[1].USE_FPGA_DATA.USE_REGISTER.BIT_LANE[1].FDRE_wdata_inst/D (clocked by clk_pll_i). Large setup violations at the end of those stages might be difficult to fix during the post-placement implementation flow and could be the result of non-optimal XDC constraints or non-optimal design architecture
Related violations: <none>

TIMING-16#351 Warning
Large setup violation  
There is a large setup violation of -3.981 ns between mig_axi_interconnect/s01_w_fifo/mem_reg_0_15_6_11/RAMB/CLK (clocked by clk_out2_clk_pll_33) and mig_axi/u_mig_axi_32_mig/u_memc_ui_top_axi/u_axi_mc/USE_UPSIZER.upsizer_d2/USE_WRITE.write_data_inst/WORD_LANE[3].USE_ALWAYS_PACKER.BYTE_LANE[0].USE_FPGA_DATA.USE_REGISTER.BIT_LANE[3].FDRE_wdata_inst/D (clocked by clk_pll_i). Large setup violations at the end of those stages might be difficult to fix during the post-placement implementation flow and could be the result of non-optimal XDC constraints or non-optimal design architecture
Related violations: <none>

TIMING-16#352 Warning
Large setup violation  
There is a large setup violation of -3.985 ns between mig_axi_interconnect/s00_w_fifo/mem_reg_0_15_0_5/RAMB/CLK (clocked by clk_out2_clk_pll_33) and mig_axi/u_mig_axi_32_mig/u_memc_ui_top_axi/u_axi_mc/USE_UPSIZER.upsizer_d2/USE_WRITE.write_data_inst/WORD_LANE[3].USE_ALWAYS_PACKER.BYTE_LANE[1].USE_FPGA_DATA.USE_REGISTER.BIT_LANE[4].FDRE_wdata_inst/D (clocked by clk_pll_i). Large setup violations at the end of those stages might be difficult to fix during the post-placement implementation flow and could be the result of non-optimal XDC constraints or non-optimal design architecture
Related violations: <none>

TIMING-16#353 Warning
Large setup violation  
There is a large setup violation of -3.988 ns between mig_axi_interconnect/s00_w_fifo/mem_reg_0_15_0_5/RAMA/CLK (clocked by clk_out2_clk_pll_33) and mig_axi/u_mig_axi_32_mig/u_memc_ui_top_axi/u_axi_mc/USE_UPSIZER.upsizer_d2/USE_WRITE.write_addr_inst/USE_BURSTS.cmd_queue/USE_FF_OUT.USE_FPGA_OUTPUT_PIPELINE.DATA_GEN[18].FDRE_inst/D (clocked by clk_pll_i). Large setup violations at the end of those stages might be difficult to fix during the post-placement implementation flow and could be the result of non-optimal XDC constraints or non-optimal design architecture
Related violations: <none>

TIMING-16#354 Warning
Large setup violation  
There is a large setup violation of -3.988 ns between mig_axi_interconnect/s00_w_fifo/mem_reg_0_15_0_5/RAMA/CLK (clocked by clk_out2_clk_pll_33) and mig_axi/u_mig_axi_32_mig/u_memc_ui_top_axi/u_axi_mc/USE_UPSIZER.upsizer_d2/USE_WRITE.write_addr_inst/USE_BURSTS.cmd_queue/USE_FPGA_ADDR.ADDR_GEN[1].FDRE_inst/D (clocked by clk_pll_i). Large setup violations at the end of those stages might be difficult to fix during the post-placement implementation flow and could be the result of non-optimal XDC constraints or non-optimal design architecture
Related violations: <none>

TIMING-16#355 Warning
Large setup violation  
There is a large setup violation of -3.988 ns between mig_axi_interconnect/s00_w_fifo/mem_reg_0_15_0_5/RAMB_D1/CLK (clocked by clk_out2_clk_pll_33) and mig_axi/u_mig_axi_32_mig/u_memc_ui_top_axi/u_axi_mc/USE_UPSIZER.upsizer_d2/USE_WRITE.write_data_inst/WORD_LANE[2].USE_ALWAYS_PACKER.BYTE_LANE[2].USE_FPGA_DATA.USE_REGISTER.BIT_LANE[5].FDRE_wdata_inst/D (clocked by clk_pll_i). Large setup violations at the end of those stages might be difficult to fix during the post-placement implementation flow and could be the result of non-optimal XDC constraints or non-optimal design architecture
Related violations: <none>

TIMING-16#356 Warning
Large setup violation  
There is a large setup violation of -3.991 ns between mig_axi_interconnect/s01_w_fifo/mem_reg_0_15_12_17/RAMB/CLK (clocked by clk_out2_clk_pll_33) and mig_axi/u_mig_axi_32_mig/u_memc_ui_top_axi/u_axi_mc/USE_UPSIZER.upsizer_d2/USE_WRITE.write_data_inst/WORD_LANE[0].USE_ALWAYS_PACKER.BYTE_LANE[1].USE_FPGA_DATA.USE_REGISTER.BIT_LANE[1].FDRE_wdata_inst/D (clocked by clk_pll_i). Large setup violations at the end of those stages might be difficult to fix during the post-placement implementation flow and could be the result of non-optimal XDC constraints or non-optimal design architecture
Related violations: <none>

TIMING-16#357 Warning
Large setup violation  
There is a large setup violation of -3.994 ns between mig_axi_interconnect/s00_w_fifo/mem_reg_0_15_0_5/RAMA/CLK (clocked by clk_out2_clk_pll_33) and mig_axi/u_mig_axi_32_mig/u_memc_ui_top_axi/u_axi_mc/USE_UPSIZER.upsizer_d2/USE_WRITE.write_data_inst/WORD_LANE[1].USE_ALWAYS_PACKER.BYTE_LANE[1].USE_FPGA_DATA.BIT_LANE[1].FDRE_wdata_inst/D (clocked by clk_pll_i). Large setup violations at the end of those stages might be difficult to fix during the post-placement implementation flow and could be the result of non-optimal XDC constraints or non-optimal design architecture
Related violations: <none>

TIMING-16#358 Warning
Large setup violation  
There is a large setup violation of -3.997 ns between mig_axi_interconnect/s00_w_fifo/mem_reg_0_15_0_5/RAMA/CLK (clocked by clk_out2_clk_pll_33) and mig_axi/u_mig_axi_32_mig/u_memc_ui_top_axi/u_axi_mc/USE_UPSIZER.upsizer_d2/USE_WRITE.write_addr_inst/USE_BURSTS.cmd_queue/USE_FF_OUT.USE_FPGA_OUTPUT_PIPELINE.DATA_GEN[14].FDRE_inst/D (clocked by clk_pll_i). Large setup violations at the end of those stages might be difficult to fix during the post-placement implementation flow and could be the result of non-optimal XDC constraints or non-optimal design architecture
Related violations: <none>

TIMING-16#359 Warning
Large setup violation  
There is a large setup violation of -3.998 ns between mig_axi_interconnect/s00_w_fifo/mem_reg_0_15_0_5/RAMA/CLK (clocked by clk_out2_clk_pll_33) and mig_axi/u_mig_axi_32_mig/u_memc_ui_top_axi/u_axi_mc/USE_UPSIZER.upsizer_d2/USE_WRITE.write_addr_inst/USE_BURSTS.cmd_queue/USE_FF_OUT.USE_FPGA_OUTPUT_PIPELINE.DATA_GEN[2].FDRE_inst/D (clocked by clk_pll_i). Large setup violations at the end of those stages might be difficult to fix during the post-placement implementation flow and could be the result of non-optimal XDC constraints or non-optimal design architecture
Related violations: <none>

TIMING-16#360 Warning
Large setup violation  
There is a large setup violation of -3.999 ns between mig_axi_interconnect/s00_w_fifo/mem_reg_0_15_0_5/RAMA/CLK (clocked by clk_out2_clk_pll_33) and mig_axi/u_mig_axi_32_mig/u_memc_ui_top_axi/u_axi_mc/USE_UPSIZER.upsizer_d2/USE_WRITE.write_data_inst/WORD_LANE[2].USE_ALWAYS_PACKER.BYTE_LANE[0].USE_FPGA_DATA.BIT_LANE[1].FDRE_wdata_inst/D (clocked by clk_pll_i). Large setup violations at the end of those stages might be difficult to fix during the post-placement implementation flow and could be the result of non-optimal XDC constraints or non-optimal design architecture
Related violations: <none>

TIMING-16#361 Warning
Large setup violation  
There is a large setup violation of -4.000 ns between mig_axi_interconnect/s01_w_fifo/mem_reg_0_15_18_23/RAMC_D1/CLK (clocked by clk_out2_clk_pll_33) and mig_axi/u_mig_axi_32_mig/u_memc_ui_top_axi/u_axi_mc/USE_UPSIZER.upsizer_d2/USE_WRITE.write_data_inst/WORD_LANE[3].USE_ALWAYS_PACKER.BYTE_LANE[2].USE_FPGA_DATA.USE_REGISTER.BIT_LANE[2].FDRE_wdata_inst/D (clocked by clk_pll_i). Large setup violations at the end of those stages might be difficult to fix during the post-placement implementation flow and could be the result of non-optimal XDC constraints or non-optimal design architecture
Related violations: <none>

TIMING-16#362 Warning
Large setup violation  
There is a large setup violation of -4.002 ns between mig_axi_interconnect/s00_w_fifo/mem_reg_0_15_0_5/RAMA/CLK (clocked by clk_out2_clk_pll_33) and mig_axi/u_mig_axi_32_mig/u_memc_ui_top_axi/u_axi_mc/USE_UPSIZER.upsizer_d2/USE_WRITE.write_addr_inst/USE_BURSTS.cmd_queue/USE_FF_OUT.USE_FPGA_OUTPUT_PIPELINE.DATA_GEN[12].FDRE_inst/D (clocked by clk_pll_i). Large setup violations at the end of those stages might be difficult to fix during the post-placement implementation flow and could be the result of non-optimal XDC constraints or non-optimal design architecture
Related violations: <none>

TIMING-16#363 Warning
Large setup violation  
There is a large setup violation of -4.002 ns between mig_axi_interconnect/s00_w_fifo/mem_reg_0_15_0_5/RAMA/CLK (clocked by clk_out2_clk_pll_33) and mig_axi/u_mig_axi_32_mig/u_memc_ui_top_axi/u_axi_mc/USE_UPSIZER.upsizer_d2/USE_WRITE.write_data_inst/WORD_LANE[2].USE_ALWAYS_PACKER.BYTE_LANE[1].USE_FPGA_DATA.BIT_LANE[1].FDRE_wdata_inst/D (clocked by clk_pll_i). Large setup violations at the end of those stages might be difficult to fix during the post-placement implementation flow and could be the result of non-optimal XDC constraints or non-optimal design architecture
Related violations: <none>

TIMING-16#364 Warning
Large setup violation  
There is a large setup violation of -4.003 ns between mig_axi_interconnect/s00_w_fifo/mem_reg_0_15_0_5/RAMA/CLK (clocked by clk_out2_clk_pll_33) and mig_axi/u_mig_axi_32_mig/u_memc_ui_top_axi/u_axi_mc/USE_UPSIZER.upsizer_d2/USE_WRITE.write_data_inst/WORD_LANE[1].USE_ALWAYS_PACKER.BYTE_LANE[1].USE_FPGA_DATA.BIT_LANE[2].FDRE_wdata_inst/D (clocked by clk_pll_i). Large setup violations at the end of those stages might be difficult to fix during the post-placement implementation flow and could be the result of non-optimal XDC constraints or non-optimal design architecture
Related violations: <none>

TIMING-16#365 Warning
Large setup violation  
There is a large setup violation of -4.005 ns between mig_axi_interconnect/s00_w_fifo/mem_reg_0_15_0_5/RAMA/CLK (clocked by clk_out2_clk_pll_33) and mig_axi/u_mig_axi_32_mig/u_memc_ui_top_axi/u_axi_mc/USE_UPSIZER.upsizer_d2/USE_WRITE.write_data_inst/WORD_LANE[2].USE_ALWAYS_PACKER.BYTE_LANE[0].USE_FPGA_DATA.BIT_LANE[2].FDRE_wdata_inst/D (clocked by clk_pll_i). Large setup violations at the end of those stages might be difficult to fix during the post-placement implementation flow and could be the result of non-optimal XDC constraints or non-optimal design architecture
Related violations: <none>

TIMING-16#366 Warning
Large setup violation  
There is a large setup violation of -4.005 ns between mig_axi_interconnect/s00_w_fifo/mem_reg_0_15_0_5/RAMB/CLK (clocked by clk_out2_clk_pll_33) and mig_axi/u_mig_axi_32_mig/u_memc_ui_top_axi/u_axi_mc/USE_UPSIZER.upsizer_d2/USE_WRITE.write_data_inst/WORD_LANE[1].USE_ALWAYS_PACKER.BYTE_LANE[1].USE_FPGA_DATA.USE_REGISTER.BIT_LANE[7].FDRE_wdata_inst/D (clocked by clk_pll_i). Large setup violations at the end of those stages might be difficult to fix during the post-placement implementation flow and could be the result of non-optimal XDC constraints or non-optimal design architecture
Related violations: <none>

TIMING-16#367 Warning
Large setup violation  
There is a large setup violation of -4.007 ns between mig_axi_interconnect/s00_w_fifo/mem_reg_0_15_0_5/RAMA_D1/CLK (clocked by clk_out2_clk_pll_33) and mig_axi/u_mig_axi_32_mig/u_memc_ui_top_axi/u_axi_mc/USE_UPSIZER.upsizer_d2/USE_WRITE.write_data_inst/WORD_LANE[1].USE_ALWAYS_PACKER.BYTE_LANE[0].USE_FPGA_DATA.USE_REGISTER.BIT_LANE[1].FDRE_wdata_inst/D (clocked by clk_pll_i). Large setup violations at the end of those stages might be difficult to fix during the post-placement implementation flow and could be the result of non-optimal XDC constraints or non-optimal design architecture
Related violations: <none>

TIMING-16#368 Warning
Large setup violation  
There is a large setup violation of -4.009 ns between mig_axi_interconnect/s00_w_fifo/mem_reg_0_15_0_5/RAMA_D1/CLK (clocked by clk_out2_clk_pll_33) and mig_axi/u_mig_axi_32_mig/u_memc_ui_top_axi/u_axi_mc/USE_UPSIZER.upsizer_d2/USE_WRITE.write_data_inst/WORD_LANE[1].USE_ALWAYS_PACKER.BYTE_LANE[0].USE_FPGA_DATA.USE_REGISTER.BIT_LANE[4].FDRE_wdata_inst/D (clocked by clk_pll_i). Large setup violations at the end of those stages might be difficult to fix during the post-placement implementation flow and could be the result of non-optimal XDC constraints or non-optimal design architecture
Related violations: <none>

TIMING-16#369 Warning
Large setup violation  
There is a large setup violation of -4.010 ns between mig_axi_interconnect/s01_w_fifo/mem_reg_0_15_24_29/RAMC/CLK (clocked by clk_out2_clk_pll_33) and mig_axi/u_mig_axi_32_mig/u_memc_ui_top_axi/u_axi_mc/USE_UPSIZER.upsizer_d2/USE_WRITE.write_data_inst/WORD_LANE[0].USE_ALWAYS_PACKER.BYTE_LANE[2].USE_FPGA_DATA.USE_REGISTER.BIT_LANE[7].FDRE_wdata_inst/D (clocked by clk_pll_i). Large setup violations at the end of those stages might be difficult to fix during the post-placement implementation flow and could be the result of non-optimal XDC constraints or non-optimal design architecture
Related violations: <none>

TIMING-16#370 Warning
Large setup violation  
There is a large setup violation of -4.017 ns between mig_axi_interconnect/s00_w_fifo/mem_reg_0_15_0_5/RAMA/CLK (clocked by clk_out2_clk_pll_33) and mig_axi/u_mig_axi_32_mig/u_memc_ui_top_axi/u_axi_mc/USE_UPSIZER.upsizer_d2/USE_WRITE.write_data_inst/WORD_LANE[0].USE_ALWAYS_PACKER.BYTE_LANE[0].USE_FPGA_DATA.BIT_LANE[1].FDRE_wdata_inst/D (clocked by clk_pll_i). Large setup violations at the end of those stages might be difficult to fix during the post-placement implementation flow and could be the result of non-optimal XDC constraints or non-optimal design architecture
Related violations: <none>

TIMING-16#371 Warning
Large setup violation  
There is a large setup violation of -4.017 ns between mig_axi_interconnect/s00_w_fifo/mem_reg_0_15_0_5/RAMB_D1/CLK (clocked by clk_out2_clk_pll_33) and mig_axi/u_mig_axi_32_mig/u_memc_ui_top_axi/u_axi_mc/USE_UPSIZER.upsizer_d2/USE_WRITE.write_data_inst/WORD_LANE[3].USE_ALWAYS_PACKER.BYTE_LANE[2].USE_FPGA_DATA.BIT_LANE[0].FDRE_wdata_inst/D (clocked by clk_pll_i). Large setup violations at the end of those stages might be difficult to fix during the post-placement implementation flow and could be the result of non-optimal XDC constraints or non-optimal design architecture
Related violations: <none>

TIMING-16#372 Warning
Large setup violation  
There is a large setup violation of -4.019 ns between mig_axi_interconnect/s00_w_fifo/mem_reg_0_15_0_5/RAMB/CLK (clocked by clk_out2_clk_pll_33) and mig_axi/u_mig_axi_32_mig/u_memc_ui_top_axi/u_axi_mc/USE_UPSIZER.upsizer_d2/USE_WRITE.write_data_inst/WORD_LANE[3].USE_ALWAYS_PACKER.BYTE_LANE[1].USE_FPGA_DATA.USE_REGISTER.BIT_LANE[7].FDRE_wdata_inst/D (clocked by clk_pll_i). Large setup violations at the end of those stages might be difficult to fix during the post-placement implementation flow and could be the result of non-optimal XDC constraints or non-optimal design architecture
Related violations: <none>

TIMING-16#373 Warning
Large setup violation  
There is a large setup violation of -4.022 ns between mig_axi_interconnect/s00_w_fifo/mem_reg_0_15_0_5/RAMA/CLK (clocked by clk_out2_clk_pll_33) and mig_axi/u_mig_axi_32_mig/u_memc_ui_top_axi/u_axi_mc/USE_UPSIZER.upsizer_d2/USE_WRITE.write_data_inst/WORD_LANE[1].USE_ALWAYS_PACKER.BYTE_LANE[0].USE_FPGA_DATA.BIT_LANE[1].FDRE_wdata_inst/D (clocked by clk_pll_i). Large setup violations at the end of those stages might be difficult to fix during the post-placement implementation flow and could be the result of non-optimal XDC constraints or non-optimal design architecture
Related violations: <none>

TIMING-16#374 Warning
Large setup violation  
There is a large setup violation of -4.023 ns between mig_axi_interconnect/s00_w_fifo/mem_reg_0_15_0_5/RAMA/CLK (clocked by clk_out2_clk_pll_33) and mig_axi/u_mig_axi_32_mig/u_memc_ui_top_axi/u_axi_mc/USE_UPSIZER.upsizer_d2/USE_WRITE.write_addr_inst/USE_BURSTS.cmd_queue/USE_FF_OUT.USE_FPGA_OUTPUT_PIPELINE.DATA_GEN[9].FDRE_inst/D (clocked by clk_pll_i). Large setup violations at the end of those stages might be difficult to fix during the post-placement implementation flow and could be the result of non-optimal XDC constraints or non-optimal design architecture
Related violations: <none>

TIMING-16#375 Warning
Large setup violation  
There is a large setup violation of -4.023 ns between mig_axi_interconnect/s01_w_fifo/mem_reg_0_15_36_36/RAMB/CLK (clocked by clk_out2_clk_pll_33) and mig_axi/u_mig_axi_32_mig/u_memc_ui_top_axi/u_axi_mc/USE_UPSIZER.upsizer_d2/USE_WRITE.write_data_inst/WORD_LANE[0].USE_ALWAYS_PACKER.BYTE_LANE[3].USE_FPGA_DATA.USE_REGISTER.BIT_LANE[1].FDRE_wdata_inst/D (clocked by clk_pll_i). Large setup violations at the end of those stages might be difficult to fix during the post-placement implementation flow and could be the result of non-optimal XDC constraints or non-optimal design architecture
Related violations: <none>

TIMING-16#376 Warning
Large setup violation  
There is a large setup violation of -4.025 ns between mig_axi_interconnect/s00_w_fifo/mem_reg_0_15_0_5/RAMB_D1/CLK (clocked by clk_out2_clk_pll_33) and mig_axi/u_mig_axi_32_mig/u_memc_ui_top_axi/u_axi_mc/USE_UPSIZER.upsizer_d2/USE_WRITE.write_data_inst/WORD_LANE[3].USE_ALWAYS_PACKER.BYTE_LANE[2].USE_FPGA_DATA.BIT_LANE[6].FDRE_wdata_inst/D (clocked by clk_pll_i). Large setup violations at the end of those stages might be difficult to fix during the post-placement implementation flow and could be the result of non-optimal XDC constraints or non-optimal design architecture
Related violations: <none>

TIMING-16#377 Warning
Large setup violation  
There is a large setup violation of -4.026 ns between mig_axi_interconnect/s01_w_fifo/mem_reg_0_15_24_29/RAMB_D1/CLK (clocked by clk_out2_clk_pll_33) and mig_axi/u_mig_axi_32_mig/u_memc_ui_top_axi/u_axi_mc/USE_UPSIZER.upsizer_d2/USE_WRITE.write_data_inst/WORD_LANE[2].USE_ALWAYS_PACKER.BYTE_LANE[2].USE_FPGA_DATA.USE_REGISTER.BIT_LANE[6].FDRE_wdata_inst/D (clocked by clk_pll_i). Large setup violations at the end of those stages might be difficult to fix during the post-placement implementation flow and could be the result of non-optimal XDC constraints or non-optimal design architecture
Related violations: <none>

TIMING-16#378 Warning
Large setup violation  
There is a large setup violation of -4.028 ns between mig_axi_interconnect/s00_w_fifo/mem_reg_0_15_0_5/RAMB/CLK (clocked by clk_out2_clk_pll_33) and mig_axi/u_mig_axi_32_mig/u_memc_ui_top_axi/u_axi_mc/USE_UPSIZER.upsizer_d2/USE_WRITE.write_data_inst/WORD_LANE[0].USE_ALWAYS_PACKER.BYTE_LANE[1].USE_FPGA_DATA.BIT_LANE[1].FDRE_wdata_inst/D (clocked by clk_pll_i). Large setup violations at the end of those stages might be difficult to fix during the post-placement implementation flow and could be the result of non-optimal XDC constraints or non-optimal design architecture
Related violations: <none>

TIMING-16#379 Warning
Large setup violation  
There is a large setup violation of -4.028 ns between mig_axi_interconnect/s01_w_fifo/mem_reg_0_15_36_36/RAMB/CLK (clocked by clk_out2_clk_pll_33) and mig_axi/u_mig_axi_32_mig/u_memc_ui_top_axi/u_axi_mc/USE_UPSIZER.upsizer_d2/USE_WRITE.write_data_inst/WORD_LANE[0].USE_ALWAYS_PACKER.BYTE_LANE[3].USE_FPGA_DATA.USE_REGISTER.BIT_LANE[0].FDRE_wdata_inst/D (clocked by clk_pll_i). Large setup violations at the end of those stages might be difficult to fix during the post-placement implementation flow and could be the result of non-optimal XDC constraints or non-optimal design architecture
Related violations: <none>

TIMING-16#380 Warning
Large setup violation  
There is a large setup violation of -4.029 ns between mig_axi_interconnect/s00_w_fifo/mem_reg_0_15_0_5/RAMB/CLK (clocked by clk_out2_clk_pll_33) and mig_axi/u_mig_axi_32_mig/u_memc_ui_top_axi/u_axi_mc/USE_UPSIZER.upsizer_d2/USE_WRITE.write_data_inst/WORD_LANE[0].USE_ALWAYS_PACKER.BYTE_LANE[1].USE_FPGA_DATA.BIT_LANE[4].FDRE_wdata_inst/D (clocked by clk_pll_i). Large setup violations at the end of those stages might be difficult to fix during the post-placement implementation flow and could be the result of non-optimal XDC constraints or non-optimal design architecture
Related violations: <none>

TIMING-16#381 Warning
Large setup violation  
There is a large setup violation of -4.030 ns between mig_axi_interconnect/s01_w_fifo/mem_reg_0_15_6_11/RAMC_D1/CLK (clocked by clk_out2_clk_pll_33) and mig_axi/u_mig_axi_32_mig/u_memc_ui_top_axi/u_axi_mc/USE_UPSIZER.upsizer_d2/USE_WRITE.write_data_inst/WORD_LANE[0].USE_ALWAYS_PACKER.BYTE_LANE[0].USE_FPGA_DATA.USE_REGISTER.BIT_LANE[6].FDRE_wdata_inst/D (clocked by clk_pll_i). Large setup violations at the end of those stages might be difficult to fix during the post-placement implementation flow and could be the result of non-optimal XDC constraints or non-optimal design architecture
Related violations: <none>

TIMING-16#382 Warning
Large setup violation  
There is a large setup violation of -4.033 ns between mig_axi_interconnect/s00_w_fifo/mem_reg_0_15_0_5/RAMB_D1/CLK (clocked by clk_out2_clk_pll_33) and mig_axi/u_mig_axi_32_mig/u_memc_ui_top_axi/u_axi_mc/USE_UPSIZER.upsizer_d2/USE_WRITE.write_data_inst/WORD_LANE[0].USE_ALWAYS_PACKER.BYTE_LANE[2].USE_FPGA_DATA.BIT_LANE[6].FDRE_wdata_inst/D (clocked by clk_pll_i). Large setup violations at the end of those stages might be difficult to fix during the post-placement implementation flow and could be the result of non-optimal XDC constraints or non-optimal design architecture
Related violations: <none>

TIMING-16#383 Warning
Large setup violation  
There is a large setup violation of -4.038 ns between mig_axi_interconnect/s00_w_fifo/mem_reg_0_15_0_5/RAMA/CLK (clocked by clk_out2_clk_pll_33) and mig_axi/u_mig_axi_32_mig/u_memc_ui_top_axi/u_axi_mc/USE_UPSIZER.upsizer_d2/USE_WRITE.write_addr_inst/USE_BURSTS.cmd_queue/USE_FF_OUT.USE_FPGA_OUTPUT_PIPELINE.DATA_GEN[6].FDRE_inst/D (clocked by clk_pll_i). Large setup violations at the end of those stages might be difficult to fix during the post-placement implementation flow and could be the result of non-optimal XDC constraints or non-optimal design architecture
Related violations: <none>

TIMING-16#384 Warning
Large setup violation  
There is a large setup violation of -4.038 ns between mig_axi_interconnect/s00_w_fifo/mem_reg_0_15_0_5/RAMA/CLK (clocked by clk_out2_clk_pll_33) and mig_axi/u_mig_axi_32_mig/u_memc_ui_top_axi/u_axi_mc/USE_UPSIZER.upsizer_d2/USE_WRITE.write_data_inst/WORD_LANE[3].USE_ALWAYS_PACKER.BYTE_LANE[1].USE_FPGA_DATA.BIT_LANE[5].FDRE_wdata_inst/D (clocked by clk_pll_i). Large setup violations at the end of those stages might be difficult to fix during the post-placement implementation flow and could be the result of non-optimal XDC constraints or non-optimal design architecture
Related violations: <none>

TIMING-16#385 Warning
Large setup violation  
There is a large setup violation of -4.038 ns between mig_axi_interconnect/s00_w_fifo/mem_reg_0_15_0_5/RAMB/CLK (clocked by clk_out2_clk_pll_33) and mig_axi/u_mig_axi_32_mig/u_memc_ui_top_axi/u_axi_mc/USE_UPSIZER.upsizer_d2/USE_WRITE.write_data_inst/WORD_LANE[3].USE_ALWAYS_PACKER.BYTE_LANE[1].USE_FPGA_DATA.USE_REGISTER.BIT_LANE[2].FDRE_wdata_inst/D (clocked by clk_pll_i). Large setup violations at the end of those stages might be difficult to fix during the post-placement implementation flow and could be the result of non-optimal XDC constraints or non-optimal design architecture
Related violations: <none>

TIMING-16#386 Warning
Large setup violation  
There is a large setup violation of -4.038 ns between mig_axi_interconnect/s01_w_fifo/mem_reg_0_15_36_36/RAMB_D1/CLK (clocked by clk_out2_clk_pll_33) and mig_axi/u_mig_axi_32_mig/u_memc_ui_top_axi/u_axi_mc/USE_UPSIZER.upsizer_d2/USE_WRITE.write_data_inst/WORD_LANE[1].USE_ALWAYS_PACKER.BYTE_LANE[0].USE_FPGA_DATA.USE_REGISTER.BIT_LANE[0].FDRE_wdata_inst/D (clocked by clk_pll_i). Large setup violations at the end of those stages might be difficult to fix during the post-placement implementation flow and could be the result of non-optimal XDC constraints or non-optimal design architecture
Related violations: <none>

TIMING-16#387 Warning
Large setup violation  
There is a large setup violation of -4.041 ns between mig_axi_interconnect/s00_w_fifo/mem_reg_0_15_0_5/RAMA/CLK (clocked by clk_out2_clk_pll_33) and mig_axi/u_mig_axi_32_mig/u_memc_ui_top_axi/u_axi_mc/USE_UPSIZER.upsizer_d2/USE_WRITE.write_addr_inst/USE_BURSTS.cmd_queue/USE_FF_OUT.USE_FPGA_OUTPUT_PIPELINE.DATA_GEN[32].FDRE_inst/D (clocked by clk_pll_i). Large setup violations at the end of those stages might be difficult to fix during the post-placement implementation flow and could be the result of non-optimal XDC constraints or non-optimal design architecture
Related violations: <none>

TIMING-16#388 Warning
Large setup violation  
There is a large setup violation of -4.046 ns between mig_axi_interconnect/s00_w_fifo/mem_reg_0_15_0_5/RAMB/CLK (clocked by clk_out2_clk_pll_33) and mig_axi/u_mig_axi_32_mig/u_memc_ui_top_axi/u_axi_mc/USE_UPSIZER.upsizer_d2/USE_WRITE.write_data_inst/WORD_LANE[1].USE_ALWAYS_PACKER.BYTE_LANE[1].USE_FPGA_DATA.USE_REGISTER.BIT_LANE[2].FDRE_wdata_inst/D (clocked by clk_pll_i). Large setup violations at the end of those stages might be difficult to fix during the post-placement implementation flow and could be the result of non-optimal XDC constraints or non-optimal design architecture
Related violations: <none>

TIMING-16#389 Warning
Large setup violation  
There is a large setup violation of -4.049 ns between mig_axi_interconnect/s01_w_fifo/mem_reg_0_15_12_17/RAMC_D1/CLK (clocked by clk_out2_clk_pll_33) and mig_axi/u_mig_axi_32_mig/u_memc_ui_top_axi/u_axi_mc/USE_UPSIZER.upsizer_d2/USE_WRITE.write_data_inst/WORD_LANE[0].USE_ALWAYS_PACKER.BYTE_LANE[1].USE_FPGA_DATA.USE_REGISTER.BIT_LANE[4].FDRE_wdata_inst/D (clocked by clk_pll_i). Large setup violations at the end of those stages might be difficult to fix during the post-placement implementation flow and could be the result of non-optimal XDC constraints or non-optimal design architecture
Related violations: <none>

TIMING-16#390 Warning
Large setup violation  
There is a large setup violation of -4.052 ns between mig_axi_interconnect/s00_w_fifo/mem_reg_0_15_0_5/RAMA/CLK (clocked by clk_out2_clk_pll_33) and mig_axi/u_mig_axi_32_mig/u_memc_ui_top_axi/u_axi_mc/USE_UPSIZER.upsizer_d2/USE_WRITE.write_data_inst/WORD_LANE[0].USE_ALWAYS_PACKER.BYTE_LANE[0].USE_FPGA_DATA.BIT_LANE[7].FDRE_wdata_inst/D (clocked by clk_pll_i). Large setup violations at the end of those stages might be difficult to fix during the post-placement implementation flow and could be the result of non-optimal XDC constraints or non-optimal design architecture
Related violations: <none>

TIMING-16#391 Warning
Large setup violation  
There is a large setup violation of -4.052 ns between mig_axi_interconnect/s00_w_fifo/mem_reg_0_15_0_5/RAMB_D1/CLK (clocked by clk_out2_clk_pll_33) and mig_axi/u_mig_axi_32_mig/u_memc_ui_top_axi/u_axi_mc/USE_UPSIZER.upsizer_d2/USE_WRITE.write_data_inst/WORD_LANE[0].USE_ALWAYS_PACKER.BYTE_LANE[2].USE_FPGA_DATA.FDRE_wstrb_inst/D (clocked by clk_pll_i). Large setup violations at the end of those stages might be difficult to fix during the post-placement implementation flow and could be the result of non-optimal XDC constraints or non-optimal design architecture
Related violations: <none>

TIMING-16#392 Warning
Large setup violation  
There is a large setup violation of -4.053 ns between mig_axi_interconnect/s00_w_fifo/mem_reg_0_15_0_5/RAMB/CLK (clocked by clk_out2_clk_pll_33) and mig_axi/u_mig_axi_32_mig/u_memc_ui_top_axi/u_axi_mc/USE_UPSIZER.upsizer_d2/USE_WRITE.write_data_inst/WORD_LANE[0].USE_ALWAYS_PACKER.BYTE_LANE[1].USE_FPGA_DATA.BIT_LANE[0].FDRE_wdata_inst/D (clocked by clk_pll_i). Large setup violations at the end of those stages might be difficult to fix during the post-placement implementation flow and could be the result of non-optimal XDC constraints or non-optimal design architecture
Related violations: <none>

TIMING-16#393 Warning
Large setup violation  
There is a large setup violation of -4.054 ns between mig_axi_interconnect/s00_w_fifo/mem_reg_0_15_0_5/RAMB/CLK (clocked by clk_out2_clk_pll_33) and mig_axi/u_mig_axi_32_mig/u_memc_ui_top_axi/u_axi_mc/USE_UPSIZER.upsizer_d2/USE_WRITE.write_data_inst/WORD_LANE[1].USE_ALWAYS_PACKER.BYTE_LANE[1].USE_FPGA_DATA.USE_REGISTER.BIT_LANE[0].FDRE_wdata_inst/D (clocked by clk_pll_i). Large setup violations at the end of those stages might be difficult to fix during the post-placement implementation flow and could be the result of non-optimal XDC constraints or non-optimal design architecture
Related violations: <none>

TIMING-16#394 Warning
Large setup violation  
There is a large setup violation of -4.057 ns between mig_axi_interconnect/s00_w_fifo/mem_reg_0_15_0_5/RAMB/CLK (clocked by clk_out2_clk_pll_33) and mig_axi/u_mig_axi_32_mig/u_memc_ui_top_axi/u_axi_mc/USE_UPSIZER.upsizer_d2/USE_WRITE.write_data_inst/WORD_LANE[1].USE_ALWAYS_PACKER.BYTE_LANE[1].USE_FPGA_DATA.USE_REGISTER.BIT_LANE[1].FDRE_wdata_inst/D (clocked by clk_pll_i). Large setup violations at the end of those stages might be difficult to fix during the post-placement implementation flow and could be the result of non-optimal XDC constraints or non-optimal design architecture
Related violations: <none>

TIMING-16#395 Warning
Large setup violation  
There is a large setup violation of -4.058 ns between mig_axi_interconnect/s01_w_fifo/mem_reg_0_15_6_11/RAMA/CLK (clocked by clk_out2_clk_pll_33) and mig_axi/u_mig_axi_32_mig/u_memc_ui_top_axi/u_axi_mc/USE_UPSIZER.upsizer_d2/USE_WRITE.write_data_inst/WORD_LANE[3].USE_ALWAYS_PACKER.BYTE_LANE[0].USE_FPGA_DATA.BIT_LANE[1].FDRE_wdata_inst/D (clocked by clk_pll_i). Large setup violations at the end of those stages might be difficult to fix during the post-placement implementation flow and could be the result of non-optimal XDC constraints or non-optimal design architecture
Related violations: <none>

TIMING-16#396 Warning
Large setup violation  
There is a large setup violation of -4.062 ns between mig_axi_interconnect/s00_w_fifo/mem_reg_0_15_0_5/RAMB/CLK (clocked by clk_out2_clk_pll_33) and mig_axi/u_mig_axi_32_mig/u_memc_ui_top_axi/u_axi_mc/USE_UPSIZER.upsizer_d2/USE_WRITE.write_data_inst/WORD_LANE[1].USE_ALWAYS_PACKER.BYTE_LANE[1].USE_FPGA_DATA.BIT_LANE[0].FDRE_wdata_inst/D (clocked by clk_pll_i). Large setup violations at the end of those stages might be difficult to fix during the post-placement implementation flow and could be the result of non-optimal XDC constraints or non-optimal design architecture
Related violations: <none>

TIMING-16#397 Warning
Large setup violation  
There is a large setup violation of -4.065 ns between mig_axi_interconnect/s00_w_fifo/mem_reg_0_15_0_5/RAMB/CLK (clocked by clk_out2_clk_pll_33) and mig_axi/u_mig_axi_32_mig/u_memc_ui_top_axi/u_axi_mc/USE_UPSIZER.upsizer_d2/USE_WRITE.write_data_inst/WORD_LANE[0].USE_ALWAYS_PACKER.BYTE_LANE[1].USE_FPGA_DATA.USE_REGISTER.BIT_LANE[5].FDRE_wdata_inst/D (clocked by clk_pll_i). Large setup violations at the end of those stages might be difficult to fix during the post-placement implementation flow and could be the result of non-optimal XDC constraints or non-optimal design architecture
Related violations: <none>

TIMING-16#398 Warning
Large setup violation  
There is a large setup violation of -4.065 ns between mig_axi_interconnect/s00_w_fifo/mem_reg_0_15_0_5/RAMB_D1/CLK (clocked by clk_out2_clk_pll_33) and mig_axi/u_mig_axi_32_mig/u_memc_ui_top_axi/u_axi_mc/USE_UPSIZER.upsizer_d2/USE_WRITE.write_data_inst/WORD_LANE[3].USE_ALWAYS_PACKER.BYTE_LANE[2].USE_FPGA_DATA.BIT_LANE[3].FDRE_wdata_inst/D (clocked by clk_pll_i). Large setup violations at the end of those stages might be difficult to fix during the post-placement implementation flow and could be the result of non-optimal XDC constraints or non-optimal design architecture
Related violations: <none>

TIMING-16#399 Warning
Large setup violation  
There is a large setup violation of -4.068 ns between mig_axi_interconnect/s01_w_fifo/mem_reg_0_15_24_29/RAMC/CLK (clocked by clk_out2_clk_pll_33) and mig_axi/u_mig_axi_32_mig/u_memc_ui_top_axi/u_axi_mc/USE_UPSIZER.upsizer_d2/USE_WRITE.write_data_inst/WORD_LANE[1].USE_ALWAYS_PACKER.BYTE_LANE[2].USE_FPGA_DATA.BIT_LANE[7].FDRE_wdata_inst/D (clocked by clk_pll_i). Large setup violations at the end of those stages might be difficult to fix during the post-placement implementation flow and could be the result of non-optimal XDC constraints or non-optimal design architecture
Related violations: <none>

TIMING-16#400 Warning
Large setup violation  
There is a large setup violation of -4.070 ns between mig_axi_interconnect/s00_w_fifo/mem_reg_0_15_0_5/RAMA/CLK (clocked by clk_out2_clk_pll_33) and mig_axi/u_mig_axi_32_mig/u_memc_ui_top_axi/u_axi_mc/USE_UPSIZER.upsizer_d2/USE_WRITE.write_data_inst/WORD_LANE[1].USE_ALWAYS_PACKER.BYTE_LANE[3].USE_FPGA_DATA.BIT_LANE[1].FDRE_wdata_inst/D (clocked by clk_pll_i). Large setup violations at the end of those stages might be difficult to fix during the post-placement implementation flow and could be the result of non-optimal XDC constraints or non-optimal design architecture
Related violations: <none>

TIMING-16#401 Warning
Large setup violation  
There is a large setup violation of -4.071 ns between mig_axi_interconnect/s00_w_fifo/mem_reg_0_15_0_5/RAMB/CLK (clocked by clk_out2_clk_pll_33) and mig_axi/u_mig_axi_32_mig/u_memc_ui_top_axi/u_axi_mc/USE_UPSIZER.upsizer_d2/USE_WRITE.write_data_inst/WORD_LANE[0].USE_ALWAYS_PACKER.BYTE_LANE[1].USE_FPGA_DATA.USE_REGISTER.BIT_LANE[0].FDRE_wdata_inst/D (clocked by clk_pll_i). Large setup violations at the end of those stages might be difficult to fix during the post-placement implementation flow and could be the result of non-optimal XDC constraints or non-optimal design architecture
Related violations: <none>

TIMING-16#402 Warning
Large setup violation  
There is a large setup violation of -4.075 ns between mig_axi_interconnect/s00_w_fifo/mem_reg_0_15_0_5/RAMB/CLK (clocked by clk_out2_clk_pll_33) and mig_axi/u_mig_axi_32_mig/u_memc_ui_top_axi/u_axi_mc/USE_UPSIZER.upsizer_d2/USE_WRITE.write_data_inst/WORD_LANE[3].USE_ALWAYS_PACKER.BYTE_LANE[1].USE_FPGA_DATA.FDRE_wstrb_inst/D (clocked by clk_pll_i). Large setup violations at the end of those stages might be difficult to fix during the post-placement implementation flow and could be the result of non-optimal XDC constraints or non-optimal design architecture
Related violations: <none>

TIMING-16#403 Warning
Large setup violation  
There is a large setup violation of -4.079 ns between mig_axi_interconnect/s00_w_fifo/mem_reg_0_15_0_5/RAMA/CLK (clocked by clk_out2_clk_pll_33) and mig_axi/u_mig_axi_32_mig/u_memc_ui_top_axi/u_axi_mc/USE_UPSIZER.upsizer_d2/USE_WRITE.write_data_inst/WORD_LANE[0].USE_ALWAYS_PACKER.BYTE_LANE[1].USE_FPGA_DATA.FDRE_wstrb_inst/D (clocked by clk_pll_i). Large setup violations at the end of those stages might be difficult to fix during the post-placement implementation flow and could be the result of non-optimal XDC constraints or non-optimal design architecture
Related violations: <none>

TIMING-16#404 Warning
Large setup violation  
There is a large setup violation of -4.079 ns between mig_axi_interconnect/s00_w_fifo/mem_reg_0_15_0_5/RAMB_D1/CLK (clocked by clk_out2_clk_pll_33) and mig_axi/u_mig_axi_32_mig/u_memc_ui_top_axi/u_axi_mc/USE_UPSIZER.upsizer_d2/USE_WRITE.write_data_inst/WORD_LANE[3].USE_ALWAYS_PACKER.BYTE_LANE[2].USE_FPGA_DATA.USE_REGISTER.BIT_LANE[5].FDRE_wdata_inst/D (clocked by clk_pll_i). Large setup violations at the end of those stages might be difficult to fix during the post-placement implementation flow and could be the result of non-optimal XDC constraints or non-optimal design architecture
Related violations: <none>

TIMING-16#405 Warning
Large setup violation  
There is a large setup violation of -4.084 ns between mig_axi_interconnect/s00_w_fifo/mem_reg_0_15_0_5/RAMB/CLK (clocked by clk_out2_clk_pll_33) and mig_axi/u_mig_axi_32_mig/u_memc_ui_top_axi/u_axi_mc/USE_UPSIZER.upsizer_d2/USE_WRITE.write_data_inst/WORD_LANE[1].USE_ALWAYS_PACKER.BYTE_LANE[1].USE_FPGA_DATA.USE_REGISTER.BIT_LANE[4].FDRE_wdata_inst/D (clocked by clk_pll_i). Large setup violations at the end of those stages might be difficult to fix during the post-placement implementation flow and could be the result of non-optimal XDC constraints or non-optimal design architecture
Related violations: <none>

TIMING-16#406 Warning
Large setup violation  
There is a large setup violation of -4.085 ns between mig_axi_interconnect/s00_w_fifo/mem_reg_0_15_0_5/RAMA/CLK (clocked by clk_out2_clk_pll_33) and mig_axi/u_mig_axi_32_mig/u_memc_ui_top_axi/u_axi_mc/USE_UPSIZER.upsizer_d2/USE_WRITE.write_data_inst/WORD_LANE[2].USE_ALWAYS_PACKER.BYTE_LANE[3].USE_FPGA_DATA.BIT_LANE[5].FDRE_wdata_inst/D (clocked by clk_pll_i). Large setup violations at the end of those stages might be difficult to fix during the post-placement implementation flow and could be the result of non-optimal XDC constraints or non-optimal design architecture
Related violations: <none>

TIMING-16#407 Warning
Large setup violation  
There is a large setup violation of -4.088 ns between mig_axi_interconnect/s00_w_fifo/mem_reg_0_15_0_5/RAMA/CLK (clocked by clk_out2_clk_pll_33) and mig_axi/u_mig_axi_32_mig/u_memc_ui_top_axi/u_axi_mc/USE_UPSIZER.upsizer_d2/USE_WRITE.write_data_inst/WORD_LANE[1].USE_ALWAYS_PACKER.BYTE_LANE[0].USE_FPGA_DATA.BIT_LANE[5].FDRE_wdata_inst/D (clocked by clk_pll_i). Large setup violations at the end of those stages might be difficult to fix during the post-placement implementation flow and could be the result of non-optimal XDC constraints or non-optimal design architecture
Related violations: <none>

TIMING-16#408 Warning
Large setup violation  
There is a large setup violation of -4.091 ns between mig_axi_interconnect/s00_w_fifo/mem_reg_0_15_0_5/RAMA/CLK (clocked by clk_out2_clk_pll_33) and mig_axi/u_mig_axi_32_mig/u_memc_ui_top_axi/u_axi_mc/USE_UPSIZER.upsizer_d2/USE_WRITE.write_data_inst/WORD_LANE[3].USE_ALWAYS_PACKER.BYTE_LANE[0].USE_FPGA_DATA.BIT_LANE[7].FDRE_wdata_inst/D (clocked by clk_pll_i). Large setup violations at the end of those stages might be difficult to fix during the post-placement implementation flow and could be the result of non-optimal XDC constraints or non-optimal design architecture
Related violations: <none>

TIMING-16#409 Warning
Large setup violation  
There is a large setup violation of -4.091 ns between mig_axi_interconnect/s00_w_fifo/mem_reg_0_15_0_5/RAMB_D1/CLK (clocked by clk_out2_clk_pll_33) and mig_axi/u_mig_axi_32_mig/u_memc_ui_top_axi/u_axi_mc/USE_UPSIZER.upsizer_d2/USE_WRITE.write_data_inst/WORD_LANE[0].USE_ALWAYS_PACKER.BYTE_LANE[2].USE_FPGA_DATA.BIT_LANE[1].FDRE_wdata_inst/D (clocked by clk_pll_i). Large setup violations at the end of those stages might be difficult to fix during the post-placement implementation flow and could be the result of non-optimal XDC constraints or non-optimal design architecture
Related violations: <none>

TIMING-16#410 Warning
Large setup violation  
There is a large setup violation of -4.096 ns between mig_axi_interconnect/s00_w_fifo/mem_reg_0_15_0_5/RAMB/CLK (clocked by clk_out2_clk_pll_33) and mig_axi/u_mig_axi_32_mig/u_memc_ui_top_axi/u_axi_mc/USE_UPSIZER.upsizer_d2/USE_WRITE.write_data_inst/WORD_LANE[2].USE_ALWAYS_PACKER.BYTE_LANE[1].USE_FPGA_DATA.BIT_LANE[5].FDRE_wdata_inst/D (clocked by clk_pll_i). Large setup violations at the end of those stages might be difficult to fix during the post-placement implementation flow and could be the result of non-optimal XDC constraints or non-optimal design architecture
Related violations: <none>

TIMING-16#411 Warning
Large setup violation  
There is a large setup violation of -4.096 ns between mig_axi_interconnect/s00_w_fifo/mem_reg_0_15_0_5/RAMB_D1/CLK (clocked by clk_out2_clk_pll_33) and mig_axi/u_mig_axi_32_mig/u_memc_ui_top_axi/u_axi_mc/USE_UPSIZER.upsizer_d2/USE_WRITE.write_data_inst/WORD_LANE[1].USE_ALWAYS_PACKER.BYTE_LANE[2].USE_FPGA_DATA.BIT_LANE[3].FDRE_wdata_inst/D (clocked by clk_pll_i). Large setup violations at the end of those stages might be difficult to fix during the post-placement implementation flow and could be the result of non-optimal XDC constraints or non-optimal design architecture
Related violations: <none>

TIMING-16#412 Warning
Large setup violation  
There is a large setup violation of -4.099 ns between mig_axi_interconnect/s01_w_fifo/mem_reg_0_15_18_23/RAMA_D1/CLK (clocked by clk_out2_clk_pll_33) and mig_axi/u_mig_axi_32_mig/u_memc_ui_top_axi/u_axi_mc/USE_UPSIZER.upsizer_d2/USE_WRITE.write_data_inst/WORD_LANE[1].USE_ALWAYS_PACKER.BYTE_LANE[1].USE_FPGA_DATA.BIT_LANE[6].FDRE_wdata_inst/D (clocked by clk_pll_i). Large setup violations at the end of those stages might be difficult to fix during the post-placement implementation flow and could be the result of non-optimal XDC constraints or non-optimal design architecture
Related violations: <none>

TIMING-16#413 Warning
Large setup violation  
There is a large setup violation of -4.104 ns between mig_axi_interconnect/s01_w_fifo/mem_reg_0_15_24_29/RAMA_D1/CLK (clocked by clk_out2_clk_pll_33) and mig_axi/u_mig_axi_32_mig/u_memc_ui_top_axi/u_axi_mc/USE_UPSIZER.upsizer_d2/USE_WRITE.write_data_inst/WORD_LANE[3].USE_ALWAYS_PACKER.BYTE_LANE[2].USE_FPGA_DATA.BIT_LANE[4].FDRE_wdata_inst/D (clocked by clk_pll_i). Large setup violations at the end of those stages might be difficult to fix during the post-placement implementation flow and could be the result of non-optimal XDC constraints or non-optimal design architecture
Related violations: <none>

TIMING-16#414 Warning
Large setup violation  
There is a large setup violation of -4.106 ns between mig_axi_interconnect/s01_w_fifo/mem_reg_0_15_6_11/RAMC/CLK (clocked by clk_out2_clk_pll_33) and mig_axi/u_mig_axi_32_mig/u_memc_ui_top_axi/u_axi_mc/USE_UPSIZER.upsizer_d2/USE_WRITE.write_data_inst/WORD_LANE[3].USE_ALWAYS_PACKER.BYTE_LANE[0].USE_FPGA_DATA.BIT_LANE[5].FDRE_wdata_inst/D (clocked by clk_pll_i). Large setup violations at the end of those stages might be difficult to fix during the post-placement implementation flow and could be the result of non-optimal XDC constraints or non-optimal design architecture
Related violations: <none>

TIMING-16#415 Warning
Large setup violation  
There is a large setup violation of -4.107 ns between mig_axi_interconnect/s00_w_fifo/mem_reg_0_15_0_5/RAMB/CLK (clocked by clk_out2_clk_pll_33) and mig_axi/u_mig_axi_32_mig/u_memc_ui_top_axi/u_axi_mc/USE_UPSIZER.upsizer_d2/USE_WRITE.write_data_inst/WORD_LANE[0].USE_ALWAYS_PACKER.BYTE_LANE[1].USE_FPGA_DATA.BIT_LANE[6].FDRE_wdata_inst/D (clocked by clk_pll_i). Large setup violations at the end of those stages might be difficult to fix during the post-placement implementation flow and could be the result of non-optimal XDC constraints or non-optimal design architecture
Related violations: <none>

TIMING-16#416 Warning
Large setup violation  
There is a large setup violation of -4.113 ns between mig_axi_interconnect/s00_w_fifo/mem_reg_0_15_0_5/RAMA/CLK (clocked by clk_out2_clk_pll_33) and mig_axi/u_mig_axi_32_mig/u_memc_ui_top_axi/u_axi_mc/USE_UPSIZER.upsizer_d2/USE_WRITE.write_data_inst/WORD_LANE[1].USE_ALWAYS_PACKER.BYTE_LANE[0].USE_FPGA_DATA.BIT_LANE[2].FDRE_wdata_inst/D (clocked by clk_pll_i). Large setup violations at the end of those stages might be difficult to fix during the post-placement implementation flow and could be the result of non-optimal XDC constraints or non-optimal design architecture
Related violations: <none>

TIMING-16#417 Warning
Large setup violation  
There is a large setup violation of -4.113 ns between mig_axi_interconnect/s00_w_fifo/mem_reg_0_15_0_5/RAMA/CLK (clocked by clk_out2_clk_pll_33) and mig_axi/u_mig_axi_32_mig/u_memc_ui_top_axi/u_axi_mc/USE_UPSIZER.upsizer_d2/USE_WRITE.write_data_inst/WORD_LANE[1].USE_ALWAYS_PACKER.BYTE_LANE[0].USE_FPGA_DATA.BIT_LANE[4].FDRE_wdata_inst/D (clocked by clk_pll_i). Large setup violations at the end of those stages might be difficult to fix during the post-placement implementation flow and could be the result of non-optimal XDC constraints or non-optimal design architecture
Related violations: <none>

TIMING-16#418 Warning
Large setup violation  
There is a large setup violation of -4.113 ns between mig_axi_interconnect/s00_w_fifo/mem_reg_0_15_0_5/RAMA_D1/CLK (clocked by clk_out2_clk_pll_33) and mig_axi/u_mig_axi_32_mig/u_memc_ui_top_axi/u_axi_mc/USE_UPSIZER.upsizer_d2/USE_WRITE.write_data_inst/WORD_LANE[3].USE_ALWAYS_PACKER.BYTE_LANE[0].USE_FPGA_DATA.USE_REGISTER.BIT_LANE[4].FDRE_wdata_inst/D (clocked by clk_pll_i). Large setup violations at the end of those stages might be difficult to fix during the post-placement implementation flow and could be the result of non-optimal XDC constraints or non-optimal design architecture
Related violations: <none>

TIMING-16#419 Warning
Large setup violation  
There is a large setup violation of -4.115 ns between mig_axi_interconnect/s01_w_fifo/mem_reg_0_15_24_29/RAMA/CLK (clocked by clk_out2_clk_pll_33) and mig_axi/u_mig_axi_32_mig/u_memc_ui_top_axi/u_axi_mc/USE_UPSIZER.upsizer_d2/USE_WRITE.write_data_inst/WORD_LANE[0].USE_ALWAYS_PACKER.BYTE_LANE[2].USE_FPGA_DATA.BIT_LANE[3].FDRE_wdata_inst/D (clocked by clk_pll_i). Large setup violations at the end of those stages might be difficult to fix during the post-placement implementation flow and could be the result of non-optimal XDC constraints or non-optimal design architecture
Related violations: <none>

TIMING-16#420 Warning
Large setup violation  
There is a large setup violation of -4.116 ns between mig_axi_interconnect/s01_w_fifo/mem_reg_0_15_18_23/RAMB_D1/CLK (clocked by clk_out2_clk_pll_33) and mig_axi/u_mig_axi_32_mig/u_memc_ui_top_axi/u_axi_mc/USE_UPSIZER.upsizer_d2/USE_WRITE.write_data_inst/WORD_LANE[2].USE_ALWAYS_PACKER.BYTE_LANE[2].USE_FPGA_DATA.BIT_LANE[0].FDRE_wdata_inst/D (clocked by clk_pll_i). Large setup violations at the end of those stages might be difficult to fix during the post-placement implementation flow and could be the result of non-optimal XDC constraints or non-optimal design architecture
Related violations: <none>

TIMING-16#421 Warning
Large setup violation  
There is a large setup violation of -4.121 ns between mig_axi_interconnect/s00_w_fifo/mem_reg_0_15_0_5/RAMA/CLK (clocked by clk_out2_clk_pll_33) and mig_axi/u_mig_axi_32_mig/u_memc_ui_top_axi/u_axi_mc/USE_UPSIZER.upsizer_d2/USE_WRITE.write_data_inst/WORD_LANE[2].USE_ALWAYS_PACKER.BYTE_LANE[0].USE_FPGA_DATA.BIT_LANE[7].FDRE_wdata_inst/D (clocked by clk_pll_i). Large setup violations at the end of those stages might be difficult to fix during the post-placement implementation flow and could be the result of non-optimal XDC constraints or non-optimal design architecture
Related violations: <none>

TIMING-16#422 Warning
Large setup violation  
There is a large setup violation of -4.122 ns between mig_axi_interconnect/s00_w_fifo/mem_reg_0_15_0_5/RAMB/CLK (clocked by clk_out2_clk_pll_33) and mig_axi/u_mig_axi_32_mig/u_memc_ui_top_axi/u_axi_mc/USE_UPSIZER.upsizer_d2/USE_WRITE.write_data_inst/WORD_LANE[3].USE_ALWAYS_PACKER.BYTE_LANE[1].USE_FPGA_DATA.BIT_LANE[2].FDRE_wdata_inst/D (clocked by clk_pll_i). Large setup violations at the end of those stages might be difficult to fix during the post-placement implementation flow and could be the result of non-optimal XDC constraints or non-optimal design architecture
Related violations: <none>

TIMING-16#423 Warning
Large setup violation  
There is a large setup violation of -4.123 ns between mig_axi_interconnect/s01_w_fifo/mem_reg_0_15_12_17/RAMC_D1/CLK (clocked by clk_out2_clk_pll_33) and mig_axi/u_mig_axi_32_mig/u_memc_ui_top_axi/u_axi_mc/USE_UPSIZER.upsizer_d2/USE_WRITE.write_data_inst/WORD_LANE[1].USE_ALWAYS_PACKER.BYTE_LANE[1].USE_FPGA_DATA.BIT_LANE[4].FDRE_wdata_inst/D (clocked by clk_pll_i). Large setup violations at the end of those stages might be difficult to fix during the post-placement implementation flow and could be the result of non-optimal XDC constraints or non-optimal design architecture
Related violations: <none>

TIMING-16#424 Warning
Large setup violation  
There is a large setup violation of -4.124 ns between mig_axi_interconnect/s00_w_fifo/mem_reg_0_15_0_5/RAMB/CLK (clocked by clk_out2_clk_pll_33) and mig_axi/u_mig_axi_32_mig/u_memc_ui_top_axi/u_axi_mc/USE_UPSIZER.upsizer_d2/USE_WRITE.write_data_inst/WORD_LANE[2].USE_ALWAYS_PACKER.BYTE_LANE[1].USE_FPGA_DATA.BIT_LANE[2].FDRE_wdata_inst/D (clocked by clk_pll_i). Large setup violations at the end of those stages might be difficult to fix during the post-placement implementation flow and could be the result of non-optimal XDC constraints or non-optimal design architecture
Related violations: <none>

TIMING-16#425 Warning
Large setup violation  
There is a large setup violation of -4.125 ns between mig_axi_interconnect/s00_w_fifo/mem_reg_0_15_0_5/RAMA/CLK (clocked by clk_out2_clk_pll_33) and mig_axi/u_mig_axi_32_mig/u_memc_ui_top_axi/u_axi_mc/USE_UPSIZER.upsizer_d2/USE_WRITE.write_data_inst/WORD_LANE[2].USE_ALWAYS_PACKER.BYTE_LANE[1].USE_FPGA_DATA.BIT_LANE[0].FDRE_wdata_inst/D (clocked by clk_pll_i). Large setup violations at the end of those stages might be difficult to fix during the post-placement implementation flow and could be the result of non-optimal XDC constraints or non-optimal design architecture
Related violations: <none>

TIMING-16#426 Warning
Large setup violation  
There is a large setup violation of -4.125 ns between mig_axi_interconnect/s00_w_fifo/mem_reg_0_15_0_5/RAMB/CLK (clocked by clk_out2_clk_pll_33) and mig_axi/u_mig_axi_32_mig/u_memc_ui_top_axi/u_axi_mc/USE_UPSIZER.upsizer_d2/USE_WRITE.write_data_inst/WORD_LANE[3].USE_ALWAYS_PACKER.BYTE_LANE[1].USE_FPGA_DATA.BIT_LANE[6].FDRE_wdata_inst/D (clocked by clk_pll_i). Large setup violations at the end of those stages might be difficult to fix during the post-placement implementation flow and could be the result of non-optimal XDC constraints or non-optimal design architecture
Related violations: <none>

TIMING-16#427 Warning
Large setup violation  
There is a large setup violation of -4.128 ns between mig_axi_interconnect/s01_w_fifo/mem_reg_0_15_36_36/RAMB_D1/CLK (clocked by clk_out2_clk_pll_33) and mig_axi/u_mig_axi_32_mig/u_memc_ui_top_axi/u_axi_mc/USE_UPSIZER.upsizer_d2/USE_WRITE.write_data_inst/WORD_LANE[3].USE_ALWAYS_PACKER.BYTE_LANE[0].USE_FPGA_DATA.BIT_LANE[0].FDRE_wdata_inst/D (clocked by clk_pll_i). Large setup violations at the end of those stages might be difficult to fix during the post-placement implementation flow and could be the result of non-optimal XDC constraints or non-optimal design architecture
Related violations: <none>

TIMING-16#428 Warning
Large setup violation  
There is a large setup violation of -4.129 ns between mig_axi_interconnect/s00_w_fifo/mem_reg_0_15_0_5/RAMA/CLK (clocked by clk_out2_clk_pll_33) and mig_axi/u_mig_axi_32_mig/u_memc_ui_top_axi/u_axi_mc/USE_UPSIZER.upsizer_d2/USE_WRITE.write_data_inst/WORD_LANE[1].USE_ALWAYS_PACKER.BYTE_LANE[0].USE_FPGA_DATA.BIT_LANE[7].FDRE_wdata_inst/D (clocked by clk_pll_i). Large setup violations at the end of those stages might be difficult to fix during the post-placement implementation flow and could be the result of non-optimal XDC constraints or non-optimal design architecture
Related violations: <none>

TIMING-16#429 Warning
Large setup violation  
There is a large setup violation of -4.130 ns between mig_axi_interconnect/s00_w_fifo/mem_reg_0_15_0_5/RAMA/CLK (clocked by clk_out2_clk_pll_33) and mig_axi/u_mig_axi_32_mig/u_memc_ui_top_axi/u_axi_mc/USE_UPSIZER.upsizer_d2/USE_WRITE.write_data_inst/WORD_LANE[3].USE_ALWAYS_PACKER.BYTE_LANE[3].USE_FPGA_DATA.BIT_LANE[3].FDRE_wdata_inst/D (clocked by clk_pll_i). Large setup violations at the end of those stages might be difficult to fix during the post-placement implementation flow and could be the result of non-optimal XDC constraints or non-optimal design architecture
Related violations: <none>

TIMING-16#430 Warning
Large setup violation  
There is a large setup violation of -4.130 ns between mig_axi_interconnect/s01_w_fifo/mem_reg_0_15_36_36/RAMB/CLK (clocked by clk_out2_clk_pll_33) and mig_axi/u_mig_axi_32_mig/u_memc_ui_top_axi/u_axi_mc/USE_UPSIZER.upsizer_d2/USE_WRITE.write_data_inst/WORD_LANE[1].USE_ALWAYS_PACKER.BYTE_LANE[3].USE_FPGA_DATA.USE_REGISTER.BIT_LANE[4].FDRE_wdata_inst/D (clocked by clk_pll_i). Large setup violations at the end of those stages might be difficult to fix during the post-placement implementation flow and could be the result of non-optimal XDC constraints or non-optimal design architecture
Related violations: <none>

TIMING-16#431 Warning
Large setup violation  
There is a large setup violation of -4.131 ns between mig_axi_interconnect/s00_w_fifo/mem_reg_0_15_0_5/RAMB/CLK (clocked by clk_out2_clk_pll_33) and mig_axi/u_mig_axi_32_mig/u_memc_ui_top_axi/u_axi_mc/USE_UPSIZER.upsizer_d2/USE_WRITE.write_data_inst/WORD_LANE[1].USE_ALWAYS_PACKER.BYTE_LANE[1].USE_FPGA_DATA.USE_REGISTER.BIT_LANE[6].FDRE_wdata_inst/D (clocked by clk_pll_i). Large setup violations at the end of those stages might be difficult to fix during the post-placement implementation flow and could be the result of non-optimal XDC constraints or non-optimal design architecture
Related violations: <none>

TIMING-16#432 Warning
Large setup violation  
There is a large setup violation of -4.131 ns between mig_axi_interconnect/s01_w_fifo/mem_reg_0_15_6_11/RAMB/CLK (clocked by clk_out2_clk_pll_33) and mig_axi/u_mig_axi_32_mig/u_memc_ui_top_axi/u_axi_mc/USE_UPSIZER.upsizer_d2/USE_WRITE.write_data_inst/WORD_LANE[1].USE_ALWAYS_PACKER.BYTE_LANE[0].USE_FPGA_DATA.BIT_LANE[3].FDRE_wdata_inst/D (clocked by clk_pll_i). Large setup violations at the end of those stages might be difficult to fix during the post-placement implementation flow and could be the result of non-optimal XDC constraints or non-optimal design architecture
Related violations: <none>

TIMING-16#433 Warning
Large setup violation  
There is a large setup violation of -4.132 ns between mig_axi_interconnect/s00_w_fifo/mem_reg_0_15_0_5/RAMA/CLK (clocked by clk_out2_clk_pll_33) and mig_axi/u_mig_axi_32_mig/u_memc_ui_top_axi/u_axi_mc/USE_UPSIZER.upsizer_d2/USE_WRITE.write_data_inst/WORD_LANE[0].USE_ALWAYS_PACKER.BYTE_LANE[0].USE_FPGA_DATA.BIT_LANE[6].FDRE_wdata_inst/D (clocked by clk_pll_i). Large setup violations at the end of those stages might be difficult to fix during the post-placement implementation flow and could be the result of non-optimal XDC constraints or non-optimal design architecture
Related violations: <none>

TIMING-16#434 Warning
Large setup violation  
There is a large setup violation of -4.138 ns between mig_axi_interconnect/s00_w_fifo/mem_reg_0_15_0_5/RAMA/CLK (clocked by clk_out2_clk_pll_33) and mig_axi/u_mig_axi_32_mig/u_memc_ui_top_axi/u_axi_mc/USE_UPSIZER.upsizer_d2/USE_WRITE.write_data_inst/WORD_LANE[0].USE_ALWAYS_PACKER.BYTE_LANE[0].USE_FPGA_DATA.BIT_LANE[4].FDRE_wdata_inst/D (clocked by clk_pll_i). Large setup violations at the end of those stages might be difficult to fix during the post-placement implementation flow and could be the result of non-optimal XDC constraints or non-optimal design architecture
Related violations: <none>

TIMING-16#435 Warning
Large setup violation  
There is a large setup violation of -4.138 ns between mig_axi_interconnect/s01_w_fifo/mem_reg_0_15_36_36/RAMB/CLK (clocked by clk_out2_clk_pll_33) and mig_axi/u_mig_axi_32_mig/u_memc_ui_top_axi/u_axi_mc/USE_UPSIZER.upsizer_d2/USE_WRITE.write_data_inst/WORD_LANE[0].USE_ALWAYS_PACKER.BYTE_LANE[3].USE_FPGA_DATA.USE_REGISTER.BIT_LANE[6].FDRE_wdata_inst/D (clocked by clk_pll_i). Large setup violations at the end of those stages might be difficult to fix during the post-placement implementation flow and could be the result of non-optimal XDC constraints or non-optimal design architecture
Related violations: <none>

TIMING-16#436 Warning
Large setup violation  
There is a large setup violation of -4.139 ns between mig_axi_interconnect/s01_w_fifo/mem_reg_0_15_36_36/RAMB/CLK (clocked by clk_out2_clk_pll_33) and mig_axi/u_mig_axi_32_mig/u_memc_ui_top_axi/u_axi_mc/USE_UPSIZER.upsizer_d2/USE_WRITE.write_data_inst/WORD_LANE[3].USE_ALWAYS_PACKER.BYTE_LANE[3].USE_FPGA_DATA.BIT_LANE[7].FDRE_wdata_inst/D (clocked by clk_pll_i). Large setup violations at the end of those stages might be difficult to fix during the post-placement implementation flow and could be the result of non-optimal XDC constraints or non-optimal design architecture
Related violations: <none>

TIMING-16#437 Warning
Large setup violation  
There is a large setup violation of -4.140 ns between mig_axi_interconnect/s01_w_fifo/mem_reg_0_15_36_36/RAMB/CLK (clocked by clk_out2_clk_pll_33) and mig_axi/u_mig_axi_32_mig/u_memc_ui_top_axi/u_axi_mc/USE_UPSIZER.upsizer_d2/USE_WRITE.write_data_inst/WORD_LANE[0].USE_ALWAYS_PACKER.BYTE_LANE[3].USE_FPGA_DATA.USE_REGISTER.BIT_LANE[4].FDRE_wdata_inst/D (clocked by clk_pll_i). Large setup violations at the end of those stages might be difficult to fix during the post-placement implementation flow and could be the result of non-optimal XDC constraints or non-optimal design architecture
Related violations: <none>

TIMING-16#438 Warning
Large setup violation  
There is a large setup violation of -4.143 ns between mig_axi_interconnect/s00_w_fifo/mem_reg_0_15_0_5/RAMA/CLK (clocked by clk_out2_clk_pll_33) and mig_axi/u_mig_axi_32_mig/u_memc_ui_top_axi/u_axi_mc/USE_UPSIZER.upsizer_d2/USE_WRITE.write_data_inst/WORD_LANE[3].USE_ALWAYS_PACKER.BYTE_LANE[0].USE_FPGA_DATA.BIT_LANE[3].FDRE_wdata_inst/D (clocked by clk_pll_i). Large setup violations at the end of those stages might be difficult to fix during the post-placement implementation flow and could be the result of non-optimal XDC constraints or non-optimal design architecture
Related violations: <none>

TIMING-16#439 Warning
Large setup violation  
There is a large setup violation of -4.145 ns between mig_axi_interconnect/s01_w_fifo/mem_reg_0_15_36_36/RAMB/CLK (clocked by clk_out2_clk_pll_33) and mig_axi/u_mig_axi_32_mig/u_memc_ui_top_axi/u_axi_mc/USE_UPSIZER.upsizer_d2/USE_WRITE.write_data_inst/WORD_LANE[0].USE_ALWAYS_PACKER.BYTE_LANE[3].USE_FPGA_DATA.USE_REGISTER.BIT_LANE[2].FDRE_wdata_inst/D (clocked by clk_pll_i). Large setup violations at the end of those stages might be difficult to fix during the post-placement implementation flow and could be the result of non-optimal XDC constraints or non-optimal design architecture
Related violations: <none>

TIMING-16#440 Warning
Large setup violation  
There is a large setup violation of -4.147 ns between mig_axi_interconnect/s01_w_fifo/mem_reg_0_15_36_36/RAMB/CLK (clocked by clk_out2_clk_pll_33) and mig_axi/u_mig_axi_32_mig/u_memc_ui_top_axi/u_axi_mc/USE_UPSIZER.upsizer_d2/USE_WRITE.write_data_inst/WORD_LANE[3].USE_ALWAYS_PACKER.BYTE_LANE[3].USE_FPGA_DATA.USE_REGISTER.FDRE_wstrb_inst/D (clocked by clk_pll_i). Large setup violations at the end of those stages might be difficult to fix during the post-placement implementation flow and could be the result of non-optimal XDC constraints or non-optimal design architecture
Related violations: <none>

TIMING-16#441 Warning
Large setup violation  
There is a large setup violation of -4.148 ns between mig_axi_interconnect/s01_w_fifo/mem_reg_0_15_6_11/RAMA_D1/CLK (clocked by clk_out2_clk_pll_33) and mig_axi/u_mig_axi_32_mig/u_memc_ui_top_axi/u_axi_mc/USE_UPSIZER.upsizer_d2/USE_WRITE.write_data_inst/WORD_LANE[0].USE_ALWAYS_PACKER.BYTE_LANE[0].USE_FPGA_DATA.BIT_LANE[2].FDRE_wdata_inst/D (clocked by clk_pll_i). Large setup violations at the end of those stages might be difficult to fix during the post-placement implementation flow and could be the result of non-optimal XDC constraints or non-optimal design architecture
Related violations: <none>

TIMING-16#442 Warning
Large setup violation  
There is a large setup violation of -4.151 ns between mig_axi_interconnect/s00_w_fifo/mem_reg_0_15_0_5/RAMA/CLK (clocked by clk_out2_clk_pll_33) and mig_axi/u_mig_axi_32_mig/u_memc_ui_top_axi/u_axi_mc/USE_UPSIZER.upsizer_d2/USE_WRITE.write_data_inst/WORD_LANE[3].USE_ALWAYS_PACKER.BYTE_LANE[0].USE_FPGA_DATA.FDRE_wstrb_inst/D (clocked by clk_pll_i). Large setup violations at the end of those stages might be difficult to fix during the post-placement implementation flow and could be the result of non-optimal XDC constraints or non-optimal design architecture
Related violations: <none>

TIMING-16#443 Warning
Large setup violation  
There is a large setup violation of -4.151 ns between mig_axi_interconnect/s00_w_fifo/mem_reg_0_15_0_5/RAMB/CLK (clocked by clk_out2_clk_pll_33) and mig_axi/u_mig_axi_32_mig/u_memc_ui_top_axi/u_axi_mc/USE_UPSIZER.upsizer_d2/USE_WRITE.write_data_inst/WORD_LANE[1].USE_ALWAYS_PACKER.BYTE_LANE[1].USE_FPGA_DATA.USE_REGISTER.BIT_LANE[3].FDRE_wdata_inst/D (clocked by clk_pll_i). Large setup violations at the end of those stages might be difficult to fix during the post-placement implementation flow and could be the result of non-optimal XDC constraints or non-optimal design architecture
Related violations: <none>

TIMING-16#444 Warning
Large setup violation  
There is a large setup violation of -4.152 ns between mig_axi_interconnect/s00_w_fifo/mem_reg_0_15_0_5/RAMB/CLK (clocked by clk_out2_clk_pll_33) and mig_axi/u_mig_axi_32_mig/u_memc_ui_top_axi/u_axi_mc/USE_UPSIZER.upsizer_d2/USE_WRITE.write_data_inst/WORD_LANE[0].USE_ALWAYS_PACKER.BYTE_LANE[1].USE_FPGA_DATA.BIT_LANE[7].FDRE_wdata_inst/D (clocked by clk_pll_i). Large setup violations at the end of those stages might be difficult to fix during the post-placement implementation flow and could be the result of non-optimal XDC constraints or non-optimal design architecture
Related violations: <none>

TIMING-16#445 Warning
Large setup violation  
There is a large setup violation of -4.155 ns between mig_axi_interconnect/s00_w_fifo/mem_reg_0_15_0_5/RAMA/CLK (clocked by clk_out2_clk_pll_33) and mig_axi/u_mig_axi_32_mig/u_memc_ui_top_axi/u_axi_mc/USE_UPSIZER.upsizer_d2/USE_WRITE.write_data_inst/WORD_LANE[3].USE_ALWAYS_PACKER.BYTE_LANE[0].USE_FPGA_DATA.BIT_LANE[2].FDRE_wdata_inst/D (clocked by clk_pll_i). Large setup violations at the end of those stages might be difficult to fix during the post-placement implementation flow and could be the result of non-optimal XDC constraints or non-optimal design architecture
Related violations: <none>

TIMING-16#446 Warning
Large setup violation  
There is a large setup violation of -4.156 ns between mig_axi_interconnect/s00_w_fifo/mem_reg_0_15_0_5/RAMA/CLK (clocked by clk_out2_clk_pll_33) and mig_axi/u_mig_axi_32_mig/u_memc_ui_top_axi/u_axi_mc/USE_UPSIZER.upsizer_d2/USE_WRITE.write_data_inst/WORD_LANE[2].USE_ALWAYS_PACKER.BYTE_LANE[1].USE_FPGA_DATA.BIT_LANE[3].FDRE_wdata_inst/D (clocked by clk_pll_i). Large setup violations at the end of those stages might be difficult to fix during the post-placement implementation flow and could be the result of non-optimal XDC constraints or non-optimal design architecture
Related violations: <none>

TIMING-16#447 Warning
Large setup violation  
There is a large setup violation of -4.158 ns between mig_axi_interconnect/s00_w_fifo/mem_reg_0_15_0_5/RAMB/CLK (clocked by clk_out2_clk_pll_33) and mig_axi/u_mig_axi_32_mig/u_memc_ui_top_axi/u_axi_mc/USE_UPSIZER.upsizer_d2/USE_WRITE.write_data_inst/WORD_LANE[0].USE_ALWAYS_PACKER.BYTE_LANE[1].USE_FPGA_DATA.BIT_LANE[3].FDRE_wdata_inst/D (clocked by clk_pll_i). Large setup violations at the end of those stages might be difficult to fix during the post-placement implementation flow and could be the result of non-optimal XDC constraints or non-optimal design architecture
Related violations: <none>

TIMING-16#448 Warning
Large setup violation  
There is a large setup violation of -4.158 ns between mig_axi_interconnect/s00_w_fifo/mem_reg_0_15_0_5/RAMB/CLK (clocked by clk_out2_clk_pll_33) and mig_axi/u_mig_axi_32_mig/u_memc_ui_top_axi/u_axi_mc/USE_UPSIZER.upsizer_d2/USE_WRITE.write_data_inst/WORD_LANE[0].USE_ALWAYS_PACKER.BYTE_LANE[1].USE_FPGA_DATA.BIT_LANE[5].FDRE_wdata_inst/D (clocked by clk_pll_i). Large setup violations at the end of those stages might be difficult to fix during the post-placement implementation flow and could be the result of non-optimal XDC constraints or non-optimal design architecture
Related violations: <none>

TIMING-16#449 Warning
Large setup violation  
There is a large setup violation of -4.160 ns between mig_axi_interconnect/s01_w_fifo/mem_reg_0_15_6_11/RAMC/CLK (clocked by clk_out2_clk_pll_33) and mig_axi/u_mig_axi_32_mig/u_memc_ui_top_axi/u_axi_mc/USE_UPSIZER.upsizer_d2/USE_WRITE.write_data_inst/WORD_LANE[2].USE_ALWAYS_PACKER.BYTE_LANE[0].USE_FPGA_DATA.BIT_LANE[5].FDRE_wdata_inst/D (clocked by clk_pll_i). Large setup violations at the end of those stages might be difficult to fix during the post-placement implementation flow and could be the result of non-optimal XDC constraints or non-optimal design architecture
Related violations: <none>

TIMING-16#450 Warning
Large setup violation  
There is a large setup violation of -4.162 ns between mig_axi_interconnect/s01_w_fifo/mem_reg_0_15_36_36/RAMB/CLK (clocked by clk_out2_clk_pll_33) and mig_axi/u_mig_axi_32_mig/u_memc_ui_top_axi/u_axi_mc/USE_UPSIZER.upsizer_d2/USE_WRITE.write_data_inst/WORD_LANE[0].USE_ALWAYS_PACKER.BYTE_LANE[3].USE_FPGA_DATA.BIT_LANE[2].FDRE_wdata_inst/D (clocked by clk_pll_i). Large setup violations at the end of those stages might be difficult to fix during the post-placement implementation flow and could be the result of non-optimal XDC constraints or non-optimal design architecture
Related violations: <none>

TIMING-16#451 Warning
Large setup violation  
There is a large setup violation of -4.164 ns between mig_axi_interconnect/s00_w_fifo/mem_reg_0_15_0_5/RAMB/CLK (clocked by clk_out2_clk_pll_33) and mig_axi/u_mig_axi_32_mig/u_memc_ui_top_axi/u_axi_mc/USE_UPSIZER.upsizer_d2/USE_WRITE.write_data_inst/WORD_LANE[1].USE_ALWAYS_PACKER.BYTE_LANE[1].USE_FPGA_DATA.FDRE_wstrb_inst/D (clocked by clk_pll_i). Large setup violations at the end of those stages might be difficult to fix during the post-placement implementation flow and could be the result of non-optimal XDC constraints or non-optimal design architecture
Related violations: <none>

TIMING-16#452 Warning
Large setup violation  
There is a large setup violation of -4.165 ns between mig_axi_interconnect/s00_w_fifo/mem_reg_0_15_0_5/RAMB/CLK (clocked by clk_out2_clk_pll_33) and mig_axi/u_mig_axi_32_mig/u_memc_ui_top_axi/u_axi_mc/USE_UPSIZER.upsizer_d2/USE_WRITE.write_data_inst/WORD_LANE[3].USE_ALWAYS_PACKER.BYTE_LANE[1].USE_FPGA_DATA.USE_REGISTER.BIT_LANE[3].FDRE_wdata_inst/D (clocked by clk_pll_i). Large setup violations at the end of those stages might be difficult to fix during the post-placement implementation flow and could be the result of non-optimal XDC constraints or non-optimal design architecture
Related violations: <none>

TIMING-16#453 Warning
Large setup violation  
There is a large setup violation of -4.167 ns between mig_axi_interconnect/s00_w_fifo/mem_reg_0_15_0_5/RAMB/CLK (clocked by clk_out2_clk_pll_33) and mig_axi/u_mig_axi_32_mig/u_memc_ui_top_axi/u_axi_mc/USE_UPSIZER.upsizer_d2/USE_WRITE.write_data_inst/WORD_LANE[3].USE_ALWAYS_PACKER.BYTE_LANE[1].USE_FPGA_DATA.BIT_LANE[1].FDRE_wdata_inst/D (clocked by clk_pll_i). Large setup violations at the end of those stages might be difficult to fix during the post-placement implementation flow and could be the result of non-optimal XDC constraints or non-optimal design architecture
Related violations: <none>

TIMING-16#454 Warning
Large setup violation  
There is a large setup violation of -4.169 ns between mig_axi_interconnect/s01_w_fifo/mem_reg_0_15_24_29/RAMB/CLK (clocked by clk_out2_clk_pll_33) and mig_axi/u_mig_axi_32_mig/u_memc_ui_top_axi/u_axi_mc/USE_UPSIZER.upsizer_d2/USE_WRITE.write_data_inst/WORD_LANE[3].USE_ALWAYS_PACKER.BYTE_LANE[2].USE_FPGA_DATA.BIT_LANE[5].FDRE_wdata_inst/D (clocked by clk_pll_i). Large setup violations at the end of those stages might be difficult to fix during the post-placement implementation flow and could be the result of non-optimal XDC constraints or non-optimal design architecture
Related violations: <none>

TIMING-16#455 Warning
Large setup violation  
There is a large setup violation of -4.170 ns between mig_axi_interconnect/s00_w_fifo/mem_reg_0_15_0_5/RAMA/CLK (clocked by clk_out2_clk_pll_33) and mig_axi/u_mig_axi_32_mig/u_memc_ui_top_axi/u_axi_mc/USE_UPSIZER.upsizer_d2/USE_WRITE.write_data_inst/WORD_LANE[2].USE_ALWAYS_PACKER.BYTE_LANE[0].USE_FPGA_DATA.BIT_LANE[3].FDRE_wdata_inst/D (clocked by clk_pll_i). Large setup violations at the end of those stages might be difficult to fix during the post-placement implementation flow and could be the result of non-optimal XDC constraints or non-optimal design architecture
Related violations: <none>

TIMING-16#456 Warning
Large setup violation  
There is a large setup violation of -4.172 ns between mig_axi_interconnect/s00_w_fifo/mem_reg_0_15_0_5/RAMB_D1/CLK (clocked by clk_out2_clk_pll_33) and mig_axi/u_mig_axi_32_mig/u_memc_ui_top_axi/u_axi_mc/USE_UPSIZER.upsizer_d2/USE_WRITE.write_data_inst/WORD_LANE[0].USE_ALWAYS_PACKER.BYTE_LANE[2].USE_FPGA_DATA.BIT_LANE[4].FDRE_wdata_inst/D (clocked by clk_pll_i). Large setup violations at the end of those stages might be difficult to fix during the post-placement implementation flow and could be the result of non-optimal XDC constraints or non-optimal design architecture
Related violations: <none>

TIMING-16#457 Warning
Large setup violation  
There is a large setup violation of -4.175 ns between mig_axi_interconnect/s01_w_fifo/mem_reg_0_15_18_23/RAMC/CLK (clocked by clk_out2_clk_pll_33) and mig_axi/u_mig_axi_32_mig/u_memc_ui_top_axi/u_axi_mc/USE_UPSIZER.upsizer_d2/USE_WRITE.write_data_inst/WORD_LANE[3].USE_ALWAYS_PACKER.BYTE_LANE[2].USE_FPGA_DATA.BIT_LANE[1].FDRE_wdata_inst/D (clocked by clk_pll_i). Large setup violations at the end of those stages might be difficult to fix during the post-placement implementation flow and could be the result of non-optimal XDC constraints or non-optimal design architecture
Related violations: <none>

TIMING-16#458 Warning
Large setup violation  
There is a large setup violation of -4.177 ns between mig_axi_interconnect/s00_w_fifo/mem_reg_0_15_0_5/RAMB_D1/CLK (clocked by clk_out2_clk_pll_33) and mig_axi/u_mig_axi_32_mig/u_memc_ui_top_axi/u_axi_mc/USE_UPSIZER.upsizer_d2/USE_WRITE.write_data_inst/WORD_LANE[1].USE_ALWAYS_PACKER.BYTE_LANE[2].USE_FPGA_DATA.BIT_LANE[4].FDRE_wdata_inst/D (clocked by clk_pll_i). Large setup violations at the end of those stages might be difficult to fix during the post-placement implementation flow and could be the result of non-optimal XDC constraints or non-optimal design architecture
Related violations: <none>

TIMING-16#459 Warning
Large setup violation  
There is a large setup violation of -4.179 ns between mig_axi_interconnect/s00_w_fifo/mem_reg_0_15_0_5/RAMA/CLK (clocked by clk_out2_clk_pll_33) and mig_axi/u_mig_axi_32_mig/u_memc_ui_top_axi/u_axi_mc/USE_UPSIZER.upsizer_d2/USE_WRITE.write_data_inst/WORD_LANE[1].USE_ALWAYS_PACKER.BYTE_LANE[0].USE_FPGA_DATA.BIT_LANE[0].FDRE_wdata_inst/D (clocked by clk_pll_i). Large setup violations at the end of those stages might be difficult to fix during the post-placement implementation flow and could be the result of non-optimal XDC constraints or non-optimal design architecture
Related violations: <none>

TIMING-16#460 Warning
Large setup violation  
There is a large setup violation of -4.184 ns between mig_axi_interconnect/s00_w_fifo/mem_reg_0_15_0_5/RAMA/CLK (clocked by clk_out2_clk_pll_33) and mig_axi/u_mig_axi_32_mig/u_memc_ui_top_axi/u_axi_mc/USE_UPSIZER.upsizer_d2/USE_WRITE.write_data_inst/WORD_LANE[2].USE_ALWAYS_PACKER.BYTE_LANE[0].USE_FPGA_DATA.FDRE_wstrb_inst/D (clocked by clk_pll_i). Large setup violations at the end of those stages might be difficult to fix during the post-placement implementation flow and could be the result of non-optimal XDC constraints or non-optimal design architecture
Related violations: <none>

TIMING-16#461 Warning
Large setup violation  
There is a large setup violation of -4.185 ns between mig_axi_interconnect/s00_w_fifo/mem_reg_0_15_0_5/RAMB/CLK (clocked by clk_out2_clk_pll_33) and mig_axi/u_mig_axi_32_mig/u_memc_ui_top_axi/u_axi_mc/USE_UPSIZER.upsizer_d2/USE_WRITE.write_data_inst/WORD_LANE[1].USE_ALWAYS_PACKER.BYTE_LANE[1].USE_FPGA_DATA.BIT_LANE[7].FDRE_wdata_inst/D (clocked by clk_pll_i). Large setup violations at the end of those stages might be difficult to fix during the post-placement implementation flow and could be the result of non-optimal XDC constraints or non-optimal design architecture
Related violations: <none>

TIMING-16#462 Warning
Large setup violation  
There is a large setup violation of -4.185 ns between mig_axi_interconnect/s00_w_fifo/mem_reg_0_15_0_5/RAMB/CLK (clocked by clk_out2_clk_pll_33) and mig_axi/u_mig_axi_32_mig/u_memc_ui_top_axi/u_axi_mc/USE_UPSIZER.upsizer_d2/USE_WRITE.write_data_inst/WORD_LANE[3].USE_ALWAYS_PACKER.BYTE_LANE[1].USE_FPGA_DATA.BIT_LANE[0].FDRE_wdata_inst/D (clocked by clk_pll_i). Large setup violations at the end of those stages might be difficult to fix during the post-placement implementation flow and could be the result of non-optimal XDC constraints or non-optimal design architecture
Related violations: <none>

TIMING-16#463 Warning
Large setup violation  
There is a large setup violation of -4.186 ns between mig_axi_interconnect/s00_w_fifo/mem_reg_0_15_0_5/RAMB_D1/CLK (clocked by clk_out2_clk_pll_33) and mig_axi/u_mig_axi_32_mig/u_memc_ui_top_axi/u_axi_mc/USE_UPSIZER.upsizer_d2/USE_WRITE.write_data_inst/WORD_LANE[1].USE_ALWAYS_PACKER.BYTE_LANE[2].USE_FPGA_DATA.BIT_LANE[1].FDRE_wdata_inst/D (clocked by clk_pll_i). Large setup violations at the end of those stages might be difficult to fix during the post-placement implementation flow and could be the result of non-optimal XDC constraints or non-optimal design architecture
Related violations: <none>

TIMING-16#464 Warning
Large setup violation  
There is a large setup violation of -4.187 ns between mig_axi_interconnect/s00_w_fifo/mem_reg_0_15_0_5/RAMA/CLK (clocked by clk_out2_clk_pll_33) and mig_axi/u_mig_axi_32_mig/u_memc_ui_top_axi/u_axi_mc/USE_UPSIZER.upsizer_d2/USE_WRITE.write_data_inst/WORD_LANE[0].USE_ALWAYS_PACKER.BYTE_LANE[0].USE_FPGA_DATA.BIT_LANE[0].FDRE_wdata_inst/D (clocked by clk_pll_i). Large setup violations at the end of those stages might be difficult to fix during the post-placement implementation flow and could be the result of non-optimal XDC constraints or non-optimal design architecture
Related violations: <none>

TIMING-16#465 Warning
Large setup violation  
There is a large setup violation of -4.187 ns between mig_axi_interconnect/s00_w_fifo/mem_reg_0_15_0_5/RAMB/CLK (clocked by clk_out2_clk_pll_33) and mig_axi/u_mig_axi_32_mig/u_memc_ui_top_axi/u_axi_mc/USE_UPSIZER.upsizer_d2/USE_WRITE.write_data_inst/WORD_LANE[2].USE_ALWAYS_PACKER.BYTE_LANE[1].USE_FPGA_DATA.FDRE_wstrb_inst/D (clocked by clk_pll_i). Large setup violations at the end of those stages might be difficult to fix during the post-placement implementation flow and could be the result of non-optimal XDC constraints or non-optimal design architecture
Related violations: <none>

TIMING-16#466 Warning
Large setup violation  
There is a large setup violation of -4.187 ns between mig_axi_interconnect/s00_w_fifo/mem_reg_0_15_0_5/RAMB_D1/CLK (clocked by clk_out2_clk_pll_33) and mig_axi/u_mig_axi_32_mig/u_memc_ui_top_axi/u_axi_mc/USE_UPSIZER.upsizer_d2/USE_WRITE.write_data_inst/WORD_LANE[2].USE_ALWAYS_PACKER.BYTE_LANE[2].USE_FPGA_DATA.BIT_LANE[1].FDRE_wdata_inst/D (clocked by clk_pll_i). Large setup violations at the end of those stages might be difficult to fix during the post-placement implementation flow and could be the result of non-optimal XDC constraints or non-optimal design architecture
Related violations: <none>

TIMING-16#467 Warning
Large setup violation  
There is a large setup violation of -4.189 ns between mig_axi_interconnect/s01_w_fifo/mem_reg_0_15_36_36/RAMB/CLK (clocked by clk_out2_clk_pll_33) and mig_axi/u_mig_axi_32_mig/u_memc_ui_top_axi/u_axi_mc/USE_UPSIZER.upsizer_d2/USE_WRITE.write_data_inst/WORD_LANE[3].USE_ALWAYS_PACKER.BYTE_LANE[3].USE_FPGA_DATA.FDRE_wstrb_inst/D (clocked by clk_pll_i). Large setup violations at the end of those stages might be difficult to fix during the post-placement implementation flow and could be the result of non-optimal XDC constraints or non-optimal design architecture
Related violations: <none>

TIMING-16#468 Warning
Large setup violation  
There is a large setup violation of -4.190 ns between mig_axi_interconnect/s00_w_fifo/mem_reg_0_15_0_5/RAMA/CLK (clocked by clk_out2_clk_pll_33) and mig_axi/u_mig_axi_32_mig/u_memc_ui_top_axi/u_axi_mc/USE_UPSIZER.upsizer_d2/USE_WRITE.write_data_inst/WORD_LANE[0].USE_ALWAYS_PACKER.BYTE_LANE[0].USE_FPGA_DATA.BIT_LANE[5].FDRE_wdata_inst/D (clocked by clk_pll_i). Large setup violations at the end of those stages might be difficult to fix during the post-placement implementation flow and could be the result of non-optimal XDC constraints or non-optimal design architecture
Related violations: <none>

TIMING-16#469 Warning
Large setup violation  
There is a large setup violation of -4.190 ns between mig_axi_interconnect/s01_w_fifo/mem_reg_0_15_36_36/RAMB/CLK (clocked by clk_out2_clk_pll_33) and mig_axi/u_mig_axi_32_mig/u_memc_ui_top_axi/u_axi_mc/USE_UPSIZER.upsizer_d2/USE_WRITE.write_data_inst/WORD_LANE[1].USE_ALWAYS_PACKER.BYTE_LANE[3].USE_FPGA_DATA.USE_REGISTER.FDRE_wstrb_inst/D (clocked by clk_pll_i). Large setup violations at the end of those stages might be difficult to fix during the post-placement implementation flow and could be the result of non-optimal XDC constraints or non-optimal design architecture
Related violations: <none>

TIMING-16#470 Warning
Large setup violation  
There is a large setup violation of -4.193 ns between mig_axi_interconnect/s00_w_fifo/mem_reg_0_15_0_5/RAMA/CLK (clocked by clk_out2_clk_pll_33) and mig_axi/u_mig_axi_32_mig/u_memc_ui_top_axi/u_axi_mc/USE_UPSIZER.upsizer_d2/USE_WRITE.write_data_inst/WORD_LANE[3].USE_ALWAYS_PACKER.BYTE_LANE[0].USE_FPGA_DATA.BIT_LANE[4].FDRE_wdata_inst/D (clocked by clk_pll_i). Large setup violations at the end of those stages might be difficult to fix during the post-placement implementation flow and could be the result of non-optimal XDC constraints or non-optimal design architecture
Related violations: <none>

TIMING-16#471 Warning
Large setup violation  
There is a large setup violation of -4.193 ns between mig_axi_interconnect/s00_w_fifo/mem_reg_0_15_0_5/RAMB_D1/CLK (clocked by clk_out2_clk_pll_33) and mig_axi/u_mig_axi_32_mig/u_memc_ui_top_axi/u_axi_mc/USE_UPSIZER.upsizer_d2/USE_WRITE.write_data_inst/WORD_LANE[1].USE_ALWAYS_PACKER.BYTE_LANE[2].USE_FPGA_DATA.BIT_LANE[0].FDRE_wdata_inst/D (clocked by clk_pll_i). Large setup violations at the end of those stages might be difficult to fix during the post-placement implementation flow and could be the result of non-optimal XDC constraints or non-optimal design architecture
Related violations: <none>

TIMING-16#472 Warning
Large setup violation  
There is a large setup violation of -4.197 ns between mig_axi_interconnect/s00_w_fifo/mem_reg_0_15_0_5/RAMA/CLK (clocked by clk_out2_clk_pll_33) and mig_axi/u_mig_axi_32_mig/u_memc_ui_top_axi/u_axi_mc/USE_UPSIZER.upsizer_d2/USE_WRITE.write_data_inst/WORD_LANE[2].USE_ALWAYS_PACKER.BYTE_LANE[0].USE_FPGA_DATA.BIT_LANE[4].FDRE_wdata_inst/D (clocked by clk_pll_i). Large setup violations at the end of those stages might be difficult to fix during the post-placement implementation flow and could be the result of non-optimal XDC constraints or non-optimal design architecture
Related violations: <none>

TIMING-16#473 Warning
Large setup violation  
There is a large setup violation of -4.198 ns between mig_axi_interconnect/s00_w_fifo/mem_reg_0_15_0_5/RAMB_D1/CLK (clocked by clk_out2_clk_pll_33) and mig_axi/u_mig_axi_32_mig/u_memc_ui_top_axi/u_axi_mc/USE_UPSIZER.upsizer_d2/USE_WRITE.write_data_inst/WORD_LANE[1].USE_ALWAYS_PACKER.BYTE_LANE[2].USE_FPGA_DATA.BIT_LANE[2].FDRE_wdata_inst/D (clocked by clk_pll_i). Large setup violations at the end of those stages might be difficult to fix during the post-placement implementation flow and could be the result of non-optimal XDC constraints or non-optimal design architecture
Related violations: <none>

TIMING-16#474 Warning
Large setup violation  
There is a large setup violation of -4.203 ns between mig_axi_interconnect/s00_w_fifo/mem_reg_0_15_0_5/RAMA/CLK (clocked by clk_out2_clk_pll_33) and mig_axi/u_mig_axi_32_mig/u_memc_ui_top_axi/u_axi_mc/USE_UPSIZER.upsizer_d2/USE_WRITE.write_data_inst/WORD_LANE[3].USE_ALWAYS_PACKER.BYTE_LANE[1].USE_FPGA_DATA.BIT_LANE[4].FDRE_wdata_inst/D (clocked by clk_pll_i). Large setup violations at the end of those stages might be difficult to fix during the post-placement implementation flow and could be the result of non-optimal XDC constraints or non-optimal design architecture
Related violations: <none>

TIMING-16#475 Warning
Large setup violation  
There is a large setup violation of -4.203 ns between mig_axi_interconnect/s01_w_fifo/mem_reg_0_15_6_11/RAMC_D1/CLK (clocked by clk_out2_clk_pll_33) and mig_axi/u_mig_axi_32_mig/u_memc_ui_top_axi/u_axi_mc/USE_UPSIZER.upsizer_d2/USE_WRITE.write_data_inst/WORD_LANE[1].USE_ALWAYS_PACKER.BYTE_LANE[0].USE_FPGA_DATA.BIT_LANE[6].FDRE_wdata_inst/D (clocked by clk_pll_i). Large setup violations at the end of those stages might be difficult to fix during the post-placement implementation flow and could be the result of non-optimal XDC constraints or non-optimal design architecture
Related violations: <none>

TIMING-16#476 Warning
Large setup violation  
There is a large setup violation of -4.203 ns between mig_axi_interconnect/s01_w_fifo/mem_reg_0_15_6_11/RAMC_D1/CLK (clocked by clk_out2_clk_pll_33) and mig_axi/u_mig_axi_32_mig/u_memc_ui_top_axi/u_axi_mc/USE_UPSIZER.upsizer_d2/USE_WRITE.write_data_inst/WORD_LANE[3].USE_ALWAYS_PACKER.BYTE_LANE[0].USE_FPGA_DATA.BIT_LANE[6].FDRE_wdata_inst/D (clocked by clk_pll_i). Large setup violations at the end of those stages might be difficult to fix during the post-placement implementation flow and could be the result of non-optimal XDC constraints or non-optimal design architecture
Related violations: <none>

TIMING-16#477 Warning
Large setup violation  
There is a large setup violation of -4.205 ns between mig_axi_interconnect/s00_w_fifo/mem_reg_0_15_0_5/RAMA/CLK (clocked by clk_out2_clk_pll_33) and mig_axi/u_mig_axi_32_mig/u_memc_ui_top_axi/u_axi_mc/USE_UPSIZER.upsizer_d2/USE_WRITE.write_data_inst/WORD_LANE[0].USE_ALWAYS_PACKER.BYTE_LANE[3].USE_FPGA_DATA.BIT_LANE[0].FDRE_wdata_inst/D (clocked by clk_pll_i). Large setup violations at the end of those stages might be difficult to fix during the post-placement implementation flow and could be the result of non-optimal XDC constraints or non-optimal design architecture
Related violations: <none>

TIMING-16#478 Warning
Large setup violation  
There is a large setup violation of -4.205 ns between mig_axi_interconnect/s01_w_fifo/mem_reg_0_15_6_11/RAMC_D1/CLK (clocked by clk_out2_clk_pll_33) and mig_axi/u_mig_axi_32_mig/u_memc_ui_top_axi/u_axi_mc/USE_UPSIZER.upsizer_d2/USE_WRITE.write_data_inst/WORD_LANE[2].USE_ALWAYS_PACKER.BYTE_LANE[0].USE_FPGA_DATA.BIT_LANE[6].FDRE_wdata_inst/D (clocked by clk_pll_i). Large setup violations at the end of those stages might be difficult to fix during the post-placement implementation flow and could be the result of non-optimal XDC constraints or non-optimal design architecture
Related violations: <none>

TIMING-16#479 Warning
Large setup violation  
There is a large setup violation of -4.206 ns between mig_axi_interconnect/s00_w_fifo/mem_reg_0_15_0_5/RAMA/CLK (clocked by clk_out2_clk_pll_33) and mig_axi/u_mig_axi_32_mig/u_memc_ui_top_axi/u_axi_mc/USE_UPSIZER.upsizer_d2/USE_WRITE.write_addr_inst/USE_BURSTS.cmd_queue/USE_FPGA_ADDR.ADDR_GEN[2].FDRE_inst/D (clocked by clk_pll_i). Large setup violations at the end of those stages might be difficult to fix during the post-placement implementation flow and could be the result of non-optimal XDC constraints or non-optimal design architecture
Related violations: <none>

TIMING-16#480 Warning
Large setup violation  
There is a large setup violation of -4.207 ns between mig_axi_interconnect/s00_w_fifo/mem_reg_0_15_0_5/RAMA/CLK (clocked by clk_out2_clk_pll_33) and mig_axi/u_mig_axi_32_mig/u_memc_ui_top_axi/u_axi_mc/USE_UPSIZER.upsizer_d2/USE_WRITE.write_data_inst/WORD_LANE[2].USE_ALWAYS_PACKER.BYTE_LANE[0].USE_FPGA_DATA.BIT_LANE[0].FDRE_wdata_inst/D (clocked by clk_pll_i). Large setup violations at the end of those stages might be difficult to fix during the post-placement implementation flow and could be the result of non-optimal XDC constraints or non-optimal design architecture
Related violations: <none>

TIMING-16#481 Warning
Large setup violation  
There is a large setup violation of -4.209 ns between mig_axi_interconnect/s00_w_fifo/mem_reg_0_15_0_5/RAMB_D1/CLK (clocked by clk_out2_clk_pll_33) and mig_axi/u_mig_axi_32_mig/u_memc_ui_top_axi/u_axi_mc/USE_UPSIZER.upsizer_d2/USE_WRITE.write_data_inst/WORD_LANE[2].USE_ALWAYS_PACKER.BYTE_LANE[2].USE_FPGA_DATA.BIT_LANE[5].FDRE_wdata_inst/D (clocked by clk_pll_i). Large setup violations at the end of those stages might be difficult to fix during the post-placement implementation flow and could be the result of non-optimal XDC constraints or non-optimal design architecture
Related violations: <none>

TIMING-16#482 Warning
Large setup violation  
There is a large setup violation of -4.211 ns between mig_axi_interconnect/s00_w_fifo/mem_reg_0_15_0_5/RAMB/CLK (clocked by clk_out2_clk_pll_33) and mig_axi/u_mig_axi_32_mig/u_memc_ui_top_axi/u_axi_mc/USE_UPSIZER.upsizer_d2/USE_WRITE.write_data_inst/WORD_LANE[3].USE_ALWAYS_PACKER.BYTE_LANE[1].USE_FPGA_DATA.USE_REGISTER.BIT_LANE[6].FDRE_wdata_inst/D (clocked by clk_pll_i). Large setup violations at the end of those stages might be difficult to fix during the post-placement implementation flow and could be the result of non-optimal XDC constraints or non-optimal design architecture
Related violations: <none>

TIMING-16#483 Warning
Large setup violation  
There is a large setup violation of -4.217 ns between mig_axi_interconnect/s00_w_fifo/mem_reg_0_15_0_5/RAMA/CLK (clocked by clk_out2_clk_pll_33) and mig_axi/u_mig_axi_32_mig/u_memc_ui_top_axi/u_axi_mc/USE_UPSIZER.upsizer_d2/USE_WRITE.write_data_inst/WORD_LANE[0].USE_ALWAYS_PACKER.BYTE_LANE[0].USE_FPGA_DATA.FDRE_wstrb_inst/D (clocked by clk_pll_i). Large setup violations at the end of those stages might be difficult to fix during the post-placement implementation flow and could be the result of non-optimal XDC constraints or non-optimal design architecture
Related violations: <none>

TIMING-16#484 Warning
Large setup violation  
There is a large setup violation of -4.217 ns between mig_axi_interconnect/s01_w_fifo/mem_reg_0_15_36_36/RAMB/CLK (clocked by clk_out2_clk_pll_33) and mig_axi/u_mig_axi_32_mig/u_memc_ui_top_axi/u_axi_mc/USE_UPSIZER.upsizer_d2/USE_WRITE.write_data_inst/WORD_LANE[0].USE_ALWAYS_PACKER.BYTE_LANE[3].USE_FPGA_DATA.USE_REGISTER.BIT_LANE[3].FDRE_wdata_inst/D (clocked by clk_pll_i). Large setup violations at the end of those stages might be difficult to fix during the post-placement implementation flow and could be the result of non-optimal XDC constraints or non-optimal design architecture
Related violations: <none>

TIMING-16#485 Warning
Large setup violation  
There is a large setup violation of -4.219 ns between mig_axi_interconnect/s00_w_fifo/mem_reg_0_15_0_5/RAMB/CLK (clocked by clk_out2_clk_pll_33) and mig_axi/u_mig_axi_32_mig/u_memc_ui_top_axi/u_axi_mc/USE_UPSIZER.upsizer_d2/USE_WRITE.write_data_inst/WORD_LANE[2].USE_ALWAYS_PACKER.BYTE_LANE[1].USE_FPGA_DATA.BIT_LANE[7].FDRE_wdata_inst/D (clocked by clk_pll_i). Large setup violations at the end of those stages might be difficult to fix during the post-placement implementation flow and could be the result of non-optimal XDC constraints or non-optimal design architecture
Related violations: <none>

TIMING-16#486 Warning
Large setup violation  
There is a large setup violation of -4.219 ns between mig_axi_interconnect/s01_w_fifo/mem_reg_0_15_36_36/RAMB/CLK (clocked by clk_out2_clk_pll_33) and mig_axi/u_mig_axi_32_mig/u_memc_ui_top_axi/u_axi_mc/USE_UPSIZER.upsizer_d2/USE_WRITE.write_data_inst/WORD_LANE[3].USE_ALWAYS_PACKER.BYTE_LANE[3].USE_FPGA_DATA.USE_REGISTER.BIT_LANE[6].FDRE_wdata_inst/D (clocked by clk_pll_i). Large setup violations at the end of those stages might be difficult to fix during the post-placement implementation flow and could be the result of non-optimal XDC constraints or non-optimal design architecture
Related violations: <none>

TIMING-16#487 Warning
Large setup violation  
There is a large setup violation of -4.221 ns between mig_axi_interconnect/s01_w_fifo/mem_reg_0_15_36_36/RAMB/CLK (clocked by clk_out2_clk_pll_33) and mig_axi/u_mig_axi_32_mig/u_memc_ui_top_axi/u_axi_mc/USE_UPSIZER.upsizer_d2/USE_WRITE.write_data_inst/WORD_LANE[3].USE_ALWAYS_PACKER.BYTE_LANE[3].USE_FPGA_DATA.USE_REGISTER.BIT_LANE[4].FDRE_wdata_inst/D (clocked by clk_pll_i). Large setup violations at the end of those stages might be difficult to fix during the post-placement implementation flow and could be the result of non-optimal XDC constraints or non-optimal design architecture
Related violations: <none>

TIMING-16#488 Warning
Large setup violation  
There is a large setup violation of -4.223 ns between mig_axi_interconnect/s01_w_fifo/mem_reg_0_15_36_36/RAMB/CLK (clocked by clk_out2_clk_pll_33) and mig_axi/u_mig_axi_32_mig/u_memc_ui_top_axi/u_axi_mc/USE_UPSIZER.upsizer_d2/USE_WRITE.write_data_inst/WORD_LANE[3].USE_ALWAYS_PACKER.BYTE_LANE[3].USE_FPGA_DATA.USE_REGISTER.BIT_LANE[7].FDRE_wdata_inst/D (clocked by clk_pll_i). Large setup violations at the end of those stages might be difficult to fix during the post-placement implementation flow and could be the result of non-optimal XDC constraints or non-optimal design architecture
Related violations: <none>

TIMING-16#489 Warning
Large setup violation  
There is a large setup violation of -4.224 ns between mig_axi_interconnect/s00_w_fifo/mem_reg_0_15_0_5/RAMB_D1/CLK (clocked by clk_out2_clk_pll_33) and mig_axi/u_mig_axi_32_mig/u_memc_ui_top_axi/u_axi_mc/USE_UPSIZER.upsizer_d2/USE_WRITE.write_data_inst/WORD_LANE[1].USE_ALWAYS_PACKER.BYTE_LANE[2].USE_FPGA_DATA.FDRE_wstrb_inst/D (clocked by clk_pll_i). Large setup violations at the end of those stages might be difficult to fix during the post-placement implementation flow and could be the result of non-optimal XDC constraints or non-optimal design architecture
Related violations: <none>

TIMING-16#490 Warning
Large setup violation  
There is a large setup violation of -4.225 ns between mig_axi_interconnect/s01_w_fifo/mem_reg_0_15_36_36/RAMB/CLK (clocked by clk_out2_clk_pll_33) and mig_axi/u_mig_axi_32_mig/u_memc_ui_top_axi/u_axi_mc/USE_UPSIZER.upsizer_d2/USE_WRITE.write_data_inst/WORD_LANE[2].USE_ALWAYS_PACKER.BYTE_LANE[3].USE_FPGA_DATA.USE_REGISTER.BIT_LANE[3].FDRE_wdata_inst/D (clocked by clk_pll_i). Large setup violations at the end of those stages might be difficult to fix during the post-placement implementation flow and could be the result of non-optimal XDC constraints or non-optimal design architecture
Related violations: <none>

TIMING-16#491 Warning
Large setup violation  
There is a large setup violation of -4.228 ns between mig_axi_interconnect/s01_w_fifo/mem_reg_0_15_36_36/RAMB/CLK (clocked by clk_out2_clk_pll_33) and mig_axi/u_mig_axi_32_mig/u_memc_ui_top_axi/u_axi_mc/USE_UPSIZER.upsizer_d2/USE_WRITE.write_data_inst/WORD_LANE[0].USE_ALWAYS_PACKER.BYTE_LANE[3].USE_FPGA_DATA.USE_REGISTER.FDRE_wstrb_inst/D (clocked by clk_pll_i). Large setup violations at the end of those stages might be difficult to fix during the post-placement implementation flow and could be the result of non-optimal XDC constraints or non-optimal design architecture
Related violations: <none>

TIMING-16#492 Warning
Large setup violation  
There is a large setup violation of -4.229 ns between mig_axi_interconnect/s00_w_fifo/mem_reg_0_15_0_5/RAMA/CLK (clocked by clk_out2_clk_pll_33) and mig_axi/u_mig_axi_32_mig/u_memc_ui_top_axi/u_axi_mc/USE_UPSIZER.upsizer_d2/USE_WRITE.write_addr_inst/USE_BURSTS.cmd_queue/data_Exists_I_reg/D (clocked by clk_pll_i). Large setup violations at the end of those stages might be difficult to fix during the post-placement implementation flow and could be the result of non-optimal XDC constraints or non-optimal design architecture
Related violations: <none>

TIMING-16#493 Warning
Large setup violation  
There is a large setup violation of -4.229 ns between mig_axi_interconnect/s00_w_fifo/mem_reg_0_15_0_5/RAMB_D1/CLK (clocked by clk_out2_clk_pll_33) and mig_axi/u_mig_axi_32_mig/u_memc_ui_top_axi/u_axi_mc/USE_UPSIZER.upsizer_d2/USE_WRITE.write_data_inst/WORD_LANE[1].USE_ALWAYS_PACKER.BYTE_LANE[2].USE_FPGA_DATA.BIT_LANE[5].FDRE_wdata_inst/D (clocked by clk_pll_i). Large setup violations at the end of those stages might be difficult to fix during the post-placement implementation flow and could be the result of non-optimal XDC constraints or non-optimal design architecture
Related violations: <none>

TIMING-16#494 Warning
Large setup violation  
There is a large setup violation of -4.230 ns between mig_axi_interconnect/s00_w_fifo/mem_reg_0_15_0_5/RAMB/CLK (clocked by clk_out2_clk_pll_33) and mig_axi/u_mig_axi_32_mig/u_memc_ui_top_axi/u_axi_mc/USE_UPSIZER.upsizer_d2/USE_WRITE.write_data_inst/WORD_LANE[2].USE_ALWAYS_PACKER.BYTE_LANE[1].USE_FPGA_DATA.BIT_LANE[6].FDRE_wdata_inst/D (clocked by clk_pll_i). Large setup violations at the end of those stages might be difficult to fix during the post-placement implementation flow and could be the result of non-optimal XDC constraints or non-optimal design architecture
Related violations: <none>

TIMING-16#495 Warning
Large setup violation  
There is a large setup violation of -4.233 ns between mig_axi_interconnect/s00_w_fifo/mem_reg_0_15_0_5/RAMB/CLK (clocked by clk_out2_clk_pll_33) and mig_axi/u_mig_axi_32_mig/u_memc_ui_top_axi/u_axi_mc/USE_UPSIZER.upsizer_d2/USE_WRITE.write_data_inst/WORD_LANE[0].USE_ALWAYS_PACKER.BYTE_LANE[1].USE_FPGA_DATA.BIT_LANE[2].FDRE_wdata_inst/D (clocked by clk_pll_i). Large setup violations at the end of those stages might be difficult to fix during the post-placement implementation flow and could be the result of non-optimal XDC constraints or non-optimal design architecture
Related violations: <none>

TIMING-16#496 Warning
Large setup violation  
There is a large setup violation of -4.233 ns between mig_axi_interconnect/s01_w_fifo/mem_reg_0_15_18_23/RAMC_D1/CLK (clocked by clk_out2_clk_pll_33) and mig_axi/u_mig_axi_32_mig/u_memc_ui_top_axi/u_axi_mc/USE_UPSIZER.upsizer_d2/USE_WRITE.write_data_inst/WORD_LANE[2].USE_ALWAYS_PACKER.BYTE_LANE[2].USE_FPGA_DATA.BIT_LANE[2].FDRE_wdata_inst/D (clocked by clk_pll_i). Large setup violations at the end of those stages might be difficult to fix during the post-placement implementation flow and could be the result of non-optimal XDC constraints or non-optimal design architecture
Related violations: <none>

TIMING-16#497 Warning
Large setup violation  
There is a large setup violation of -4.234 ns between mig_axi_interconnect/s00_w_fifo/mem_reg_0_15_0_5/RAMB_D1/CLK (clocked by clk_out2_clk_pll_33) and mig_axi/u_mig_axi_32_mig/u_memc_ui_top_axi/u_axi_mc/USE_UPSIZER.upsizer_d2/USE_WRITE.write_data_inst/WORD_LANE[0].USE_ALWAYS_PACKER.BYTE_LANE[2].USE_FPGA_DATA.BIT_LANE[7].FDRE_wdata_inst/D (clocked by clk_pll_i). Large setup violations at the end of those stages might be difficult to fix during the post-placement implementation flow and could be the result of non-optimal XDC constraints or non-optimal design architecture
Related violations: <none>

TIMING-16#498 Warning
Large setup violation  
There is a large setup violation of -4.234 ns between mig_axi_interconnect/s00_w_fifo/mem_reg_0_15_0_5/RAMB_D1/CLK (clocked by clk_out2_clk_pll_33) and mig_axi/u_mig_axi_32_mig/u_memc_ui_top_axi/u_axi_mc/USE_UPSIZER.upsizer_d2/USE_WRITE.write_data_inst/WORD_LANE[2].USE_ALWAYS_PACKER.BYTE_LANE[2].USE_FPGA_DATA.BIT_LANE[7].FDRE_wdata_inst/D (clocked by clk_pll_i). Large setup violations at the end of those stages might be difficult to fix during the post-placement implementation flow and could be the result of non-optimal XDC constraints or non-optimal design architecture
Related violations: <none>

TIMING-16#499 Warning
Large setup violation  
There is a large setup violation of -4.235 ns between mig_axi_interconnect/s00_w_fifo/mem_reg_0_15_0_5/RAMB_D1/CLK (clocked by clk_out2_clk_pll_33) and mig_axi/u_mig_axi_32_mig/u_memc_ui_top_axi/u_axi_mc/USE_UPSIZER.upsizer_d2/USE_WRITE.write_data_inst/WORD_LANE[1].USE_ALWAYS_PACKER.BYTE_LANE[2].USE_FPGA_DATA.BIT_LANE[6].FDRE_wdata_inst/D (clocked by clk_pll_i). Large setup violations at the end of those stages might be difficult to fix during the post-placement implementation flow and could be the result of non-optimal XDC constraints or non-optimal design architecture
Related violations: <none>

TIMING-16#500 Warning
Large setup violation  
There is a large setup violation of -4.235 ns between mig_axi_interconnect/s01_w_fifo/mem_reg_0_15_36_36/RAMB/CLK (clocked by clk_out2_clk_pll_33) and mig_axi/u_mig_axi_32_mig/u_memc_ui_top_axi/u_axi_mc/USE_UPSIZER.upsizer_d2/USE_WRITE.write_data_inst/WORD_LANE[2].USE_ALWAYS_PACKER.BYTE_LANE[3].USE_FPGA_DATA.USE_REGISTER.BIT_LANE[6].FDRE_wdata_inst/D (clocked by clk_pll_i). Large setup violations at the end of those stages might be difficult to fix during the post-placement implementation flow and could be the result of non-optimal XDC constraints or non-optimal design architecture
Related violations: <none>

TIMING-16#501 Warning
Large setup violation  
There is a large setup violation of -4.236 ns between mig_axi_interconnect/s00_w_fifo/mem_reg_0_15_0_5/RAMB/CLK (clocked by clk_out2_clk_pll_33) and mig_axi/u_mig_axi_32_mig/u_memc_ui_top_axi/u_axi_mc/USE_UPSIZER.upsizer_d2/USE_WRITE.write_data_inst/WORD_LANE[3].USE_ALWAYS_PACKER.BYTE_LANE[1].USE_FPGA_DATA.BIT_LANE[3].FDRE_wdata_inst/D (clocked by clk_pll_i). Large setup violations at the end of those stages might be difficult to fix during the post-placement implementation flow and could be the result of non-optimal XDC constraints or non-optimal design architecture
Related violations: <none>

TIMING-16#502 Warning
Large setup violation  
There is a large setup violation of -4.237 ns between mig_axi_interconnect/s01_w_fifo/mem_reg_0_15_36_36/RAMB/CLK (clocked by clk_out2_clk_pll_33) and mig_axi/u_mig_axi_32_mig/u_memc_ui_top_axi/u_axi_mc/USE_UPSIZER.upsizer_d2/USE_WRITE.write_data_inst/WORD_LANE[1].USE_ALWAYS_PACKER.BYTE_LANE[3].USE_FPGA_DATA.USE_REGISTER.BIT_LANE[2].FDRE_wdata_inst/D (clocked by clk_pll_i). Large setup violations at the end of those stages might be difficult to fix during the post-placement implementation flow and could be the result of non-optimal XDC constraints or non-optimal design architecture
Related violations: <none>

TIMING-16#503 Warning
Large setup violation  
There is a large setup violation of -4.238 ns between mig_axi_interconnect/s01_w_fifo/mem_reg_0_15_18_23/RAMC_D1/CLK (clocked by clk_out2_clk_pll_33) and mig_axi/u_mig_axi_32_mig/u_memc_ui_top_axi/u_axi_mc/USE_UPSIZER.upsizer_d2/USE_WRITE.write_data_inst/WORD_LANE[0].USE_ALWAYS_PACKER.BYTE_LANE[2].USE_FPGA_DATA.BIT_LANE[2].FDRE_wdata_inst/D (clocked by clk_pll_i). Large setup violations at the end of those stages might be difficult to fix during the post-placement implementation flow and could be the result of non-optimal XDC constraints or non-optimal design architecture
Related violations: <none>

TIMING-16#504 Warning
Large setup violation  
There is a large setup violation of -4.239 ns between mig_axi_interconnect/s01_w_fifo/mem_reg_0_15_36_36/RAMB/CLK (clocked by clk_out2_clk_pll_33) and mig_axi/u_mig_axi_32_mig/u_memc_ui_top_axi/u_axi_mc/USE_UPSIZER.upsizer_d2/USE_WRITE.write_data_inst/WORD_LANE[1].USE_ALWAYS_PACKER.BYTE_LANE[3].USE_FPGA_DATA.USE_REGISTER.BIT_LANE[5].FDRE_wdata_inst/D (clocked by clk_pll_i). Large setup violations at the end of those stages might be difficult to fix during the post-placement implementation flow and could be the result of non-optimal XDC constraints or non-optimal design architecture
Related violations: <none>

TIMING-16#505 Warning
Large setup violation  
There is a large setup violation of -4.240 ns between mig_axi_interconnect/s01_w_fifo/mem_reg_0_15_36_36/RAMB/CLK (clocked by clk_out2_clk_pll_33) and mig_axi/u_mig_axi_32_mig/u_memc_ui_top_axi/u_axi_mc/USE_UPSIZER.upsizer_d2/USE_WRITE.write_data_inst/WORD_LANE[3].USE_ALWAYS_PACKER.BYTE_LANE[3].USE_FPGA_DATA.USE_REGISTER.BIT_LANE[3].FDRE_wdata_inst/D (clocked by clk_pll_i). Large setup violations at the end of those stages might be difficult to fix during the post-placement implementation flow and could be the result of non-optimal XDC constraints or non-optimal design architecture
Related violations: <none>

TIMING-16#506 Warning
Large setup violation  
There is a large setup violation of -4.242 ns between mig_axi_interconnect/s01_w_fifo/mem_reg_0_15_36_36/RAMB/CLK (clocked by clk_out2_clk_pll_33) and mig_axi/u_mig_axi_32_mig/u_memc_ui_top_axi/u_axi_mc/USE_UPSIZER.upsizer_d2/USE_WRITE.write_data_inst/WORD_LANE[2].USE_ALWAYS_PACKER.BYTE_LANE[3].USE_FPGA_DATA.USE_REGISTER.BIT_LANE[7].FDRE_wdata_inst/D (clocked by clk_pll_i). Large setup violations at the end of those stages might be difficult to fix during the post-placement implementation flow and could be the result of non-optimal XDC constraints or non-optimal design architecture
Related violations: <none>

TIMING-16#507 Warning
Large setup violation  
There is a large setup violation of -4.244 ns between mig_axi_interconnect/s00_w_fifo/mem_reg_0_15_0_5/RAMB/CLK (clocked by clk_out2_clk_pll_33) and mig_axi/u_mig_axi_32_mig/u_memc_ui_top_axi/u_axi_mc/USE_UPSIZER.upsizer_d2/USE_WRITE.write_data_inst/WORD_LANE[3].USE_ALWAYS_PACKER.BYTE_LANE[1].USE_FPGA_DATA.BIT_LANE[7].FDRE_wdata_inst/D (clocked by clk_pll_i). Large setup violations at the end of those stages might be difficult to fix during the post-placement implementation flow and could be the result of non-optimal XDC constraints or non-optimal design architecture
Related violations: <none>

TIMING-16#508 Warning
Large setup violation  
There is a large setup violation of -4.247 ns between mig_axi_interconnect/s01_w_fifo/mem_reg_0_15_36_36/RAMB/CLK (clocked by clk_out2_clk_pll_33) and mig_axi/u_mig_axi_32_mig/u_memc_ui_top_axi/u_axi_mc/USE_UPSIZER.upsizer_d2/USE_WRITE.write_data_inst/WORD_LANE[3].USE_ALWAYS_PACKER.BYTE_LANE[3].USE_FPGA_DATA.USE_REGISTER.BIT_LANE[5].FDRE_wdata_inst/D (clocked by clk_pll_i). Large setup violations at the end of those stages might be difficult to fix during the post-placement implementation flow and could be the result of non-optimal XDC constraints or non-optimal design architecture
Related violations: <none>

TIMING-16#509 Warning
Large setup violation  
There is a large setup violation of -4.248 ns between mig_axi_interconnect/s01_w_fifo/mem_reg_0_15_12_17/RAMC/CLK (clocked by clk_out2_clk_pll_33) and mig_axi/u_mig_axi_32_mig/u_memc_ui_top_axi/u_axi_mc/USE_UPSIZER.upsizer_d2/USE_WRITE.write_data_inst/WORD_LANE[1].USE_ALWAYS_PACKER.BYTE_LANE[1].USE_FPGA_DATA.BIT_LANE[3].FDRE_wdata_inst/D (clocked by clk_pll_i). Large setup violations at the end of those stages might be difficult to fix during the post-placement implementation flow and could be the result of non-optimal XDC constraints or non-optimal design architecture
Related violations: <none>

TIMING-16#510 Warning
Large setup violation  
There is a large setup violation of -4.248 ns between mig_axi_interconnect/s01_w_fifo/mem_reg_0_15_36_36/RAMB/CLK (clocked by clk_out2_clk_pll_33) and mig_axi/u_mig_axi_32_mig/u_memc_ui_top_axi/u_axi_mc/USE_UPSIZER.upsizer_d2/USE_WRITE.write_data_inst/WORD_LANE[2].USE_ALWAYS_PACKER.BYTE_LANE[3].USE_FPGA_DATA.USE_REGISTER.BIT_LANE[5].FDRE_wdata_inst/D (clocked by clk_pll_i). Large setup violations at the end of those stages might be difficult to fix during the post-placement implementation flow and could be the result of non-optimal XDC constraints or non-optimal design architecture
Related violations: <none>

TIMING-16#511 Warning
Large setup violation  
There is a large setup violation of -4.248 ns between mig_axi_interconnect/s01_w_fifo/mem_reg_0_15_36_36/RAMB/CLK (clocked by clk_out2_clk_pll_33) and mig_axi/u_mig_axi_32_mig/u_memc_ui_top_axi/u_axi_mc/USE_UPSIZER.upsizer_d2/USE_WRITE.write_data_inst/WORD_LANE[3].USE_ALWAYS_PACKER.BYTE_LANE[3].USE_FPGA_DATA.USE_REGISTER.BIT_LANE[2].FDRE_wdata_inst/D (clocked by clk_pll_i). Large setup violations at the end of those stages might be difficult to fix during the post-placement implementation flow and could be the result of non-optimal XDC constraints or non-optimal design architecture
Related violations: <none>

TIMING-16#512 Warning
Large setup violation  
There is a large setup violation of -4.258 ns between mig_axi_interconnect/s01_w_fifo/mem_reg_0_15_36_36/RAMB/CLK (clocked by clk_out2_clk_pll_33) and mig_axi/u_mig_axi_32_mig/u_memc_ui_top_axi/u_axi_mc/USE_UPSIZER.upsizer_d2/USE_WRITE.write_data_inst/WORD_LANE[1].USE_ALWAYS_PACKER.BYTE_LANE[3].USE_FPGA_DATA.USE_REGISTER.BIT_LANE[3].FDRE_wdata_inst/D (clocked by clk_pll_i). Large setup violations at the end of those stages might be difficult to fix during the post-placement implementation flow and could be the result of non-optimal XDC constraints or non-optimal design architecture
Related violations: <none>

TIMING-16#513 Warning
Large setup violation  
There is a large setup violation of -4.265 ns between mig_axi_interconnect/s01_w_fifo/mem_reg_0_15_36_36/RAMB/CLK (clocked by clk_out2_clk_pll_33) and mig_axi/u_mig_axi_32_mig/u_memc_ui_top_axi/u_axi_mc/USE_UPSIZER.upsizer_d2/USE_WRITE.write_data_inst/WORD_LANE[0].USE_ALWAYS_PACKER.BYTE_LANE[3].USE_FPGA_DATA.USE_REGISTER.BIT_LANE[7].FDRE_wdata_inst/D (clocked by clk_pll_i). Large setup violations at the end of those stages might be difficult to fix during the post-placement implementation flow and could be the result of non-optimal XDC constraints or non-optimal design architecture
Related violations: <none>

TIMING-16#514 Warning
Large setup violation  
There is a large setup violation of -4.265 ns between mig_axi_interconnect/s01_w_fifo/mem_reg_0_15_36_36/RAMB/CLK (clocked by clk_out2_clk_pll_33) and mig_axi/u_mig_axi_32_mig/u_memc_ui_top_axi/u_axi_mc/USE_UPSIZER.upsizer_d2/USE_WRITE.write_data_inst/WORD_LANE[3].USE_ALWAYS_PACKER.BYTE_LANE[3].USE_FPGA_DATA.USE_REGISTER.BIT_LANE[1].FDRE_wdata_inst/D (clocked by clk_pll_i). Large setup violations at the end of those stages might be difficult to fix during the post-placement implementation flow and could be the result of non-optimal XDC constraints or non-optimal design architecture
Related violations: <none>

TIMING-16#515 Warning
Large setup violation  
There is a large setup violation of -4.266 ns between mig_axi_interconnect/s01_w_fifo/mem_reg_0_15_36_36/RAMB/CLK (clocked by clk_out2_clk_pll_33) and mig_axi/u_mig_axi_32_mig/u_memc_ui_top_axi/u_axi_mc/USE_UPSIZER.upsizer_d2/USE_WRITE.write_data_inst/WORD_LANE[0].USE_ALWAYS_PACKER.BYTE_LANE[3].USE_FPGA_DATA.USE_REGISTER.BIT_LANE[5].FDRE_wdata_inst/D (clocked by clk_pll_i). Large setup violations at the end of those stages might be difficult to fix during the post-placement implementation flow and could be the result of non-optimal XDC constraints or non-optimal design architecture
Related violations: <none>

TIMING-16#516 Warning
Large setup violation  
There is a large setup violation of -4.270 ns between mig_axi_interconnect/s00_w_fifo/mem_reg_0_15_0_5/RAMB_D1/CLK (clocked by clk_out2_clk_pll_33) and mig_axi/u_mig_axi_32_mig/u_memc_ui_top_axi/u_axi_mc/USE_UPSIZER.upsizer_d2/USE_WRITE.write_data_inst/WORD_LANE[0].USE_ALWAYS_PACKER.BYTE_LANE[2].USE_FPGA_DATA.BIT_LANE[0].FDRE_wdata_inst/D (clocked by clk_pll_i). Large setup violations at the end of those stages might be difficult to fix during the post-placement implementation flow and could be the result of non-optimal XDC constraints or non-optimal design architecture
Related violations: <none>

TIMING-16#517 Warning
Large setup violation  
There is a large setup violation of -4.270 ns between mig_axi_interconnect/s01_w_fifo/mem_reg_0_15_36_36/RAMB/CLK (clocked by clk_out2_clk_pll_33) and mig_axi/u_mig_axi_32_mig/u_memc_ui_top_axi/u_axi_mc/USE_UPSIZER.upsizer_d2/USE_WRITE.write_data_inst/WORD_LANE[3].USE_ALWAYS_PACKER.BYTE_LANE[3].USE_FPGA_DATA.USE_REGISTER.BIT_LANE[0].FDRE_wdata_inst/D (clocked by clk_pll_i). Large setup violations at the end of those stages might be difficult to fix during the post-placement implementation flow and could be the result of non-optimal XDC constraints or non-optimal design architecture
Related violations: <none>

TIMING-16#518 Warning
Large setup violation  
There is a large setup violation of -4.274 ns between mig_axi_interconnect/s00_w_fifo/mem_reg_0_15_0_5/RAMB/CLK (clocked by clk_out2_clk_pll_33) and mig_axi/u_mig_axi_32_mig/u_memc_ui_top_axi/u_axi_mc/USE_UPSIZER.upsizer_d2/USE_WRITE.write_data_inst/WORD_LANE[2].USE_ALWAYS_PACKER.BYTE_LANE[1].USE_FPGA_DATA.BIT_LANE[4].FDRE_wdata_inst/D (clocked by clk_pll_i). Large setup violations at the end of those stages might be difficult to fix during the post-placement implementation flow and could be the result of non-optimal XDC constraints or non-optimal design architecture
Related violations: <none>

TIMING-16#519 Warning
Large setup violation  
There is a large setup violation of -4.283 ns between mig_axi_interconnect/s01_w_fifo/mem_reg_0_15_36_36/RAMB/CLK (clocked by clk_out2_clk_pll_33) and mig_axi/u_mig_axi_32_mig/u_memc_ui_top_axi/u_axi_mc/USE_UPSIZER.upsizer_d2/USE_WRITE.write_data_inst/WORD_LANE[1].USE_ALWAYS_PACKER.BYTE_LANE[3].USE_FPGA_DATA.USE_REGISTER.BIT_LANE[7].FDRE_wdata_inst/D (clocked by clk_pll_i). Large setup violations at the end of those stages might be difficult to fix during the post-placement implementation flow and could be the result of non-optimal XDC constraints or non-optimal design architecture
Related violations: <none>

TIMING-16#520 Warning
Large setup violation  
There is a large setup violation of -4.285 ns between mig_axi_interconnect/s01_w_fifo/mem_reg_0_15_36_36/RAMB/CLK (clocked by clk_out2_clk_pll_33) and mig_axi/u_mig_axi_32_mig/u_memc_ui_top_axi/u_axi_mc/USE_UPSIZER.upsizer_d2/USE_WRITE.write_data_inst/WORD_LANE[2].USE_ALWAYS_PACKER.BYTE_LANE[3].USE_FPGA_DATA.USE_REGISTER.BIT_LANE[4].FDRE_wdata_inst/D (clocked by clk_pll_i). Large setup violations at the end of those stages might be difficult to fix during the post-placement implementation flow and could be the result of non-optimal XDC constraints or non-optimal design architecture
Related violations: <none>

TIMING-16#521 Warning
Large setup violation  
There is a large setup violation of -4.287 ns between mig_axi_interconnect/s00_w_fifo/mem_reg_0_15_0_5/RAMB/CLK (clocked by clk_out2_clk_pll_33) and mig_axi/u_mig_axi_32_mig/u_memc_ui_top_axi/u_axi_mc/USE_UPSIZER.upsizer_d2/USE_WRITE.write_data_inst/WORD_LANE[1].USE_ALWAYS_PACKER.BYTE_LANE[1].USE_FPGA_DATA.BIT_LANE[5].FDRE_wdata_inst/D (clocked by clk_pll_i). Large setup violations at the end of those stages might be difficult to fix during the post-placement implementation flow and could be the result of non-optimal XDC constraints or non-optimal design architecture
Related violations: <none>

TIMING-16#522 Warning
Large setup violation  
There is a large setup violation of -4.290 ns between mig_axi_interconnect/s00_w_fifo/mem_reg_0_15_0_5/RAMA/CLK (clocked by clk_out2_clk_pll_33) and mig_axi/u_mig_axi_32_mig/u_memc_ui_top_axi/u_axi_mc/USE_UPSIZER.upsizer_d2/USE_WRITE.write_addr_inst/USE_BURSTS.cmd_queue/USE_FPGA_ADDR.ADDR_GEN[3].FDRE_inst/D (clocked by clk_pll_i). Large setup violations at the end of those stages might be difficult to fix during the post-placement implementation flow and could be the result of non-optimal XDC constraints or non-optimal design architecture
Related violations: <none>

TIMING-16#523 Warning
Large setup violation  
There is a large setup violation of -4.296 ns between mig_axi_interconnect/s00_w_fifo/mem_reg_0_15_0_5/RAMB_D1/CLK (clocked by clk_out2_clk_pll_33) and mig_axi/u_mig_axi_32_mig/u_memc_ui_top_axi/u_axi_mc/USE_UPSIZER.upsizer_d2/USE_WRITE.write_data_inst/WORD_LANE[2].USE_ALWAYS_PACKER.BYTE_LANE[2].USE_FPGA_DATA.FDRE_wstrb_inst/D (clocked by clk_pll_i). Large setup violations at the end of those stages might be difficult to fix during the post-placement implementation flow and could be the result of non-optimal XDC constraints or non-optimal design architecture
Related violations: <none>

TIMING-16#524 Warning
Large setup violation  
There is a large setup violation of -4.298 ns between mig_axi_interconnect/s01_w_fifo/mem_reg_0_15_36_36/RAMB/CLK (clocked by clk_out2_clk_pll_33) and mig_axi/u_mig_axi_32_mig/u_memc_ui_top_axi/u_axi_mc/USE_UPSIZER.upsizer_d2/USE_WRITE.write_data_inst/WORD_LANE[2].USE_ALWAYS_PACKER.BYTE_LANE[3].USE_FPGA_DATA.USE_REGISTER.FDRE_wstrb_inst/D (clocked by clk_pll_i). Large setup violations at the end of those stages might be difficult to fix during the post-placement implementation flow and could be the result of non-optimal XDC constraints or non-optimal design architecture
Related violations: <none>

TIMING-16#525 Warning
Large setup violation  
There is a large setup violation of -4.315 ns between mig_axi_interconnect/s00_w_fifo/mem_reg_0_15_0_5/RAMB_D1/CLK (clocked by clk_out2_clk_pll_33) and mig_axi/u_mig_axi_32_mig/u_memc_ui_top_axi/u_axi_mc/USE_UPSIZER.upsizer_d2/USE_WRITE.write_data_inst/WORD_LANE[0].USE_ALWAYS_PACKER.BYTE_LANE[2].USE_FPGA_DATA.BIT_LANE[5].FDRE_wdata_inst/D (clocked by clk_pll_i). Large setup violations at the end of those stages might be difficult to fix during the post-placement implementation flow and could be the result of non-optimal XDC constraints or non-optimal design architecture
Related violations: <none>

TIMING-16#526 Warning
Large setup violation  
There is a large setup violation of -4.317 ns between mig_axi_interconnect/s00_w_fifo/mem_reg_0_15_0_5/RAMB_D1/CLK (clocked by clk_out2_clk_pll_33) and mig_axi/u_mig_axi_32_mig/u_memc_ui_top_axi/u_axi_mc/USE_UPSIZER.upsizer_d2/USE_WRITE.write_data_inst/WORD_LANE[2].USE_ALWAYS_PACKER.BYTE_LANE[2].USE_FPGA_DATA.BIT_LANE[6].FDRE_wdata_inst/D (clocked by clk_pll_i). Large setup violations at the end of those stages might be difficult to fix during the post-placement implementation flow and could be the result of non-optimal XDC constraints or non-optimal design architecture
Related violations: <none>

TIMING-16#527 Warning
Large setup violation  
There is a large setup violation of -4.322 ns between mig_axi_interconnect/s01_w_fifo/mem_reg_0_15_36_36/RAMB/CLK (clocked by clk_out2_clk_pll_33) and mig_axi/u_mig_axi_32_mig/u_memc_ui_top_axi/u_axi_mc/USE_UPSIZER.upsizer_d2/USE_WRITE.write_data_inst/WORD_LANE[0].USE_ALWAYS_PACKER.BYTE_LANE[3].USE_FPGA_DATA.BIT_LANE[5].FDRE_wdata_inst/D (clocked by clk_pll_i). Large setup violations at the end of those stages might be difficult to fix during the post-placement implementation flow and could be the result of non-optimal XDC constraints or non-optimal design architecture
Related violations: <none>

TIMING-16#528 Warning
Large setup violation  
There is a large setup violation of -4.322 ns between mig_axi_interconnect/s01_w_fifo/mem_reg_0_15_36_36/RAMB/CLK (clocked by clk_out2_clk_pll_33) and mig_axi/u_mig_axi_32_mig/u_memc_ui_top_axi/u_axi_mc/USE_UPSIZER.upsizer_d2/USE_WRITE.write_data_inst/WORD_LANE[3].USE_ALWAYS_PACKER.BYTE_LANE[3].USE_FPGA_DATA.BIT_LANE[0].FDRE_wdata_inst/D (clocked by clk_pll_i). Large setup violations at the end of those stages might be difficult to fix during the post-placement implementation flow and could be the result of non-optimal XDC constraints or non-optimal design architecture
Related violations: <none>

TIMING-16#529 Warning
Large setup violation  
There is a large setup violation of -4.324 ns between mig_axi_interconnect/s00_w_fifo/mem_reg_0_15_0_5/RAMB_D1/CLK (clocked by clk_out2_clk_pll_33) and mig_axi/u_mig_axi_32_mig/u_memc_ui_top_axi/u_axi_mc/USE_UPSIZER.upsizer_d2/USE_WRITE.write_data_inst/WORD_LANE[2].USE_ALWAYS_PACKER.BYTE_LANE[2].USE_FPGA_DATA.BIT_LANE[3].FDRE_wdata_inst/D (clocked by clk_pll_i). Large setup violations at the end of those stages might be difficult to fix during the post-placement implementation flow and could be the result of non-optimal XDC constraints or non-optimal design architecture
Related violations: <none>

TIMING-16#530 Warning
Large setup violation  
There is a large setup violation of -4.337 ns between mig_axi_interconnect/s01_w_fifo/mem_reg_0_15_18_23/RAMC_D1/CLK (clocked by clk_out2_clk_pll_33) and mig_axi/u_mig_axi_32_mig/u_memc_ui_top_axi/u_axi_mc/USE_UPSIZER.upsizer_d2/USE_WRITE.write_data_inst/WORD_LANE[3].USE_ALWAYS_PACKER.BYTE_LANE[2].USE_FPGA_DATA.BIT_LANE[2].FDRE_wdata_inst/D (clocked by clk_pll_i). Large setup violations at the end of those stages might be difficult to fix during the post-placement implementation flow and could be the result of non-optimal XDC constraints or non-optimal design architecture
Related violations: <none>

TIMING-16#531 Warning
Large setup violation  
There is a large setup violation of -4.338 ns between mig_axi_interconnect/s01_w_fifo/mem_reg_0_15_36_36/RAMB/CLK (clocked by clk_out2_clk_pll_33) and mig_axi/u_mig_axi_32_mig/u_memc_ui_top_axi/u_axi_mc/USE_UPSIZER.upsizer_d2/USE_WRITE.write_data_inst/WORD_LANE[3].USE_ALWAYS_PACKER.BYTE_LANE[3].USE_FPGA_DATA.BIT_LANE[6].FDRE_wdata_inst/D (clocked by clk_pll_i). Large setup violations at the end of those stages might be difficult to fix during the post-placement implementation flow and could be the result of non-optimal XDC constraints or non-optimal design architecture
Related violations: <none>

TIMING-16#532 Warning
Large setup violation  
There is a large setup violation of -4.341 ns between mig_axi_interconnect/s01_w_fifo/mem_reg_0_15_36_36/RAMB/CLK (clocked by clk_out2_clk_pll_33) and mig_axi/u_mig_axi_32_mig/u_memc_ui_top_axi/u_axi_mc/USE_UPSIZER.upsizer_d2/USE_WRITE.write_data_inst/WORD_LANE[0].USE_ALWAYS_PACKER.BYTE_LANE[3].USE_FPGA_DATA.BIT_LANE[4].FDRE_wdata_inst/D (clocked by clk_pll_i). Large setup violations at the end of those stages might be difficult to fix during the post-placement implementation flow and could be the result of non-optimal XDC constraints or non-optimal design architecture
Related violations: <none>

TIMING-16#533 Warning
Large setup violation  
There is a large setup violation of -4.344 ns between mig_axi_interconnect/s01_w_fifo/mem_reg_0_15_36_36/RAMB/CLK (clocked by clk_out2_clk_pll_33) and mig_axi/u_mig_axi_32_mig/u_memc_ui_top_axi/u_axi_mc/USE_UPSIZER.upsizer_d2/USE_WRITE.write_data_inst/WORD_LANE[0].USE_ALWAYS_PACKER.BYTE_LANE[3].USE_FPGA_DATA.BIT_LANE[1].FDRE_wdata_inst/D (clocked by clk_pll_i). Large setup violations at the end of those stages might be difficult to fix during the post-placement implementation flow and could be the result of non-optimal XDC constraints or non-optimal design architecture
Related violations: <none>

TIMING-16#534 Warning
Large setup violation  
There is a large setup violation of -4.345 ns between mig_axi_interconnect/s00_w_fifo/mem_reg_0_15_0_5/RAMA/CLK (clocked by clk_out2_clk_pll_33) and mig_axi/u_mig_axi_32_mig/u_memc_ui_top_axi/u_axi_mc/USE_UPSIZER.upsizer_d2/USE_WRITE.write_addr_inst/USE_BURSTS.cmd_queue/USE_FPGA_ADDR.ADDR_GEN[4].FDRE_inst/D (clocked by clk_pll_i). Large setup violations at the end of those stages might be difficult to fix during the post-placement implementation flow and could be the result of non-optimal XDC constraints or non-optimal design architecture
Related violations: <none>

TIMING-16#535 Warning
Large setup violation  
There is a large setup violation of -4.355 ns between mig_axi_interconnect/s01_w_fifo/mem_reg_0_15_36_36/RAMB/CLK (clocked by clk_out2_clk_pll_33) and mig_axi/u_mig_axi_32_mig/u_memc_ui_top_axi/u_axi_mc/USE_UPSIZER.upsizer_d2/USE_WRITE.write_data_inst/WORD_LANE[3].USE_ALWAYS_PACKER.BYTE_LANE[3].USE_FPGA_DATA.BIT_LANE[4].FDRE_wdata_inst/D (clocked by clk_pll_i). Large setup violations at the end of those stages might be difficult to fix during the post-placement implementation flow and could be the result of non-optimal XDC constraints or non-optimal design architecture
Related violations: <none>

TIMING-16#536 Warning
Large setup violation  
There is a large setup violation of -4.365 ns between mig_axi_interconnect/s01_w_fifo/mem_reg_0_15_36_36/RAMB/CLK (clocked by clk_out2_clk_pll_33) and mig_axi/u_mig_axi_32_mig/u_memc_ui_top_axi/u_axi_mc/USE_UPSIZER.upsizer_d2/USE_WRITE.write_data_inst/WORD_LANE[1].USE_ALWAYS_PACKER.BYTE_LANE[3].USE_FPGA_DATA.USE_REGISTER.BIT_LANE[6].FDRE_wdata_inst/D (clocked by clk_pll_i). Large setup violations at the end of those stages might be difficult to fix during the post-placement implementation flow and could be the result of non-optimal XDC constraints or non-optimal design architecture
Related violations: <none>

TIMING-16#537 Warning
Large setup violation  
There is a large setup violation of -4.368 ns between mig_axi_interconnect/s01_w_fifo/mem_reg_0_15_36_36/RAMB/CLK (clocked by clk_out2_clk_pll_33) and mig_axi/u_mig_axi_32_mig/u_memc_ui_top_axi/u_axi_mc/USE_UPSIZER.upsizer_d2/USE_WRITE.write_data_inst/WORD_LANE[3].USE_ALWAYS_PACKER.BYTE_LANE[3].USE_FPGA_DATA.BIT_LANE[2].FDRE_wdata_inst/D (clocked by clk_pll_i). Large setup violations at the end of those stages might be difficult to fix during the post-placement implementation flow and could be the result of non-optimal XDC constraints or non-optimal design architecture
Related violations: <none>

TIMING-16#538 Warning
Large setup violation  
There is a large setup violation of -4.379 ns between mig_axi_interconnect/s00_w_fifo/mem_reg_0_15_0_5/RAMB_D1/CLK (clocked by clk_out2_clk_pll_33) and mig_axi/u_mig_axi_32_mig/u_memc_ui_top_axi/u_axi_mc/USE_UPSIZER.upsizer_d2/USE_WRITE.write_data_inst/WORD_LANE[2].USE_ALWAYS_PACKER.BYTE_LANE[2].USE_FPGA_DATA.BIT_LANE[4].FDRE_wdata_inst/D (clocked by clk_pll_i). Large setup violations at the end of those stages might be difficult to fix during the post-placement implementation flow and could be the result of non-optimal XDC constraints or non-optimal design architecture
Related violations: <none>

TIMING-16#539 Warning
Large setup violation  
There is a large setup violation of -4.392 ns between mig_axi_interconnect/s01_w_fifo/mem_reg_0_15_36_36/RAMB/CLK (clocked by clk_out2_clk_pll_33) and mig_axi/u_mig_axi_32_mig/u_memc_ui_top_axi/u_axi_mc/USE_UPSIZER.upsizer_d2/USE_WRITE.write_data_inst/WORD_LANE[2].USE_ALWAYS_PACKER.BYTE_LANE[3].USE_FPGA_DATA.USE_REGISTER.BIT_LANE[1].FDRE_wdata_inst/D (clocked by clk_pll_i). Large setup violations at the end of those stages might be difficult to fix during the post-placement implementation flow and could be the result of non-optimal XDC constraints or non-optimal design architecture
Related violations: <none>

TIMING-16#540 Warning
Large setup violation  
There is a large setup violation of -4.396 ns between mig_axi_interconnect/s01_w_fifo/mem_reg_0_15_36_36/RAMB/CLK (clocked by clk_out2_clk_pll_33) and mig_axi/u_mig_axi_32_mig/u_memc_ui_top_axi/u_axi_mc/USE_UPSIZER.upsizer_d2/USE_WRITE.write_data_inst/WORD_LANE[2].USE_ALWAYS_PACKER.BYTE_LANE[3].USE_FPGA_DATA.USE_REGISTER.BIT_LANE[0].FDRE_wdata_inst/D (clocked by clk_pll_i). Large setup violations at the end of those stages might be difficult to fix during the post-placement implementation flow and could be the result of non-optimal XDC constraints or non-optimal design architecture
Related violations: <none>

TIMING-16#541 Warning
Large setup violation  
There is a large setup violation of -4.420 ns between mig_axi_interconnect/s01_w_fifo/mem_reg_0_15_36_36/RAMB/CLK (clocked by clk_out2_clk_pll_33) and mig_axi/u_mig_axi_32_mig/u_memc_ui_top_axi/u_axi_mc/USE_UPSIZER.upsizer_d2/USE_WRITE.write_data_inst/WORD_LANE[1].USE_ALWAYS_PACKER.BYTE_LANE[3].USE_FPGA_DATA.USE_REGISTER.BIT_LANE[1].FDRE_wdata_inst/D (clocked by clk_pll_i). Large setup violations at the end of those stages might be difficult to fix during the post-placement implementation flow and could be the result of non-optimal XDC constraints or non-optimal design architecture
Related violations: <none>

TIMING-16#542 Warning
Large setup violation  
There is a large setup violation of -4.424 ns between mig_axi_interconnect/s01_w_fifo/mem_reg_0_15_36_36/RAMB/CLK (clocked by clk_out2_clk_pll_33) and mig_axi/u_mig_axi_32_mig/u_memc_ui_top_axi/u_axi_mc/USE_UPSIZER.upsizer_d2/USE_WRITE.write_data_inst/WORD_LANE[1].USE_ALWAYS_PACKER.BYTE_LANE[3].USE_FPGA_DATA.USE_REGISTER.BIT_LANE[0].FDRE_wdata_inst/D (clocked by clk_pll_i). Large setup violations at the end of those stages might be difficult to fix during the post-placement implementation flow and could be the result of non-optimal XDC constraints or non-optimal design architecture
Related violations: <none>

TIMING-16#543 Warning
Large setup violation  
There is a large setup violation of -4.428 ns between mig_axi_interconnect/s01_w_fifo/mem_reg_0_15_36_36/RAMB/CLK (clocked by clk_out2_clk_pll_33) and mig_axi/u_mig_axi_32_mig/u_memc_ui_top_axi/u_axi_mc/USE_UPSIZER.upsizer_d2/USE_WRITE.write_data_inst/WORD_LANE[0].USE_ALWAYS_PACKER.BYTE_LANE[3].USE_FPGA_DATA.BIT_LANE[6].FDRE_wdata_inst/D (clocked by clk_pll_i). Large setup violations at the end of those stages might be difficult to fix during the post-placement implementation flow and could be the result of non-optimal XDC constraints or non-optimal design architecture
Related violations: <none>

TIMING-16#544 Warning
Large setup violation  
There is a large setup violation of -4.444 ns between mig_axi_interconnect/s01_w_fifo/mem_reg_0_15_36_36/RAMB/CLK (clocked by clk_out2_clk_pll_33) and mig_axi/u_mig_axi_32_mig/u_memc_ui_top_axi/u_axi_mc/USE_UPSIZER.upsizer_d2/USE_WRITE.write_data_inst/WORD_LANE[1].USE_ALWAYS_PACKER.BYTE_LANE[3].USE_FPGA_DATA.BIT_LANE[2].FDRE_wdata_inst/D (clocked by clk_pll_i). Large setup violations at the end of those stages might be difficult to fix during the post-placement implementation flow and could be the result of non-optimal XDC constraints or non-optimal design architecture
Related violations: <none>

TIMING-16#545 Warning
Large setup violation  
There is a large setup violation of -4.457 ns between mig_axi_interconnect/s01_w_fifo/mem_reg_0_15_36_36/RAMB/CLK (clocked by clk_out2_clk_pll_33) and mig_axi/u_mig_axi_32_mig/u_memc_ui_top_axi/u_axi_mc/USE_UPSIZER.upsizer_d2/USE_WRITE.write_data_inst/WORD_LANE[3].USE_ALWAYS_PACKER.BYTE_LANE[3].USE_FPGA_DATA.BIT_LANE[1].FDRE_wdata_inst/D (clocked by clk_pll_i). Large setup violations at the end of those stages might be difficult to fix during the post-placement implementation flow and could be the result of non-optimal XDC constraints or non-optimal design architecture
Related violations: <none>

TIMING-16#546 Warning
Large setup violation  
There is a large setup violation of -4.482 ns between mig_axi_interconnect/s01_w_fifo/mem_reg_0_15_36_36/RAMB/CLK (clocked by clk_out2_clk_pll_33) and mig_axi/u_mig_axi_32_mig/u_memc_ui_top_axi/u_axi_mc/USE_UPSIZER.upsizer_d2/USE_WRITE.write_data_inst/WORD_LANE[2].USE_ALWAYS_PACKER.BYTE_LANE[3].USE_FPGA_DATA.BIT_LANE[2].FDRE_wdata_inst/D (clocked by clk_pll_i). Large setup violations at the end of those stages might be difficult to fix during the post-placement implementation flow and could be the result of non-optimal XDC constraints or non-optimal design architecture
Related violations: <none>

TIMING-16#547 Warning
Large setup violation  
There is a large setup violation of -4.484 ns between mig_axi_interconnect/s01_w_fifo/mem_reg_0_15_36_36/RAMB/CLK (clocked by clk_out2_clk_pll_33) and mig_axi/u_mig_axi_32_mig/u_memc_ui_top_axi/u_axi_mc/USE_UPSIZER.upsizer_d2/USE_WRITE.write_data_inst/WORD_LANE[2].USE_ALWAYS_PACKER.BYTE_LANE[3].USE_FPGA_DATA.BIT_LANE[6].FDRE_wdata_inst/D (clocked by clk_pll_i). Large setup violations at the end of those stages might be difficult to fix during the post-placement implementation flow and could be the result of non-optimal XDC constraints or non-optimal design architecture
Related violations: <none>

TIMING-16#548 Warning
Large setup violation  
There is a large setup violation of -4.492 ns between mig_axi_interconnect/s01_w_fifo/mem_reg_0_15_36_36/RAMB/CLK (clocked by clk_out2_clk_pll_33) and mig_axi/u_mig_axi_32_mig/u_memc_ui_top_axi/u_axi_mc/USE_UPSIZER.upsizer_d2/USE_WRITE.write_data_inst/WORD_LANE[3].USE_ALWAYS_PACKER.BYTE_LANE[3].USE_FPGA_DATA.BIT_LANE[5].FDRE_wdata_inst/D (clocked by clk_pll_i). Large setup violations at the end of those stages might be difficult to fix during the post-placement implementation flow and could be the result of non-optimal XDC constraints or non-optimal design architecture
Related violations: <none>

TIMING-16#549 Warning
Large setup violation  
There is a large setup violation of -4.499 ns between mig_axi_interconnect/s01_w_fifo/mem_reg_0_15_36_36/RAMB/CLK (clocked by clk_out2_clk_pll_33) and mig_axi/u_mig_axi_32_mig/u_memc_ui_top_axi/u_axi_mc/USE_UPSIZER.upsizer_d2/USE_WRITE.write_data_inst/WORD_LANE[2].USE_ALWAYS_PACKER.BYTE_LANE[3].USE_FPGA_DATA.USE_REGISTER.BIT_LANE[2].FDRE_wdata_inst/D (clocked by clk_pll_i). Large setup violations at the end of those stages might be difficult to fix during the post-placement implementation flow and could be the result of non-optimal XDC constraints or non-optimal design architecture
Related violations: <none>

TIMING-16#550 Warning
Large setup violation  
There is a large setup violation of -4.508 ns between mig_axi_interconnect/s01_w_fifo/mem_reg_0_15_36_36/RAMB/CLK (clocked by clk_out2_clk_pll_33) and mig_axi/u_mig_axi_32_mig/u_memc_ui_top_axi/u_axi_mc/USE_UPSIZER.upsizer_d2/USE_WRITE.write_data_inst/WORD_LANE[0].USE_ALWAYS_PACKER.BYTE_LANE[3].USE_FPGA_DATA.BIT_LANE[7].FDRE_wdata_inst/D (clocked by clk_pll_i). Large setup violations at the end of those stages might be difficult to fix during the post-placement implementation flow and could be the result of non-optimal XDC constraints or non-optimal design architecture
Related violations: <none>

TIMING-16#551 Warning
Large setup violation  
There is a large setup violation of -4.541 ns between mig_axi_interconnect/s01_w_fifo/mem_reg_0_15_36_36/RAMB/CLK (clocked by clk_out2_clk_pll_33) and mig_axi/u_mig_axi_32_mig/u_memc_ui_top_axi/u_axi_mc/USE_UPSIZER.upsizer_d2/USE_WRITE.write_data_inst/WORD_LANE[2].USE_ALWAYS_PACKER.BYTE_LANE[3].USE_FPGA_DATA.BIT_LANE[7].FDRE_wdata_inst/D (clocked by clk_pll_i). Large setup violations at the end of those stages might be difficult to fix during the post-placement implementation flow and could be the result of non-optimal XDC constraints or non-optimal design architecture
Related violations: <none>

TIMING-16#552 Warning
Large setup violation  
There is a large setup violation of -4.553 ns between mig_axi_interconnect/s01_w_fifo/mem_reg_0_15_36_36/RAMB/CLK (clocked by clk_out2_clk_pll_33) and mig_axi/u_mig_axi_32_mig/u_memc_ui_top_axi/u_axi_mc/USE_UPSIZER.upsizer_d2/USE_WRITE.write_data_inst/WORD_LANE[1].USE_ALWAYS_PACKER.BYTE_LANE[3].USE_FPGA_DATA.BIT_LANE[4].FDRE_wdata_inst/D (clocked by clk_pll_i). Large setup violations at the end of those stages might be difficult to fix during the post-placement implementation flow and could be the result of non-optimal XDC constraints or non-optimal design architecture
Related violations: <none>

TIMING-16#553 Warning
Large setup violation  
There is a large setup violation of -4.557 ns between mig_axi_interconnect/s01_w_fifo/mem_reg_0_15_36_36/RAMB/CLK (clocked by clk_out2_clk_pll_33) and mig_axi/u_mig_axi_32_mig/u_memc_ui_top_axi/u_axi_mc/USE_UPSIZER.upsizer_d2/USE_WRITE.write_data_inst/WORD_LANE[1].USE_ALWAYS_PACKER.BYTE_LANE[3].USE_FPGA_DATA.BIT_LANE[3].FDRE_wdata_inst/D (clocked by clk_pll_i). Large setup violations at the end of those stages might be difficult to fix during the post-placement implementation flow and could be the result of non-optimal XDC constraints or non-optimal design architecture
Related violations: <none>

TIMING-16#554 Warning
Large setup violation  
There is a large setup violation of -4.569 ns between mig_axi_interconnect/s01_w_fifo/mem_reg_0_15_36_36/RAMB/CLK (clocked by clk_out2_clk_pll_33) and mig_axi/u_mig_axi_32_mig/u_memc_ui_top_axi/u_axi_mc/USE_UPSIZER.upsizer_d2/USE_WRITE.write_data_inst/WORD_LANE[2].USE_ALWAYS_PACKER.BYTE_LANE[3].USE_FPGA_DATA.BIT_LANE[1].FDRE_wdata_inst/D (clocked by clk_pll_i). Large setup violations at the end of those stages might be difficult to fix during the post-placement implementation flow and could be the result of non-optimal XDC constraints or non-optimal design architecture
Related violations: <none>

TIMING-16#555 Warning
Large setup violation  
There is a large setup violation of -4.579 ns between mig_axi_interconnect/s01_w_fifo/mem_reg_0_15_36_36/RAMB/CLK (clocked by clk_out2_clk_pll_33) and mig_axi/u_mig_axi_32_mig/u_memc_ui_top_axi/u_axi_mc/USE_UPSIZER.upsizer_d2/USE_WRITE.write_data_inst/WORD_LANE[2].USE_ALWAYS_PACKER.BYTE_LANE[3].USE_FPGA_DATA.BIT_LANE[4].FDRE_wdata_inst/D (clocked by clk_pll_i). Large setup violations at the end of those stages might be difficult to fix during the post-placement implementation flow and could be the result of non-optimal XDC constraints or non-optimal design architecture
Related violations: <none>

TIMING-16#556 Warning
Large setup violation  
There is a large setup violation of -4.640 ns between mig_axi_interconnect/s01_w_fifo/mem_reg_0_15_36_36/RAMB/CLK (clocked by clk_out2_clk_pll_33) and mig_axi/u_mig_axi_32_mig/u_memc_ui_top_axi/u_axi_mc/USE_UPSIZER.upsizer_d2/USE_WRITE.write_data_inst/WORD_LANE[0].USE_ALWAYS_PACKER.BYTE_LANE[3].USE_FPGA_DATA.BIT_LANE[3].FDRE_wdata_inst/D (clocked by clk_pll_i). Large setup violations at the end of those stages might be difficult to fix during the post-placement implementation flow and could be the result of non-optimal XDC constraints or non-optimal design architecture
Related violations: <none>

TIMING-16#557 Warning
Large setup violation  
There is a large setup violation of -4.640 ns between mig_axi_interconnect/s01_w_fifo/mem_reg_0_15_36_36/RAMB/CLK (clocked by clk_out2_clk_pll_33) and mig_axi/u_mig_axi_32_mig/u_memc_ui_top_axi/u_axi_mc/USE_UPSIZER.upsizer_d2/USE_WRITE.write_data_inst/WORD_LANE[1].USE_ALWAYS_PACKER.BYTE_LANE[3].USE_FPGA_DATA.BIT_LANE[5].FDRE_wdata_inst/D (clocked by clk_pll_i). Large setup violations at the end of those stages might be difficult to fix during the post-placement implementation flow and could be the result of non-optimal XDC constraints or non-optimal design architecture
Related violations: <none>

TIMING-16#558 Warning
Large setup violation  
There is a large setup violation of -4.640 ns between mig_axi_interconnect/s01_w_fifo/mem_reg_0_15_36_36/RAMB/CLK (clocked by clk_out2_clk_pll_33) and mig_axi/u_mig_axi_32_mig/u_memc_ui_top_axi/u_axi_mc/USE_UPSIZER.upsizer_d2/USE_WRITE.write_data_inst/WORD_LANE[1].USE_ALWAYS_PACKER.BYTE_LANE[3].USE_FPGA_DATA.BIT_LANE[7].FDRE_wdata_inst/D (clocked by clk_pll_i). Large setup violations at the end of those stages might be difficult to fix during the post-placement implementation flow and could be the result of non-optimal XDC constraints or non-optimal design architecture
Related violations: <none>

TIMING-16#559 Warning
Large setup violation  
There is a large setup violation of -4.644 ns between mig_axi_interconnect/s01_w_fifo/mem_reg_0_15_36_36/RAMB/CLK (clocked by clk_out2_clk_pll_33) and mig_axi/u_mig_axi_32_mig/u_memc_ui_top_axi/u_axi_mc/USE_UPSIZER.upsizer_d2/USE_WRITE.write_data_inst/WORD_LANE[1].USE_ALWAYS_PACKER.BYTE_LANE[3].USE_FPGA_DATA.BIT_LANE[0].FDRE_wdata_inst/D (clocked by clk_pll_i). Large setup violations at the end of those stages might be difficult to fix during the post-placement implementation flow and could be the result of non-optimal XDC constraints or non-optimal design architecture
Related violations: <none>

TIMING-16#560 Warning
Large setup violation  
There is a large setup violation of -4.654 ns between mig_axi_interconnect/s01_w_fifo/mem_reg_0_15_36_36/RAMB/CLK (clocked by clk_out2_clk_pll_33) and mig_axi/u_mig_axi_32_mig/u_memc_ui_top_axi/u_axi_mc/USE_UPSIZER.upsizer_d2/USE_WRITE.write_data_inst/WORD_LANE[0].USE_ALWAYS_PACKER.BYTE_LANE[3].USE_FPGA_DATA.FDRE_wstrb_inst/D (clocked by clk_pll_i). Large setup violations at the end of those stages might be difficult to fix during the post-placement implementation flow and could be the result of non-optimal XDC constraints or non-optimal design architecture
Related violations: <none>

TIMING-16#561 Warning
Large setup violation  
There is a large setup violation of -4.672 ns between mig_axi_interconnect/s01_w_fifo/mem_reg_0_15_36_36/RAMB/CLK (clocked by clk_out2_clk_pll_33) and mig_axi/u_mig_axi_32_mig/u_memc_ui_top_axi/u_axi_mc/USE_UPSIZER.upsizer_d2/USE_WRITE.write_data_inst/WORD_LANE[2].USE_ALWAYS_PACKER.BYTE_LANE[3].USE_FPGA_DATA.BIT_LANE[0].FDRE_wdata_inst/D (clocked by clk_pll_i). Large setup violations at the end of those stages might be difficult to fix during the post-placement implementation flow and could be the result of non-optimal XDC constraints or non-optimal design architecture
Related violations: <none>

TIMING-16#562 Warning
Large setup violation  
There is a large setup violation of -4.674 ns between mig_axi_interconnect/s01_w_fifo/mem_reg_0_15_36_36/RAMB/CLK (clocked by clk_out2_clk_pll_33) and mig_axi/u_mig_axi_32_mig/u_memc_ui_top_axi/u_axi_mc/USE_UPSIZER.upsizer_d2/USE_WRITE.write_data_inst/WORD_LANE[2].USE_ALWAYS_PACKER.BYTE_LANE[3].USE_FPGA_DATA.BIT_LANE[3].FDRE_wdata_inst/D (clocked by clk_pll_i). Large setup violations at the end of those stages might be difficult to fix during the post-placement implementation flow and could be the result of non-optimal XDC constraints or non-optimal design architecture
Related violations: <none>

TIMING-16#563 Warning
Large setup violation  
There is a large setup violation of -4.701 ns between mig_axi_interconnect/s01_w_fifo/mem_reg_0_15_36_36/RAMB/CLK (clocked by clk_out2_clk_pll_33) and mig_axi/u_mig_axi_32_mig/u_memc_ui_top_axi/u_axi_mc/USE_UPSIZER.upsizer_d2/USE_WRITE.write_data_inst/WORD_LANE[1].USE_ALWAYS_PACKER.BYTE_LANE[3].USE_FPGA_DATA.FDRE_wstrb_inst/D (clocked by clk_pll_i). Large setup violations at the end of those stages might be difficult to fix during the post-placement implementation flow and could be the result of non-optimal XDC constraints or non-optimal design architecture
Related violations: <none>

TIMING-16#564 Warning
Large setup violation  
There is a large setup violation of -4.717 ns between mig_axi_interconnect/s01_w_fifo/mem_reg_0_15_36_36/RAMB/CLK (clocked by clk_out2_clk_pll_33) and mig_axi/u_mig_axi_32_mig/u_memc_ui_top_axi/u_axi_mc/USE_UPSIZER.upsizer_d2/USE_WRITE.write_data_inst/WORD_LANE[1].USE_ALWAYS_PACKER.BYTE_LANE[3].USE_FPGA_DATA.BIT_LANE[6].FDRE_wdata_inst/D (clocked by clk_pll_i). Large setup violations at the end of those stages might be difficult to fix during the post-placement implementation flow and could be the result of non-optimal XDC constraints or non-optimal design architecture
Related violations: <none>

TIMING-16#565 Warning
Large setup violation  
There is a large setup violation of -4.718 ns between mig_axi_interconnect/s01_w_fifo/mem_reg_0_15_36_36/RAMB/CLK (clocked by clk_out2_clk_pll_33) and mig_axi/u_mig_axi_32_mig/u_memc_ui_top_axi/u_axi_mc/USE_UPSIZER.upsizer_d2/USE_WRITE.write_data_inst/WORD_LANE[2].USE_ALWAYS_PACKER.BYTE_LANE[3].USE_FPGA_DATA.FDRE_wstrb_inst/D (clocked by clk_pll_i). Large setup violations at the end of those stages might be difficult to fix during the post-placement implementation flow and could be the result of non-optimal XDC constraints or non-optimal design architecture
Related violations: <none>

TIMING-18#1 Warning
Missing input or output delay  
An input delay is missing on mcoll_0 relative to the rising and/or falling clock edge(s) of mrxclk_0, mtxclk_0.
Related violations: <none>

TIMING-18#2 Warning
Missing input or output delay  
An input delay is missing on mcrs_0 relative to the rising and/or falling clock edge(s) of mtxclk_0.
Related violations: <none>

TIMING-18#3 Warning
Missing input or output delay  
An input delay is missing on mrxd_0[0] relative to the rising and/or falling clock edge(s) of mrxclk_0.
Related violations: <none>

TIMING-18#4 Warning
Missing input or output delay  
An input delay is missing on mrxd_0[1] relative to the rising and/or falling clock edge(s) of mrxclk_0.
Related violations: <none>

TIMING-18#5 Warning
Missing input or output delay  
An input delay is missing on mrxd_0[2] relative to the rising and/or falling clock edge(s) of mrxclk_0.
Related violations: <none>

TIMING-18#6 Warning
Missing input or output delay  
An input delay is missing on mrxd_0[3] relative to the rising and/or falling clock edge(s) of mrxclk_0.
Related violations: <none>

TIMING-18#7 Warning
Missing input or output delay  
An input delay is missing on mrxdv_0 relative to the rising and/or falling clock edge(s) of mrxclk_0.
Related violations: <none>

TIMING-18#8 Warning
Missing input or output delay  
An input delay is missing on mrxerr_0 relative to the rising and/or falling clock edge(s) of mrxclk_0.
Related violations: <none>

TIMING-18#9 Warning
Missing input or output delay  
An input delay is missing on resetn relative to the rising and/or falling clock edge(s) of clk.
Related violations: <none>

TIMING-18#10 Warning
Missing input or output delay  
An output delay is missing on ddr3_reset_n relative to the rising and/or falling clock edge(s) of clk.
Related violations: <none>

TIMING-18#11 Warning
Missing input or output delay  
An output delay is missing on mtxd_0[0] relative to the rising and/or falling clock edge(s) of mtxclk_0.
Related violations: <none>

TIMING-18#12 Warning
Missing input or output delay  
An output delay is missing on mtxd_0[1] relative to the rising and/or falling clock edge(s) of mtxclk_0.
Related violations: <none>

TIMING-18#13 Warning
Missing input or output delay  
An output delay is missing on mtxd_0[2] relative to the rising and/or falling clock edge(s) of mtxclk_0.
Related violations: <none>

TIMING-18#14 Warning
Missing input or output delay  
An output delay is missing on mtxd_0[3] relative to the rising and/or falling clock edge(s) of mtxclk_0.
Related violations: <none>

TIMING-18#15 Warning
Missing input or output delay  
An output delay is missing on mtxen_0 relative to the rising and/or falling clock edge(s) of mtxclk_0.
Related violations: <none>

TIMING-18#16 Warning
Missing input or output delay  
An output delay is missing on phy_rstn relative to the rising and/or falling clock edge(s) of clk.
Related violations: <none>

TIMING-24#1 Warning
Overridden Max delay datapath only  
An asynchronous set_clock_groups or a set_false path (see constraint position 14 in the Timing Constraints window in Vivado IDE) between clocks clk_out2_clk_pll_33 and clk_out1_clk_pll_33 overrides a set_max_delay -datapath_only (position 35). It is not recommended to override a set_max_delay -datapath_only constraint. Replace the set_clock_groups or set_false_path between clocks with point-to-point set_false_path constraints
Related violations: <none>

TIMING-24#2 Warning
Overridden Max delay datapath only  
An asynchronous set_clock_groups or a set_false path (see constraint position 14 in the Timing Constraints window in Vivado IDE) between clocks clk_out2_clk_pll_33 and clk_out1_clk_pll_33 overrides a set_max_delay -datapath_only (position 37). It is not recommended to override a set_max_delay -datapath_only constraint. Replace the set_clock_groups or set_false_path between clocks with point-to-point set_false_path constraints
Related violations: <none>

TIMING-24#3 Warning
Overridden Max delay datapath only  
An asynchronous set_clock_groups or a set_false path (see constraint position 14 in the Timing Constraints window in Vivado IDE) between clocks clk_out2_clk_pll_33 and clk_out1_clk_pll_33 overrides a set_max_delay -datapath_only (position 41). It is not recommended to override a set_max_delay -datapath_only constraint. Replace the set_clock_groups or set_false_path between clocks with point-to-point set_false_path constraints
Related violations: <none>

TIMING-24#4 Warning
Overridden Max delay datapath only  
An asynchronous set_clock_groups or a set_false path (see constraint position 14 in the Timing Constraints window in Vivado IDE) between clocks clk_out2_clk_pll_33 and clk_out1_clk_pll_33 overrides a set_max_delay -datapath_only (position 43). It is not recommended to override a set_max_delay -datapath_only constraint. Replace the set_clock_groups or set_false_path between clocks with point-to-point set_false_path constraints
Related violations: <none>

TIMING-24#5 Warning
Overridden Max delay datapath only  
An asynchronous set_clock_groups or a set_false path (see constraint position 14 in the Timing Constraints window in Vivado IDE) between clocks clk_out2_clk_pll_33 and clk_out1_clk_pll_33 overrides a set_max_delay -datapath_only (position 47). It is not recommended to override a set_max_delay -datapath_only constraint. Replace the set_clock_groups or set_false_path between clocks with point-to-point set_false_path constraints
Related violations: <none>

TIMING-24#6 Warning
Overridden Max delay datapath only  
An asynchronous set_clock_groups or a set_false path (see constraint position 15 in the Timing Constraints window in Vivado IDE) between clocks clk_out1_clk_pll_33 and clk_out2_clk_pll_33 overrides a set_max_delay -datapath_only (position 33). It is not recommended to override a set_max_delay -datapath_only constraint. Replace the set_clock_groups or set_false_path between clocks with point-to-point set_false_path constraints
Related violations: <none>

TIMING-24#7 Warning
Overridden Max delay datapath only  
An asynchronous set_clock_groups or a set_false path (see constraint position 15 in the Timing Constraints window in Vivado IDE) between clocks clk_out1_clk_pll_33 and clk_out2_clk_pll_33 overrides a set_max_delay -datapath_only (position 39). It is not recommended to override a set_max_delay -datapath_only constraint. Replace the set_clock_groups or set_false_path between clocks with point-to-point set_false_path constraints
Related violations: <none>

TIMING-24#8 Warning
Overridden Max delay datapath only  
An asynchronous set_clock_groups or a set_false path (see constraint position 15 in the Timing Constraints window in Vivado IDE) between clocks clk_out1_clk_pll_33 and clk_out2_clk_pll_33 overrides a set_max_delay -datapath_only (position 45). It is not recommended to override a set_max_delay -datapath_only constraint. Replace the set_clock_groups or set_false_path between clocks with point-to-point set_false_path constraints
Related violations: <none>

TIMING-24#9 Warning
Overridden Max delay datapath only  
An asynchronous set_clock_groups or a set_false path (see constraint position 15 in the Timing Constraints window in Vivado IDE) between clocks clk_out1_clk_pll_33 and clk_out2_clk_pll_33 overrides a set_max_delay -datapath_only (position 49). It is not recommended to override a set_max_delay -datapath_only constraint. Replace the set_clock_groups or set_false_path between clocks with point-to-point set_false_path constraints
Related violations: <none>

TIMING-24#10 Warning
Overridden Max delay datapath only  
An asynchronous set_clock_groups or a set_false path (see constraint position 15 in the Timing Constraints window in Vivado IDE) between clocks clk_out1_clk_pll_33 and clk_out2_clk_pll_33 overrides a set_max_delay -datapath_only (position 51). It is not recommended to override a set_max_delay -datapath_only constraint. Replace the set_clock_groups or set_false_path between clocks with point-to-point set_false_path constraints
Related violations: <none>

TIMING-28#1 Warning
Auto-derived clock referenced by a timing constraint  
The auto-derived clock clk_out1_clk_pll_33 is referenced by name inside timing constraint (see constraint position 14 in the Timing Constraint window in Vivado IDE). It is recommended to reference an auto-derived clock by the pin name attached to the clock: get_clocks -of_objects [get_pins clk_pll_33/inst/plle2_adv_inst/CLKOUT0]
Related violations: <none>

TIMING-28#2 Warning
Auto-derived clock referenced by a timing constraint  
The auto-derived clock clk_out1_clk_pll_33 is referenced by name inside timing constraint (see constraint position 15 in the Timing Constraint window in Vivado IDE). It is recommended to reference an auto-derived clock by the pin name attached to the clock: get_clocks -of_objects [get_pins clk_pll_33/inst/plle2_adv_inst/CLKOUT0]
Related violations: <none>

TIMING-28#3 Warning
Auto-derived clock referenced by a timing constraint  
The auto-derived clock clk_out2_clk_pll_33 is referenced by name inside timing constraint (see constraint position 11 in the Timing Constraint window in Vivado IDE). It is recommended to reference an auto-derived clock by the pin name attached to the clock: get_clocks -of_objects [get_pins clk_pll_33/inst/plle2_adv_inst/CLKOUT1]
Related violations: <none>

TIMING-28#4 Warning
Auto-derived clock referenced by a timing constraint  
The auto-derived clock clk_out2_clk_pll_33 is referenced by name inside timing constraint (see constraint position 12 in the Timing Constraint window in Vivado IDE). It is recommended to reference an auto-derived clock by the pin name attached to the clock: get_clocks -of_objects [get_pins clk_pll_33/inst/plle2_adv_inst/CLKOUT1]
Related violations: <none>

TIMING-28#5 Warning
Auto-derived clock referenced by a timing constraint  
The auto-derived clock clk_out2_clk_pll_33 is referenced by name inside timing constraint (see constraint position 13 in the Timing Constraint window in Vivado IDE). It is recommended to reference an auto-derived clock by the pin name attached to the clock: get_clocks -of_objects [get_pins clk_pll_33/inst/plle2_adv_inst/CLKOUT1]
Related violations: <none>

TIMING-28#6 Warning
Auto-derived clock referenced by a timing constraint  
The auto-derived clock clk_out2_clk_pll_33 is referenced by name inside timing constraint (see constraint position 14 in the Timing Constraint window in Vivado IDE). It is recommended to reference an auto-derived clock by the pin name attached to the clock: get_clocks -of_objects [get_pins clk_pll_33/inst/plle2_adv_inst/CLKOUT1]
Related violations: <none>

TIMING-28#7 Warning
Auto-derived clock referenced by a timing constraint  
The auto-derived clock clk_out2_clk_pll_33 is referenced by name inside timing constraint (see constraint position 15 in the Timing Constraint window in Vivado IDE). It is recommended to reference an auto-derived clock by the pin name attached to the clock: get_clocks -of_objects [get_pins clk_pll_33/inst/plle2_adv_inst/CLKOUT1]
Related violations: <none>

TIMING-28#8 Warning
Auto-derived clock referenced by a timing constraint  
The auto-derived clock clk_out2_clk_pll_33 is referenced by name inside timing constraint (see constraint position 16 in the Timing Constraint window in Vivado IDE). It is recommended to reference an auto-derived clock by the pin name attached to the clock: get_clocks -of_objects [get_pins clk_pll_33/inst/plle2_adv_inst/CLKOUT1]
Related violations: <none>

TIMING-28#9 Warning
Auto-derived clock referenced by a timing constraint  
The auto-derived clock clk_out2_clk_pll_33 is referenced by name inside timing constraint (see constraint position 17 in the Timing Constraint window in Vivado IDE). It is recommended to reference an auto-derived clock by the pin name attached to the clock: get_clocks -of_objects [get_pins clk_pll_33/inst/plle2_adv_inst/CLKOUT1]
Related violations: <none>

TIMING-28#10 Warning
Auto-derived clock referenced by a timing constraint  
The auto-derived clock clk_out2_clk_pll_33 is referenced by name inside timing constraint (see constraint position 18 in the Timing Constraint window in Vivado IDE). It is recommended to reference an auto-derived clock by the pin name attached to the clock: get_clocks -of_objects [get_pins clk_pll_33/inst/plle2_adv_inst/CLKOUT1]
Related violations: <none>

TIMING-28#11 Warning
Auto-derived clock referenced by a timing constraint  
The auto-derived clock clk_out2_clk_pll_33 is referenced by name inside timing constraint (see constraint position 19 in the Timing Constraint window in Vivado IDE). It is recommended to reference an auto-derived clock by the pin name attached to the clock: get_clocks -of_objects [get_pins clk_pll_33/inst/plle2_adv_inst/CLKOUT1]
Related violations: <none>

TIMING-28#12 Warning
Auto-derived clock referenced by a timing constraint  
The auto-derived clock clk_pll_i is referenced by name inside timing constraint (see constraint position 11 in the Timing Constraint window in Vivado IDE). It is recommended to reference an auto-derived clock by the pin name attached to the clock: get_clocks -of_objects [get_pins mig_axi/u_mig_axi_32_mig/u_ddr3_infrastructure/gen_mmcm.mmcm_i/CLKFBOUT]
Related violations: <none>

TIMING-47#1 Warning
False path, asynchronous clock group or max delay datapath only constraint between synchronous clocks  
A False Path timing constraint is set between synchronous clocks clk_out1_clk_pll_33 and clk_out2_clk_pll_33 (see constraint position 15 in the Timing Constraint window in Vivado IDE). Masking entire synchronous clock domains via  set_false_path, set_clock_groups or set_max_delay -datapath_only may result in failure in hardware.
Related violations: <none>

TIMING-47#2 Warning
False path, asynchronous clock group or max delay datapath only constraint between synchronous clocks  
A False Path timing constraint is set between synchronous clocks clk_out2_clk_pll_33 and clk_out1_clk_pll_33 (see constraint position 14 in the Timing Constraint window in Vivado IDE). Masking entire synchronous clock domains via  set_false_path, set_clock_groups or set_max_delay -datapath_only may result in failure in hardware.
Related violations: <none>

TIMING-47#3 Warning
False path, asynchronous clock group or max delay datapath only constraint between synchronous clocks  
A False Path timing constraint is set between synchronous clocks clk_pll_i and clk_out2_clk_pll_33 (see constraint position 11 in the Timing Constraint window in Vivado IDE). Masking entire synchronous clock domains via  set_false_path, set_clock_groups or set_max_delay -datapath_only may result in failure in hardware.
Related violations: <none>

XDCB-5#1 Warning
Runtime inefficient way to find pin objects  
The option '-to : [get_pins -hier -include_replicated_objects -filter {NAME =~ *temp_mon_enabled.u_tempmon/device_temp_sync_r1_reg[*]/D}]' of constraint 'set_max_delay' uses inefficient query to find pin objects (see constraint position '4' in the Timing Constraint window in Vivado IDE). To reduce runtime, it is recommended to get the pins through the cell objects. Please refer to Using Constraints Guide (Constraints Efficiency). An example of optimal query is: get_pins -filter {REF_PIN_NAME=~yy*} -of_objects [get_cells -hierarchical xx*].
Current XDC: /home/lch/work/miracle/chiplab/IP/xilinx_ip/2023.2/mig_axi_32_loongson/mig_axi_32/user_design/constraints/mig_axi_32.xdc (Line: 339)
Related violations: <none>

REQP-1959#1 Advisory
connects_SERDES_RST_driver_not_FF  
mig_axi/u_mig_axi_32_mig/u_memc_ui_top_axi/mem_intfc0/ddr_phy_top0/u_ddr_mc_phy_wrapper/u_ddr_mc_phy/ddr_phy_4lanes_0.u_ddr_phy_4lanes/ddr_byte_lane_A.ddr_byte_lane_A/ddr_byte_group_io/input_[2].iserdes_dq_.iserdesdq: The RST pin should only be driven by a Flip-flop.
Related violations: <none>

REQP-1959#2 Advisory
connects_SERDES_RST_driver_not_FF  
mig_axi/u_mig_axi_32_mig/u_memc_ui_top_axi/mem_intfc0/ddr_phy_top0/u_ddr_mc_phy_wrapper/u_ddr_mc_phy/ddr_phy_4lanes_0.u_ddr_phy_4lanes/ddr_byte_lane_A.ddr_byte_lane_A/ddr_byte_group_io/input_[3].iserdes_dq_.iserdesdq: The RST pin should only be driven by a Flip-flop.
Related violations: <none>

REQP-1959#3 Advisory
connects_SERDES_RST_driver_not_FF  
mig_axi/u_mig_axi_32_mig/u_memc_ui_top_axi/mem_intfc0/ddr_phy_top0/u_ddr_mc_phy_wrapper/u_ddr_mc_phy/ddr_phy_4lanes_0.u_ddr_phy_4lanes/ddr_byte_lane_A.ddr_byte_lane_A/ddr_byte_group_io/input_[4].iserdes_dq_.iserdesdq: The RST pin should only be driven by a Flip-flop.
Related violations: <none>

REQP-1959#4 Advisory
connects_SERDES_RST_driver_not_FF  
mig_axi/u_mig_axi_32_mig/u_memc_ui_top_axi/mem_intfc0/ddr_phy_top0/u_ddr_mc_phy_wrapper/u_ddr_mc_phy/ddr_phy_4lanes_0.u_ddr_phy_4lanes/ddr_byte_lane_A.ddr_byte_lane_A/ddr_byte_group_io/input_[5].iserdes_dq_.iserdesdq: The RST pin should only be driven by a Flip-flop.
Related violations: <none>

REQP-1959#5 Advisory
connects_SERDES_RST_driver_not_FF  
mig_axi/u_mig_axi_32_mig/u_memc_ui_top_axi/mem_intfc0/ddr_phy_top0/u_ddr_mc_phy_wrapper/u_ddr_mc_phy/ddr_phy_4lanes_0.u_ddr_phy_4lanes/ddr_byte_lane_A.ddr_byte_lane_A/ddr_byte_group_io/input_[6].iserdes_dq_.iserdesdq: The RST pin should only be driven by a Flip-flop.
Related violations: <none>

REQP-1959#6 Advisory
connects_SERDES_RST_driver_not_FF  
mig_axi/u_mig_axi_32_mig/u_memc_ui_top_axi/mem_intfc0/ddr_phy_top0/u_ddr_mc_phy_wrapper/u_ddr_mc_phy/ddr_phy_4lanes_0.u_ddr_phy_4lanes/ddr_byte_lane_A.ddr_byte_lane_A/ddr_byte_group_io/input_[7].iserdes_dq_.iserdesdq: The RST pin should only be driven by a Flip-flop.
Related violations: <none>

REQP-1959#7 Advisory
connects_SERDES_RST_driver_not_FF  
mig_axi/u_mig_axi_32_mig/u_memc_ui_top_axi/mem_intfc0/ddr_phy_top0/u_ddr_mc_phy_wrapper/u_ddr_mc_phy/ddr_phy_4lanes_0.u_ddr_phy_4lanes/ddr_byte_lane_A.ddr_byte_lane_A/ddr_byte_group_io/input_[8].iserdes_dq_.iserdesdq: The RST pin should only be driven by a Flip-flop.
Related violations: <none>

REQP-1959#8 Advisory
connects_SERDES_RST_driver_not_FF  
mig_axi/u_mig_axi_32_mig/u_memc_ui_top_axi/mem_intfc0/ddr_phy_top0/u_ddr_mc_phy_wrapper/u_ddr_mc_phy/ddr_phy_4lanes_0.u_ddr_phy_4lanes/ddr_byte_lane_A.ddr_byte_lane_A/ddr_byte_group_io/input_[9].iserdes_dq_.iserdesdq: The RST pin should only be driven by a Flip-flop.
Related violations: <none>

REQP-1959#9 Advisory
connects_SERDES_RST_driver_not_FF  
mig_axi/u_mig_axi_32_mig/u_memc_ui_top_axi/mem_intfc0/ddr_phy_top0/u_ddr_mc_phy_wrapper/u_ddr_mc_phy/ddr_phy_4lanes_0.u_ddr_phy_4lanes/ddr_byte_lane_B.ddr_byte_lane_B/ddr_byte_group_io/input_[2].iserdes_dq_.iserdesdq: The RST pin should only be driven by a Flip-flop.
Related violations: <none>

REQP-1959#10 Advisory
connects_SERDES_RST_driver_not_FF  
mig_axi/u_mig_axi_32_mig/u_memc_ui_top_axi/mem_intfc0/ddr_phy_top0/u_ddr_mc_phy_wrapper/u_ddr_mc_phy/ddr_phy_4lanes_0.u_ddr_phy_4lanes/ddr_byte_lane_B.ddr_byte_lane_B/ddr_byte_group_io/input_[3].iserdes_dq_.iserdesdq: The RST pin should only be driven by a Flip-flop.
Related violations: <none>

REQP-1959#11 Advisory
connects_SERDES_RST_driver_not_FF  
mig_axi/u_mig_axi_32_mig/u_memc_ui_top_axi/mem_intfc0/ddr_phy_top0/u_ddr_mc_phy_wrapper/u_ddr_mc_phy/ddr_phy_4lanes_0.u_ddr_phy_4lanes/ddr_byte_lane_B.ddr_byte_lane_B/ddr_byte_group_io/input_[4].iserdes_dq_.iserdesdq: The RST pin should only be driven by a Flip-flop.
Related violations: <none>

REQP-1959#12 Advisory
connects_SERDES_RST_driver_not_FF  
mig_axi/u_mig_axi_32_mig/u_memc_ui_top_axi/mem_intfc0/ddr_phy_top0/u_ddr_mc_phy_wrapper/u_ddr_mc_phy/ddr_phy_4lanes_0.u_ddr_phy_4lanes/ddr_byte_lane_B.ddr_byte_lane_B/ddr_byte_group_io/input_[5].iserdes_dq_.iserdesdq: The RST pin should only be driven by a Flip-flop.
Related violations: <none>

REQP-1959#13 Advisory
connects_SERDES_RST_driver_not_FF  
mig_axi/u_mig_axi_32_mig/u_memc_ui_top_axi/mem_intfc0/ddr_phy_top0/u_ddr_mc_phy_wrapper/u_ddr_mc_phy/ddr_phy_4lanes_0.u_ddr_phy_4lanes/ddr_byte_lane_B.ddr_byte_lane_B/ddr_byte_group_io/input_[6].iserdes_dq_.iserdesdq: The RST pin should only be driven by a Flip-flop.
Related violations: <none>

REQP-1959#14 Advisory
connects_SERDES_RST_driver_not_FF  
mig_axi/u_mig_axi_32_mig/u_memc_ui_top_axi/mem_intfc0/ddr_phy_top0/u_ddr_mc_phy_wrapper/u_ddr_mc_phy/ddr_phy_4lanes_0.u_ddr_phy_4lanes/ddr_byte_lane_B.ddr_byte_lane_B/ddr_byte_group_io/input_[7].iserdes_dq_.iserdesdq: The RST pin should only be driven by a Flip-flop.
Related violations: <none>

REQP-1959#15 Advisory
connects_SERDES_RST_driver_not_FF  
mig_axi/u_mig_axi_32_mig/u_memc_ui_top_axi/mem_intfc0/ddr_phy_top0/u_ddr_mc_phy_wrapper/u_ddr_mc_phy/ddr_phy_4lanes_0.u_ddr_phy_4lanes/ddr_byte_lane_B.ddr_byte_lane_B/ddr_byte_group_io/input_[8].iserdes_dq_.iserdesdq: The RST pin should only be driven by a Flip-flop.
Related violations: <none>

REQP-1959#16 Advisory
connects_SERDES_RST_driver_not_FF  
mig_axi/u_mig_axi_32_mig/u_memc_ui_top_axi/mem_intfc0/ddr_phy_top0/u_ddr_mc_phy_wrapper/u_ddr_mc_phy/ddr_phy_4lanes_0.u_ddr_phy_4lanes/ddr_byte_lane_B.ddr_byte_lane_B/ddr_byte_group_io/input_[9].iserdes_dq_.iserdesdq: The RST pin should only be driven by a Flip-flop.
Related violations: <none>

RTGT-1#1 Advisory
RAM retargeting possibility  
Identified 12 RAM32X1D primitives that could be retargeted to RAM32M. Retargeting will save approximately 4 memory LUTs and improve routability. These can usually be achieved using synthesis inference or XPMs. The memories are cpu_mid/addr_trans/tlb_entry/tlb_d0_reg_r2_0_31_0_0,
cpu_mid/addr_trans/tlb_entry/tlb_d1_reg_r2_0_31_0_0,
cpu_mid/addr_trans/tlb_entry/tlb_mat0_reg_r2_0_31_0_0,
cpu_mid/addr_trans/tlb_entry/tlb_mat0_reg_r2_0_31_1_1,
cpu_mid/addr_trans/tlb_entry/tlb_mat1_reg_r2_0_31_0_0,
cpu_mid/addr_trans/tlb_entry/tlb_mat1_reg_r2_0_31_1_1,
cpu_mid/addr_trans/tlb_entry/tlb_plv0_reg_r2_0_31_0_0,
cpu_mid/addr_trans/tlb_entry/tlb_plv0_reg_r2_0_31_1_1,
cpu_mid/addr_trans/tlb_entry/tlb_plv1_reg_r2_0_31_0_0,
cpu_mid/addr_trans/tlb_entry/tlb_plv1_reg_r2_0_31_1_1,
cpu_mid/addr_trans/tlb_entry/tlb_v0_reg_r2_0_31_0_0
cpu_mid/addr_trans/tlb_entry/tlb_v1_reg_r2_0_31_0_0
Related violations: <none>

RTGT-1#2 Advisory
RAM retargeting possibility  
Identified 12 RAM32X1D primitives that could be retargeted to RAM32M. Retargeting will save approximately 4 memory LUTs and improve routability. These can usually be achieved using synthesis inference or XPMs. The memories are cpu_mid/addr_trans/tlb_entry/tlb_d0_reg_r3_0_31_0_0,
cpu_mid/addr_trans/tlb_entry/tlb_d1_reg_r3_0_31_0_0,
cpu_mid/addr_trans/tlb_entry/tlb_mat0_reg_r3_0_31_0_0,
cpu_mid/addr_trans/tlb_entry/tlb_mat0_reg_r3_0_31_1_1,
cpu_mid/addr_trans/tlb_entry/tlb_mat1_reg_r3_0_31_0_0,
cpu_mid/addr_trans/tlb_entry/tlb_mat1_reg_r3_0_31_1_1,
cpu_mid/addr_trans/tlb_entry/tlb_plv0_reg_r3_0_31_0_0,
cpu_mid/addr_trans/tlb_entry/tlb_plv0_reg_r3_0_31_1_1,
cpu_mid/addr_trans/tlb_entry/tlb_plv1_reg_r3_0_31_0_0,
cpu_mid/addr_trans/tlb_entry/tlb_plv1_reg_r3_0_31_1_1,
cpu_mid/addr_trans/tlb_entry/tlb_v0_reg_r3_0_31_0_0
cpu_mid/addr_trans/tlb_entry/tlb_v1_reg_r3_0_31_0_0
Related violations: <none>

RTGT-1#3 Advisory
RAM retargeting possibility  
Identified 6 RAM32X1D primitives that could be retargeted to RAM32M. Retargeting will save approximately 2 memory LUTs and improve routability. These can usually be achieved using synthesis inference or XPMs. The memories are cpu_mid/addr_trans/tlb_entry/tlb_mat0_reg_r1_0_31_0_0,
cpu_mid/addr_trans/tlb_entry/tlb_mat0_reg_r1_0_31_1_1,
cpu_mid/addr_trans/tlb_entry/tlb_mat1_reg_r1_0_31_0_0,
cpu_mid/addr_trans/tlb_entry/tlb_mat1_reg_r1_0_31_1_1,
cpu_mid/addr_trans/tlb_entry/tlb_plv0_reg_r1_0_31_0_0
cpu_mid/addr_trans/tlb_entry/tlb_plv0_reg_r1_0_31_1_1
Related violations: <none>


