Copyright 1986-2022 Xilinx, Inc. All Rights Reserved. Copyright 2022-2025 Advanced Micro Devices, Inc. All Rights Reserved.
------------------------------------------------------------------------------------------------------------------------------------------------------
| Tool Version : Vivado v.2025.2 (lin64) Build 6299465 Fri Nov 14 12:34:56 MST 2025
| Date         : Tue Jun 30 17:50:07 2026
| Host         : loong-arch-mini running 64-bit Ubuntu 24.04.4 LTS
| Command      : report_bus_skew -warn_on_violation -file soc_top_bus_skew_routed.rpt -pb soc_top_bus_skew_routed.pb -rpx soc_top_bus_skew_routed.rpx
| Design       : soc_top
| Device       : 7a200t-fbg676
| Speed File   : -2  PRODUCTION 1.23 2018-06-13
| Design State : Routed
------------------------------------------------------------------------------------------------------------------------------------------------------

Bus Skew Report

Table of Contents
-----------------
1. Bus Skew Report Summary
2. Bus Skew Report Per Constraint

1. Bus Skew Report Summary
--------------------------

Id  Position  From                            To                              Corner  Requirement(ns)  Actual(ns)  Slack(ns)
--  --------  ------------------------------  ------------------------------  ------  ---------------  ----------  ---------
1   34        [get_cells [list {AXI_CLK_CONVERTER/inst/gen_clock_conv.gen_async_conv.asyncfifo_axi/inst_fifo_gen/gaxi_full_lite.gread_ch.grdch2.axi_rdch/grf.rf/gntv_or_sync_fifo.gcx.clkx/rd_pntr_cdc_inst/src_gray_ff_reg[0]} {AXI_CLK_CONVERTER/inst/gen_clock_conv.gen_async_conv.asyncfifo_axi/inst_fifo_gen/gaxi_full_lite.gread_ch.grdch2.axi_rdch/grf.rf/gntv_or_sync_fifo.gcx.clkx/rd_pntr_cdc_inst/src_gray_ff_reg[1]} {AXI_CLK_CONVERTER/inst/gen_clock_conv.gen_async_conv.asyncfifo_axi/inst_fifo_gen/gaxi_full_lite.gread_ch.grdch2.axi_rdch/grf.rf/gntv_or_sync_fifo.gcx.clkx/rd_pntr_cdc_inst/src_gray_ff_reg[2]} {AXI_CLK_CONVERTER/inst/gen_clock_conv.gen_async_conv.asyncfifo_axi/inst_fifo_gen/gaxi_full_lite.gread_ch.grdch2.axi_rdch/grf.rf/gntv_or_sync_fifo.gcx.clkx/rd_pntr_cdc_inst/src_gray_ff_reg[3]}]]
                                              [get_cells [list {AXI_CLK_CONVERTER/inst/gen_clock_conv.gen_async_conv.asyncfifo_axi/inst_fifo_gen/gaxi_full_lite.gread_ch.grdch2.axi_rdch/grf.rf/gntv_or_sync_fifo.gcx.clkx/rd_pntr_cdc_inst/dest_graysync_ff_reg[0][0]} {AXI_CLK_CONVERTER/inst/gen_clock_conv.gen_async_conv.asyncfifo_axi/inst_fifo_gen/gaxi_full_lite.gread_ch.grdch2.axi_rdch/grf.rf/gntv_or_sync_fifo.gcx.clkx/rd_pntr_cdc_inst/dest_graysync_ff_reg[0][1]} {AXI_CLK_CONVERTER/inst/gen_clock_conv.gen_async_conv.asyncfifo_axi/inst_fifo_gen/gaxi_full_lite.gread_ch.grdch2.axi_rdch/grf.rf/gntv_or_sync_fifo.gcx.clkx/rd_pntr_cdc_inst/dest_graysync_ff_reg[0][2]} {AXI_CLK_CONVERTER/inst/gen_clock_conv.gen_async_conv.asyncfifo_axi/inst_fifo_gen/gaxi_full_lite.gread_ch.grdch2.axi_rdch/grf.rf/gntv_or_sync_fifo.gcx.clkx/rd_pntr_cdc_inst/dest_graysync_ff_reg[0][3]}]]
                                                                              Slow             30.303       0.682     29.621
2   36        [get_cells [list {AXI_CLK_CONVERTER/inst/gen_clock_conv.gen_async_conv.asyncfifo_axi/inst_fifo_gen/gaxi_full_lite.gread_ch.grach2.axi_rach/grf.rf/gntv_or_sync_fifo.gcx.clkx/rd_pntr_cdc_inst/src_gray_ff_reg[0]} {AXI_CLK_CONVERTER/inst/gen_clock_conv.gen_async_conv.asyncfifo_axi/inst_fifo_gen/gaxi_full_lite.gread_ch.grach2.axi_rach/grf.rf/gntv_or_sync_fifo.gcx.clkx/rd_pntr_cdc_inst/src_gray_ff_reg[1]} {AXI_CLK_CONVERTER/inst/gen_clock_conv.gen_async_conv.asyncfifo_axi/inst_fifo_gen/gaxi_full_lite.gread_ch.grach2.axi_rach/grf.rf/gntv_or_sync_fifo.gcx.clkx/rd_pntr_cdc_inst/src_gray_ff_reg[2]} {AXI_CLK_CONVERTER/inst/gen_clock_conv.gen_async_conv.asyncfifo_axi/inst_fifo_gen/gaxi_full_lite.gread_ch.grach2.axi_rach/grf.rf/gntv_or_sync_fifo.gcx.clkx/rd_pntr_cdc_inst/src_gray_ff_reg[3]}]]
                                              [get_cells [list {AXI_CLK_CONVERTER/inst/gen_clock_conv.gen_async_conv.asyncfifo_axi/inst_fifo_gen/gaxi_full_lite.gread_ch.grach2.axi_rach/grf.rf/gntv_or_sync_fifo.gcx.clkx/rd_pntr_cdc_inst/dest_graysync_ff_reg[0][0]} {AXI_CLK_CONVERTER/inst/gen_clock_conv.gen_async_conv.asyncfifo_axi/inst_fifo_gen/gaxi_full_lite.gread_ch.grach2.axi_rach/grf.rf/gntv_or_sync_fifo.gcx.clkx/rd_pntr_cdc_inst/dest_graysync_ff_reg[0][1]} {AXI_CLK_CONVERTER/inst/gen_clock_conv.gen_async_conv.asyncfifo_axi/inst_fifo_gen/gaxi_full_lite.gread_ch.grach2.axi_rach/grf.rf/gntv_or_sync_fifo.gcx.clkx/rd_pntr_cdc_inst/dest_graysync_ff_reg[0][2]} {AXI_CLK_CONVERTER/inst/gen_clock_conv.gen_async_conv.asyncfifo_axi/inst_fifo_gen/gaxi_full_lite.gread_ch.grach2.axi_rach/grf.rf/gntv_or_sync_fifo.gcx.clkx/rd_pntr_cdc_inst/dest_graysync_ff_reg[0][3]}]]
                                                                              Slow             30.303       0.624     29.679
3   38        [get_cells [list {AXI_CLK_CONVERTER/inst/gen_clock_conv.gen_async_conv.asyncfifo_axi/inst_fifo_gen/gaxi_full_lite.gwrite_ch.gwdch2.axi_wdch/grf.rf/gntv_or_sync_fifo.gcx.clkx/rd_pntr_cdc_inst/src_gray_ff_reg[0]} {AXI_CLK_CONVERTER/inst/gen_clock_conv.gen_async_conv.asyncfifo_axi/inst_fifo_gen/gaxi_full_lite.gwrite_ch.gwdch2.axi_wdch/grf.rf/gntv_or_sync_fifo.gcx.clkx/rd_pntr_cdc_inst/src_gray_ff_reg[1]} {AXI_CLK_CONVERTER/inst/gen_clock_conv.gen_async_conv.asyncfifo_axi/inst_fifo_gen/gaxi_full_lite.gwrite_ch.gwdch2.axi_wdch/grf.rf/gntv_or_sync_fifo.gcx.clkx/rd_pntr_cdc_inst/src_gray_ff_reg[2]} {AXI_CLK_CONVERTER/inst/gen_clock_conv.gen_async_conv.asyncfifo_axi/inst_fifo_gen/gaxi_full_lite.gwrite_ch.gwdch2.axi_wdch/grf.rf/gntv_or_sync_fifo.gcx.clkx/rd_pntr_cdc_inst/src_gray_ff_reg[3]}]]
                                              [get_cells [list {AXI_CLK_CONVERTER/inst/gen_clock_conv.gen_async_conv.asyncfifo_axi/inst_fifo_gen/gaxi_full_lite.gwrite_ch.gwdch2.axi_wdch/grf.rf/gntv_or_sync_fifo.gcx.clkx/rd_pntr_cdc_inst/dest_graysync_ff_reg[0][0]} {AXI_CLK_CONVERTER/inst/gen_clock_conv.gen_async_conv.asyncfifo_axi/inst_fifo_gen/gaxi_full_lite.gwrite_ch.gwdch2.axi_wdch/grf.rf/gntv_or_sync_fifo.gcx.clkx/rd_pntr_cdc_inst/dest_graysync_ff_reg[0][1]} {AXI_CLK_CONVERTER/inst/gen_clock_conv.gen_async_conv.asyncfifo_axi/inst_fifo_gen/gaxi_full_lite.gwrite_ch.gwdch2.axi_wdch/grf.rf/gntv_or_sync_fifo.gcx.clkx/rd_pntr_cdc_inst/dest_graysync_ff_reg[0][2]} {AXI_CLK_CONVERTER/inst/gen_clock_conv.gen_async_conv.asyncfifo_axi/inst_fifo_gen/gaxi_full_lite.gwrite_ch.gwdch2.axi_wdch/grf.rf/gntv_or_sync_fifo.gcx.clkx/rd_pntr_cdc_inst/dest_graysync_ff_reg[0][3]}]]
                                                                              Slow             30.303       0.556     29.747
4   40        [get_cells [list {AXI_CLK_CONVERTER/inst/gen_clock_conv.gen_async_conv.asyncfifo_axi/inst_fifo_gen/gaxi_full_lite.gwrite_ch.gwrch2.axi_wrch/grf.rf/gntv_or_sync_fifo.gcx.clkx/rd_pntr_cdc_inst/src_gray_ff_reg[0]} {AXI_CLK_CONVERTER/inst/gen_clock_conv.gen_async_conv.asyncfifo_axi/inst_fifo_gen/gaxi_full_lite.gwrite_ch.gwrch2.axi_wrch/grf.rf/gntv_or_sync_fifo.gcx.clkx/rd_pntr_cdc_inst/src_gray_ff_reg[1]} {AXI_CLK_CONVERTER/inst/gen_clock_conv.gen_async_conv.asyncfifo_axi/inst_fifo_gen/gaxi_full_lite.gwrite_ch.gwrch2.axi_wrch/grf.rf/gntv_or_sync_fifo.gcx.clkx/rd_pntr_cdc_inst/src_gray_ff_reg[2]} {AXI_CLK_CONVERTER/inst/gen_clock_conv.gen_async_conv.asyncfifo_axi/inst_fifo_gen/gaxi_full_lite.gwrite_ch.gwrch2.axi_wrch/grf.rf/gntv_or_sync_fifo.gcx.clkx/rd_pntr_cdc_inst/src_gray_ff_reg[3]}]]
                                              [get_cells [list {AXI_CLK_CONVERTER/inst/gen_clock_conv.gen_async_conv.asyncfifo_axi/inst_fifo_gen/gaxi_full_lite.gwrite_ch.gwrch2.axi_wrch/grf.rf/gntv_or_sync_fifo.gcx.clkx/rd_pntr_cdc_inst/dest_graysync_ff_reg[0][0]} {AXI_CLK_CONVERTER/inst/gen_clock_conv.gen_async_conv.asyncfifo_axi/inst_fifo_gen/gaxi_full_lite.gwrite_ch.gwrch2.axi_wrch/grf.rf/gntv_or_sync_fifo.gcx.clkx/rd_pntr_cdc_inst/dest_graysync_ff_reg[0][1]} {AXI_CLK_CONVERTER/inst/gen_clock_conv.gen_async_conv.asyncfifo_axi/inst_fifo_gen/gaxi_full_lite.gwrite_ch.gwrch2.axi_wrch/grf.rf/gntv_or_sync_fifo.gcx.clkx/rd_pntr_cdc_inst/dest_graysync_ff_reg[0][2]} {AXI_CLK_CONVERTER/inst/gen_clock_conv.gen_async_conv.asyncfifo_axi/inst_fifo_gen/gaxi_full_lite.gwrite_ch.gwrch2.axi_wrch/grf.rf/gntv_or_sync_fifo.gcx.clkx/rd_pntr_cdc_inst/dest_graysync_ff_reg[0][3]}]]
                                                                              Slow             30.303       0.589     29.714
5   42        [get_cells [list {AXI_CLK_CONVERTER/inst/gen_clock_conv.gen_async_conv.asyncfifo_axi/inst_fifo_gen/gaxi_full_lite.gwrite_ch.gwach2.axi_wach/grf.rf/gntv_or_sync_fifo.gcx.clkx/rd_pntr_cdc_inst/src_gray_ff_reg[0]} {AXI_CLK_CONVERTER/inst/gen_clock_conv.gen_async_conv.asyncfifo_axi/inst_fifo_gen/gaxi_full_lite.gwrite_ch.gwach2.axi_wach/grf.rf/gntv_or_sync_fifo.gcx.clkx/rd_pntr_cdc_inst/src_gray_ff_reg[1]} {AXI_CLK_CONVERTER/inst/gen_clock_conv.gen_async_conv.asyncfifo_axi/inst_fifo_gen/gaxi_full_lite.gwrite_ch.gwach2.axi_wach/grf.rf/gntv_or_sync_fifo.gcx.clkx/rd_pntr_cdc_inst/src_gray_ff_reg[2]} {AXI_CLK_CONVERTER/inst/gen_clock_conv.gen_async_conv.asyncfifo_axi/inst_fifo_gen/gaxi_full_lite.gwrite_ch.gwach2.axi_wach/grf.rf/gntv_or_sync_fifo.gcx.clkx/rd_pntr_cdc_inst/src_gray_ff_reg[3]}]]
                                              [get_cells [list {AXI_CLK_CONVERTER/inst/gen_clock_conv.gen_async_conv.asyncfifo_axi/inst_fifo_gen/gaxi_full_lite.gwrite_ch.gwach2.axi_wach/grf.rf/gntv_or_sync_fifo.gcx.clkx/rd_pntr_cdc_inst/dest_graysync_ff_reg[0][0]} {AXI_CLK_CONVERTER/inst/gen_clock_conv.gen_async_conv.asyncfifo_axi/inst_fifo_gen/gaxi_full_lite.gwrite_ch.gwach2.axi_wach/grf.rf/gntv_or_sync_fifo.gcx.clkx/rd_pntr_cdc_inst/dest_graysync_ff_reg[0][1]} {AXI_CLK_CONVERTER/inst/gen_clock_conv.gen_async_conv.asyncfifo_axi/inst_fifo_gen/gaxi_full_lite.gwrite_ch.gwach2.axi_wach/grf.rf/gntv_or_sync_fifo.gcx.clkx/rd_pntr_cdc_inst/dest_graysync_ff_reg[0][2]} {AXI_CLK_CONVERTER/inst/gen_clock_conv.gen_async_conv.asyncfifo_axi/inst_fifo_gen/gaxi_full_lite.gwrite_ch.gwach2.axi_wach/grf.rf/gntv_or_sync_fifo.gcx.clkx/rd_pntr_cdc_inst/dest_graysync_ff_reg[0][3]}]]
                                                                              Slow             30.303       0.674     29.629
6   44        [get_cells [list {AXI_CLK_CONVERTER/inst/gen_clock_conv.gen_async_conv.asyncfifo_axi/inst_fifo_gen/gaxi_full_lite.gread_ch.grdch2.axi_rdch/grf.rf/gntv_or_sync_fifo.gcx.clkx/wr_pntr_cdc_inst/src_gray_ff_reg[0]} {AXI_CLK_CONVERTER/inst/gen_clock_conv.gen_async_conv.asyncfifo_axi/inst_fifo_gen/gaxi_full_lite.gread_ch.grdch2.axi_rdch/grf.rf/gntv_or_sync_fifo.gcx.clkx/wr_pntr_cdc_inst/src_gray_ff_reg[1]} {AXI_CLK_CONVERTER/inst/gen_clock_conv.gen_async_conv.asyncfifo_axi/inst_fifo_gen/gaxi_full_lite.gread_ch.grdch2.axi_rdch/grf.rf/gntv_or_sync_fifo.gcx.clkx/wr_pntr_cdc_inst/src_gray_ff_reg[2]} {AXI_CLK_CONVERTER/inst/gen_clock_conv.gen_async_conv.asyncfifo_axi/inst_fifo_gen/gaxi_full_lite.gread_ch.grdch2.axi_rdch/grf.rf/gntv_or_sync_fifo.gcx.clkx/wr_pntr_cdc_inst/src_gray_ff_reg[3]}]]
                                              [get_cells [list {AXI_CLK_CONVERTER/inst/gen_clock_conv.gen_async_conv.asyncfifo_axi/inst_fifo_gen/gaxi_full_lite.gread_ch.grdch2.axi_rdch/grf.rf/gntv_or_sync_fifo.gcx.clkx/wr_pntr_cdc_inst/dest_graysync_ff_reg[0][0]} {AXI_CLK_CONVERTER/inst/gen_clock_conv.gen_async_conv.asyncfifo_axi/inst_fifo_gen/gaxi_full_lite.gread_ch.grdch2.axi_rdch/grf.rf/gntv_or_sync_fifo.gcx.clkx/wr_pntr_cdc_inst/dest_graysync_ff_reg[0][1]} {AXI_CLK_CONVERTER/inst/gen_clock_conv.gen_async_conv.asyncfifo_axi/inst_fifo_gen/gaxi_full_lite.gread_ch.grdch2.axi_rdch/grf.rf/gntv_or_sync_fifo.gcx.clkx/wr_pntr_cdc_inst/dest_graysync_ff_reg[0][2]} {AXI_CLK_CONVERTER/inst/gen_clock_conv.gen_async_conv.asyncfifo_axi/inst_fifo_gen/gaxi_full_lite.gread_ch.grdch2.axi_rdch/grf.rf/gntv_or_sync_fifo.gcx.clkx/wr_pntr_cdc_inst/dest_graysync_ff_reg[0][3]}]]
                                                                              Slow             30.303       0.539     29.764
7   46        [get_cells [list {AXI_CLK_CONVERTER/inst/gen_clock_conv.gen_async_conv.asyncfifo_axi/inst_fifo_gen/gaxi_full_lite.gread_ch.grach2.axi_rach/grf.rf/gntv_or_sync_fifo.gcx.clkx/wr_pntr_cdc_inst/src_gray_ff_reg[0]} {AXI_CLK_CONVERTER/inst/gen_clock_conv.gen_async_conv.asyncfifo_axi/inst_fifo_gen/gaxi_full_lite.gread_ch.grach2.axi_rach/grf.rf/gntv_or_sync_fifo.gcx.clkx/wr_pntr_cdc_inst/src_gray_ff_reg[1]} {AXI_CLK_CONVERTER/inst/gen_clock_conv.gen_async_conv.asyncfifo_axi/inst_fifo_gen/gaxi_full_lite.gread_ch.grach2.axi_rach/grf.rf/gntv_or_sync_fifo.gcx.clkx/wr_pntr_cdc_inst/src_gray_ff_reg[2]} {AXI_CLK_CONVERTER/inst/gen_clock_conv.gen_async_conv.asyncfifo_axi/inst_fifo_gen/gaxi_full_lite.gread_ch.grach2.axi_rach/grf.rf/gntv_or_sync_fifo.gcx.clkx/wr_pntr_cdc_inst/src_gray_ff_reg[3]}]]
                                              [get_cells [list {AXI_CLK_CONVERTER/inst/gen_clock_conv.gen_async_conv.asyncfifo_axi/inst_fifo_gen/gaxi_full_lite.gread_ch.grach2.axi_rach/grf.rf/gntv_or_sync_fifo.gcx.clkx/wr_pntr_cdc_inst/dest_graysync_ff_reg[0][0]} {AXI_CLK_CONVERTER/inst/gen_clock_conv.gen_async_conv.asyncfifo_axi/inst_fifo_gen/gaxi_full_lite.gread_ch.grach2.axi_rach/grf.rf/gntv_or_sync_fifo.gcx.clkx/wr_pntr_cdc_inst/dest_graysync_ff_reg[0][1]} {AXI_CLK_CONVERTER/inst/gen_clock_conv.gen_async_conv.asyncfifo_axi/inst_fifo_gen/gaxi_full_lite.gread_ch.grach2.axi_rach/grf.rf/gntv_or_sync_fifo.gcx.clkx/wr_pntr_cdc_inst/dest_graysync_ff_reg[0][2]} {AXI_CLK_CONVERTER/inst/gen_clock_conv.gen_async_conv.asyncfifo_axi/inst_fifo_gen/gaxi_full_lite.gread_ch.grach2.axi_rach/grf.rf/gntv_or_sync_fifo.gcx.clkx/wr_pntr_cdc_inst/dest_graysync_ff_reg[0][3]}]]
                                                                              Slow             30.303       0.744     29.559
8   48        [get_cells [list {AXI_CLK_CONVERTER/inst/gen_clock_conv.gen_async_conv.asyncfifo_axi/inst_fifo_gen/gaxi_full_lite.gwrite_ch.gwrch2.axi_wrch/grf.rf/gntv_or_sync_fifo.gcx.clkx/wr_pntr_cdc_inst/src_gray_ff_reg[0]} {AXI_CLK_CONVERTER/inst/gen_clock_conv.gen_async_conv.asyncfifo_axi/inst_fifo_gen/gaxi_full_lite.gwrite_ch.gwrch2.axi_wrch/grf.rf/gntv_or_sync_fifo.gcx.clkx/wr_pntr_cdc_inst/src_gray_ff_reg[1]} {AXI_CLK_CONVERTER/inst/gen_clock_conv.gen_async_conv.asyncfifo_axi/inst_fifo_gen/gaxi_full_lite.gwrite_ch.gwrch2.axi_wrch/grf.rf/gntv_or_sync_fifo.gcx.clkx/wr_pntr_cdc_inst/src_gray_ff_reg[2]} {AXI_CLK_CONVERTER/inst/gen_clock_conv.gen_async_conv.asyncfifo_axi/inst_fifo_gen/gaxi_full_lite.gwrite_ch.gwrch2.axi_wrch/grf.rf/gntv_or_sync_fifo.gcx.clkx/wr_pntr_cdc_inst/src_gray_ff_reg[3]}]]
                                              [get_cells [list {AXI_CLK_CONVERTER/inst/gen_clock_conv.gen_async_conv.asyncfifo_axi/inst_fifo_gen/gaxi_full_lite.gwrite_ch.gwrch2.axi_wrch/grf.rf/gntv_or_sync_fifo.gcx.clkx/wr_pntr_cdc_inst/dest_graysync_ff_reg[0][0]} {AXI_CLK_CONVERTER/inst/gen_clock_conv.gen_async_conv.asyncfifo_axi/inst_fifo_gen/gaxi_full_lite.gwrite_ch.gwrch2.axi_wrch/grf.rf/gntv_or_sync_fifo.gcx.clkx/wr_pntr_cdc_inst/dest_graysync_ff_reg[0][1]} {AXI_CLK_CONVERTER/inst/gen_clock_conv.gen_async_conv.asyncfifo_axi/inst_fifo_gen/gaxi_full_lite.gwrite_ch.gwrch2.axi_wrch/grf.rf/gntv_or_sync_fifo.gcx.clkx/wr_pntr_cdc_inst/dest_graysync_ff_reg[0][2]} {AXI_CLK_CONVERTER/inst/gen_clock_conv.gen_async_conv.asyncfifo_axi/inst_fifo_gen/gaxi_full_lite.gwrite_ch.gwrch2.axi_wrch/grf.rf/gntv_or_sync_fifo.gcx.clkx/wr_pntr_cdc_inst/dest_graysync_ff_reg[0][3]}]]
                                                                              Slow             30.303       0.612     29.691
9   50        [get_cells [list {AXI_CLK_CONVERTER/inst/gen_clock_conv.gen_async_conv.asyncfifo_axi/inst_fifo_gen/gaxi_full_lite.gwrite_ch.gwdch2.axi_wdch/grf.rf/gntv_or_sync_fifo.gcx.clkx/wr_pntr_cdc_inst/src_gray_ff_reg[0]} {AXI_CLK_CONVERTER/inst/gen_clock_conv.gen_async_conv.asyncfifo_axi/inst_fifo_gen/gaxi_full_lite.gwrite_ch.gwdch2.axi_wdch/grf.rf/gntv_or_sync_fifo.gcx.clkx/wr_pntr_cdc_inst/src_gray_ff_reg[1]} {AXI_CLK_CONVERTER/inst/gen_clock_conv.gen_async_conv.asyncfifo_axi/inst_fifo_gen/gaxi_full_lite.gwrite_ch.gwdch2.axi_wdch/grf.rf/gntv_or_sync_fifo.gcx.clkx/wr_pntr_cdc_inst/src_gray_ff_reg[2]} {AXI_CLK_CONVERTER/inst/gen_clock_conv.gen_async_conv.asyncfifo_axi/inst_fifo_gen/gaxi_full_lite.gwrite_ch.gwdch2.axi_wdch/grf.rf/gntv_or_sync_fifo.gcx.clkx/wr_pntr_cdc_inst/src_gray_ff_reg[3]}]]
                                              [get_cells [list {AXI_CLK_CONVERTER/inst/gen_clock_conv.gen_async_conv.asyncfifo_axi/inst_fifo_gen/gaxi_full_lite.gwrite_ch.gwdch2.axi_wdch/grf.rf/gntv_or_sync_fifo.gcx.clkx/wr_pntr_cdc_inst/dest_graysync_ff_reg[0][0]} {AXI_CLK_CONVERTER/inst/gen_clock_conv.gen_async_conv.asyncfifo_axi/inst_fifo_gen/gaxi_full_lite.gwrite_ch.gwdch2.axi_wdch/grf.rf/gntv_or_sync_fifo.gcx.clkx/wr_pntr_cdc_inst/dest_graysync_ff_reg[0][1]} {AXI_CLK_CONVERTER/inst/gen_clock_conv.gen_async_conv.asyncfifo_axi/inst_fifo_gen/gaxi_full_lite.gwrite_ch.gwdch2.axi_wdch/grf.rf/gntv_or_sync_fifo.gcx.clkx/wr_pntr_cdc_inst/dest_graysync_ff_reg[0][2]} {AXI_CLK_CONVERTER/inst/gen_clock_conv.gen_async_conv.asyncfifo_axi/inst_fifo_gen/gaxi_full_lite.gwrite_ch.gwdch2.axi_wdch/grf.rf/gntv_or_sync_fifo.gcx.clkx/wr_pntr_cdc_inst/dest_graysync_ff_reg[0][3]}]]
                                                                              Slow             30.303       0.672     29.631
10  52        [get_cells [list {AXI_CLK_CONVERTER/inst/gen_clock_conv.gen_async_conv.asyncfifo_axi/inst_fifo_gen/gaxi_full_lite.gwrite_ch.gwach2.axi_wach/grf.rf/gntv_or_sync_fifo.gcx.clkx/wr_pntr_cdc_inst/src_gray_ff_reg[0]} {AXI_CLK_CONVERTER/inst/gen_clock_conv.gen_async_conv.asyncfifo_axi/inst_fifo_gen/gaxi_full_lite.gwrite_ch.gwach2.axi_wach/grf.rf/gntv_or_sync_fifo.gcx.clkx/wr_pntr_cdc_inst/src_gray_ff_reg[1]} {AXI_CLK_CONVERTER/inst/gen_clock_conv.gen_async_conv.asyncfifo_axi/inst_fifo_gen/gaxi_full_lite.gwrite_ch.gwach2.axi_wach/grf.rf/gntv_or_sync_fifo.gcx.clkx/wr_pntr_cdc_inst/src_gray_ff_reg[2]} {AXI_CLK_CONVERTER/inst/gen_clock_conv.gen_async_conv.asyncfifo_axi/inst_fifo_gen/gaxi_full_lite.gwrite_ch.gwach2.axi_wach/grf.rf/gntv_or_sync_fifo.gcx.clkx/wr_pntr_cdc_inst/src_gray_ff_reg[3]}]]
                                              [get_cells [list {AXI_CLK_CONVERTER/inst/gen_clock_conv.gen_async_conv.asyncfifo_axi/inst_fifo_gen/gaxi_full_lite.gwrite_ch.gwach2.axi_wach/grf.rf/gntv_or_sync_fifo.gcx.clkx/wr_pntr_cdc_inst/dest_graysync_ff_reg[0][0]} {AXI_CLK_CONVERTER/inst/gen_clock_conv.gen_async_conv.asyncfifo_axi/inst_fifo_gen/gaxi_full_lite.gwrite_ch.gwach2.axi_wach/grf.rf/gntv_or_sync_fifo.gcx.clkx/wr_pntr_cdc_inst/dest_graysync_ff_reg[0][1]} {AXI_CLK_CONVERTER/inst/gen_clock_conv.gen_async_conv.asyncfifo_axi/inst_fifo_gen/gaxi_full_lite.gwrite_ch.gwach2.axi_wach/grf.rf/gntv_or_sync_fifo.gcx.clkx/wr_pntr_cdc_inst/dest_graysync_ff_reg[0][2]} {AXI_CLK_CONVERTER/inst/gen_clock_conv.gen_async_conv.asyncfifo_axi/inst_fifo_gen/gaxi_full_lite.gwrite_ch.gwach2.axi_wach/grf.rf/gntv_or_sync_fifo.gcx.clkx/wr_pntr_cdc_inst/dest_graysync_ff_reg[0][3]}]]
                                                                              Slow             30.303       0.589     29.714


2. Bus Skew Report Per Constraint
---------------------------------

Id: 1
set_bus_skew -from [get_cells [list {AXI_CLK_CONVERTER/inst/gen_clock_conv.gen_async_conv.asyncfifo_axi/inst_fifo_gen/gaxi_full_lite.gread_ch.grdch2.axi_rdch/grf.rf/gntv_or_sync_fifo.gcx.clkx/rd_pntr_cdc_inst/src_gray_ff_reg[0]} {AXI_CLK_CONVERTER/inst/gen_clock_conv.gen_async_conv.asyncfifo_axi/inst_fifo_gen/gaxi_full_lite.gread_ch.grdch2.axi_rdch/grf.rf/gntv_or_sync_fifo.gcx.clkx/rd_pntr_cdc_inst/src_gray_ff_reg[1]} {AXI_CLK_CONVERTER/inst/gen_clock_conv.gen_async_conv.asyncfifo_axi/inst_fifo_gen/gaxi_full_lite.gread_ch.grdch2.axi_rdch/grf.rf/gntv_or_sync_fifo.gcx.clkx/rd_pntr_cdc_inst/src_gray_ff_reg[2]} {AXI_CLK_CONVERTER/inst/gen_clock_conv.gen_async_conv.asyncfifo_axi/inst_fifo_gen/gaxi_full_lite.gread_ch.grdch2.axi_rdch/grf.rf/gntv_or_sync_fifo.gcx.clkx/rd_pntr_cdc_inst/src_gray_ff_reg[3]}]] -to [get_cells [list {AXI_CLK_CONVERTER/inst/gen_clock_conv.gen_async_conv.asyncfifo_axi/inst_fifo_gen/gaxi_full_lite.gread_ch.grdch2.axi_rdch/grf.rf/gntv_or_sync_fifo.gcx.clkx/rd_pntr_cdc_inst/dest_graysync_ff_reg[0][0]} {AXI_CLK_CONVERTER/inst/gen_clock_conv.gen_async_conv.asyncfifo_axi/inst_fifo_gen/gaxi_full_lite.gread_ch.grdch2.axi_rdch/grf.rf/gntv_or_sync_fifo.gcx.clkx/rd_pntr_cdc_inst/dest_graysync_ff_reg[0][1]} {AXI_CLK_CONVERTER/inst/gen_clock_conv.gen_async_conv.asyncfifo_axi/inst_fifo_gen/gaxi_full_lite.gread_ch.grdch2.axi_rdch/grf.rf/gntv_or_sync_fifo.gcx.clkx/rd_pntr_cdc_inst/dest_graysync_ff_reg[0][2]} {AXI_CLK_CONVERTER/inst/gen_clock_conv.gen_async_conv.asyncfifo_axi/inst_fifo_gen/gaxi_full_lite.gread_ch.grdch2.axi_rdch/grf.rf/gntv_or_sync_fifo.gcx.clkx/rd_pntr_cdc_inst/dest_graysync_ff_reg[0][3]}]] 30.303
Requirement: 30.303ns
Endpoints: 4

From Clock            To Clock              Endpoint Pin                    Reference Pin                   Corner  Actual(ns)  Slack(ns)
--------------------  --------------------  ------------------------------  ------------------------------  ------  ----------  ---------
clk_out1_clk_pll_33   clk_out2_clk_pll_33   AXI_CLK_CONVERTER/inst/gen_clock_conv.gen_async_conv.asyncfifo_axi/inst_fifo_gen/gaxi_full_lite.gread_ch.grdch2.axi_rdch/grf.rf/gntv_or_sync_fifo.gcx.clkx/rd_pntr_cdc_inst/dest_graysync_ff_reg[0][3]/D
                                                                            AXI_CLK_CONVERTER/inst/gen_clock_conv.gen_async_conv.asyncfifo_axi/inst_fifo_gen/gaxi_full_lite.gread_ch.grdch2.axi_rdch/grf.rf/gntv_or_sync_fifo.gcx.clkx/rd_pntr_cdc_inst/dest_graysync_ff_reg[0][2]/D
                                                                                                            Slow         0.682     29.621


Slack (MET) :             29.621ns  (requirement - actual skew)
  Endpoint Source:        soc_top/axi_clock_converter_0/axi_clock_converter_0_axi_clock_converter_v2_1_35_axi_clock_converter/<hidden>/<hidden>/<hidden>/<hidden>/<hidden>/<hidden>
                            (rising edge-triggered cell FDRE clocked by clk_out1_clk_pll_33)
  Endpoint Destination:   soc_top/axi_clock_converter_0/axi_clock_converter_0_axi_clock_converter_v2_1_35_axi_clock_converter/<hidden>/<hidden>/<hidden>/<hidden>/<hidden>/<hidden>
                            (rising edge-triggered cell FDRE clocked by clk_out2_clk_pll_33)
  Reference Source:       soc_top/axi_clock_converter_0/axi_clock_converter_0_axi_clock_converter_v2_1_35_axi_clock_converter/<hidden>/<hidden>/<hidden>/<hidden>/<hidden>/<hidden>
                            (rising edge-triggered cell FDRE clocked by clk_out1_clk_pll_33)
  Reference Destination:  soc_top/axi_clock_converter_0/axi_clock_converter_0_axi_clock_converter_v2_1_35_axi_clock_converter/<hidden>/<hidden>/<hidden>/<hidden>/<hidden>/<hidden>
                            (rising edge-triggered cell FDRE clocked by clk_out2_clk_pll_33)
  Path Type:              Bus Skew (Max at Slow Process Corner)
  Requirement:            30.303ns
  Endpoint Relative Delay:    1.300ns
  Reference Relative Delay:   0.271ns
  Relative CRPR:              0.347ns
  Actual Bus Skew:            0.682ns  (Endpoint Relative Delay - Reference Relative Delay - Relative CRPR)

Endpoint path:
    Location             Delay type                Incr(ns)  Path(ns)    Netlist Resource(s)
  -------------------------------------------------------------------    -------------------
                         (clock clk_out1_clk_pll_33 rise edge)
                                                      0.000     0.000 r  
    AC19                                              0.000     0.000 r  clk (IN)
                         net (fo=0)                   0.000     0.000    clk
    AC19                 IBUF (Prop_ibuf_I_O)         1.416     1.416 r  clk_IBUF_inst/O
                         net (fo=3, routed)           2.602     4.018    clk_pll_33/inst/clk_in1
    BUFGCTRL_X0Y5        BUFG (Prop_bufg_I_O)         0.081     4.099 r  clk_pll_33/inst/clkin1_bufg/O
                         net (fo=1, routed)           1.536     5.635    clk_pll_33/inst/clk_in1_clk_pll_33
    PLLE2_ADV_X0Y2       PLLE2_ADV (Prop_plle2_adv_CLKIN1_CLKOUT0)
                                                     -3.173     2.461 r  clk_pll_33/inst/plle2_adv_inst/CLKOUT0
                         net (fo=1, routed)           1.557     4.018    clk_pll_33/inst/clk_out1_clk_pll_33
    BUFGCTRL_X0Y0        BUFG (Prop_bufg_I_O)         0.081     4.099 r  clk_pll_33/inst/clkout1_buf/O
                         net (fo=7157, routed)        1.396     5.495    soc_top/axi_clock_converter_0/axi_clock_converter_0_axi_clock_converter_v2_1_35_axi_clock_converter/<hidden>/<hidden>/<hidden>/<hidden>/<hidden>/<hidden>
    SLICE_X58Y152        FDRE                                         r  soc_top/axi_clock_converter_0/axi_clock_converter_0_axi_clock_converter_v2_1_35_axi_clock_converter/<hidden>/<hidden>/<hidden>/<hidden>/<hidden>/<hidden>
  -------------------------------------------------------------------    -------------------
    SLICE_X58Y152        FDRE (Prop_fdre_C_Q)         0.348     5.843 r  soc_top/axi_clock_converter_0/axi_clock_converter_0_axi_clock_converter_v2_1_35_axi_clock_converter/<hidden>/<hidden>/<hidden>/<hidden>/<hidden>/<hidden>
                         net (fo=1, routed)           0.595     6.438    soc_top/axi_clock_converter_0/axi_clock_converter_0_axi_clock_converter_v2_1_35_axi_clock_converter/<hidden>/<hidden>/<hidden>/<hidden>/<hidden>/<hidden>
    SLICE_X60Y157        FDRE                                         r  soc_top/axi_clock_converter_0/axi_clock_converter_0_axi_clock_converter_v2_1_35_axi_clock_converter/<hidden>/<hidden>/<hidden>/<hidden>/<hidden>/<hidden>
  -------------------------------------------------------------------    -------------------

                         (clock clk_out2_clk_pll_33 rise edge)
                                                      0.000     0.000 r  
    AC19                                              0.000     0.000 r  clk (IN)
                         net (fo=0)                   0.000     0.000    clk
    AC19                 IBUF (Prop_ibuf_I_O)         1.350     1.350 r  clk_IBUF_inst/O
                         net (fo=3, routed)           2.471     3.821    clk_pll_33/inst/clk_in1
    BUFGCTRL_X0Y5        BUFG (Prop_bufg_I_O)         0.077     3.898 r  clk_pll_33/inst/clkin1_bufg/O
                         net (fo=1, routed)           1.434     5.331    clk_pll_33/inst/clk_in1_clk_pll_33
    PLLE2_ADV_X0Y2       PLLE2_ADV (Prop_plle2_adv_CLKIN1_CLKOUT1)
                                                     -2.995     2.336 r  clk_pll_33/inst/plle2_adv_inst/CLKOUT1
                         net (fo=1, routed)           1.484     3.821    clk_pll_33/inst/clk_out2_clk_pll_33
    BUFGCTRL_X0Y1        BUFG (Prop_bufg_I_O)         0.077     3.898 r  clk_pll_33/inst/clkout2_buf/O
                         net (fo=6628, routed)        1.285     5.183    soc_top/axi_clock_converter_0/axi_clock_converter_0_axi_clock_converter_v2_1_35_axi_clock_converter/<hidden>/<hidden>/<hidden>/<hidden>/<hidden>/<hidden>
    SLICE_X60Y157        FDRE                                         r  soc_top/axi_clock_converter_0/axi_clock_converter_0_axi_clock_converter_v2_1_35_axi_clock_converter/<hidden>/<hidden>/<hidden>/<hidden>/<hidden>/<hidden>
                         clock pessimism              0.125     5.308    
    SLICE_X60Y157        FDRE (Setup_fdre_C_D)       -0.170     5.138    soc_top/axi_clock_converter_0/axi_clock_converter_0_axi_clock_converter_v2_1_35_axi_clock_converter/<hidden>/<hidden>/<hidden>/<hidden>/<hidden>/<hidden>
  -------------------------------------------------------------------
                         data arrival                           6.438    
                         clock arrival                          5.138    
  -------------------------------------------------------------------
                         relative delay                         1.300    

Reference path:
    Location             Delay type                Incr(ns)  Path(ns)    Netlist Resource(s)
  -------------------------------------------------------------------    -------------------
                         (clock clk_out1_clk_pll_33 rise edge)
                                                      0.000     0.000 r  
    AC19                                              0.000     0.000 r  clk (IN)
                         net (fo=0)                   0.000     0.000    clk
    AC19                 IBUF (Prop_ibuf_I_O)         1.350     1.350 r  clk_IBUF_inst/O
                         net (fo=3, routed)           2.471     3.821    clk_pll_33/inst/clk_in1
    BUFGCTRL_X0Y5        BUFG (Prop_bufg_I_O)         0.077     3.898 r  clk_pll_33/inst/clkin1_bufg/O
                         net (fo=1, routed)           1.434     5.331    clk_pll_33/inst/clk_in1_clk_pll_33
    PLLE2_ADV_X0Y2       PLLE2_ADV (Prop_plle2_adv_CLKIN1_CLKOUT0)
                                                     -2.995     2.336 r  clk_pll_33/inst/plle2_adv_inst/CLKOUT0
                         net (fo=1, routed)           1.484     3.821    clk_pll_33/inst/clk_out1_clk_pll_33
    BUFGCTRL_X0Y0        BUFG (Prop_bufg_I_O)         0.077     3.898 r  clk_pll_33/inst/clkout1_buf/O
                         net (fo=7157, routed)        1.285     5.183    soc_top/axi_clock_converter_0/axi_clock_converter_0_axi_clock_converter_v2_1_35_axi_clock_converter/<hidden>/<hidden>/<hidden>/<hidden>/<hidden>/<hidden>
    SLICE_X58Y152        FDRE                                         r  soc_top/axi_clock_converter_0/axi_clock_converter_0_axi_clock_converter_v2_1_35_axi_clock_converter/<hidden>/<hidden>/<hidden>/<hidden>/<hidden>/<hidden>
  -------------------------------------------------------------------    -------------------
    SLICE_X58Y152        FDRE (Prop_fdre_C_Q)         0.304     5.487 r  soc_top/axi_clock_converter_0/axi_clock_converter_0_axi_clock_converter_v2_1_35_axi_clock_converter/<hidden>/<hidden>/<hidden>/<hidden>/<hidden>/<hidden>
                         net (fo=1, routed)           0.291     5.778    soc_top/axi_clock_converter_0/axi_clock_converter_0_axi_clock_converter_v2_1_35_axi_clock_converter/<hidden>/<hidden>/<hidden>/<hidden>/<hidden>/<hidden>
    SLICE_X58Y153        FDRE                                         r  soc_top/axi_clock_converter_0/axi_clock_converter_0_axi_clock_converter_v2_1_35_axi_clock_converter/<hidden>/<hidden>/<hidden>/<hidden>/<hidden>/<hidden>
  -------------------------------------------------------------------    -------------------

                         (clock clk_out2_clk_pll_33 rise edge)
                                                      0.000     0.000 r  
    AC19                                              0.000     0.000 r  clk (IN)
                         net (fo=0)                   0.000     0.000    clk
    AC19                 IBUF (Prop_ibuf_I_O)         1.416     1.416 r  clk_IBUF_inst/O
                         net (fo=3, routed)           2.602     4.018    clk_pll_33/inst/clk_in1
    BUFGCTRL_X0Y5        BUFG (Prop_bufg_I_O)         0.081     4.099 r  clk_pll_33/inst/clkin1_bufg/O
                         net (fo=1, routed)           1.536     5.635    clk_pll_33/inst/clk_in1_clk_pll_33
    PLLE2_ADV_X0Y2       PLLE2_ADV (Prop_plle2_adv_CLKIN1_CLKOUT1)
                                                     -3.173     2.461 r  clk_pll_33/inst/plle2_adv_inst/CLKOUT1
                         net (fo=1, routed)           1.557     4.018    clk_pll_33/inst/clk_out2_clk_pll_33
    BUFGCTRL_X0Y1        BUFG (Prop_bufg_I_O)         0.081     4.099 r  clk_pll_33/inst/clkout2_buf/O
                         net (fo=6628, routed)        1.396     5.495    soc_top/axi_clock_converter_0/axi_clock_converter_0_axi_clock_converter_v2_1_35_axi_clock_converter/<hidden>/<hidden>/<hidden>/<hidden>/<hidden>/<hidden>
    SLICE_X58Y153        FDRE                                         r  soc_top/axi_clock_converter_0/axi_clock_converter_0_axi_clock_converter_v2_1_35_axi_clock_converter/<hidden>/<hidden>/<hidden>/<hidden>/<hidden>/<hidden>
                         clock pessimism             -0.125     5.370    
    SLICE_X58Y153        FDRE (Hold_fdre_C_D)         0.136     5.506    soc_top/axi_clock_converter_0/axi_clock_converter_0_axi_clock_converter_v2_1_35_axi_clock_converter/<hidden>/<hidden>/<hidden>/<hidden>/<hidden>/<hidden>
  -------------------------------------------------------------------
                         data arrival                           5.778    
                         clock arrival                          5.506    
  -------------------------------------------------------------------
                         relative delay                         0.271    



Id: 2
set_bus_skew -from [get_cells [list {AXI_CLK_CONVERTER/inst/gen_clock_conv.gen_async_conv.asyncfifo_axi/inst_fifo_gen/gaxi_full_lite.gread_ch.grach2.axi_rach/grf.rf/gntv_or_sync_fifo.gcx.clkx/rd_pntr_cdc_inst/src_gray_ff_reg[0]} {AXI_CLK_CONVERTER/inst/gen_clock_conv.gen_async_conv.asyncfifo_axi/inst_fifo_gen/gaxi_full_lite.gread_ch.grach2.axi_rach/grf.rf/gntv_or_sync_fifo.gcx.clkx/rd_pntr_cdc_inst/src_gray_ff_reg[1]} {AXI_CLK_CONVERTER/inst/gen_clock_conv.gen_async_conv.asyncfifo_axi/inst_fifo_gen/gaxi_full_lite.gread_ch.grach2.axi_rach/grf.rf/gntv_or_sync_fifo.gcx.clkx/rd_pntr_cdc_inst/src_gray_ff_reg[2]} {AXI_CLK_CONVERTER/inst/gen_clock_conv.gen_async_conv.asyncfifo_axi/inst_fifo_gen/gaxi_full_lite.gread_ch.grach2.axi_rach/grf.rf/gntv_or_sync_fifo.gcx.clkx/rd_pntr_cdc_inst/src_gray_ff_reg[3]}]] -to [get_cells [list {AXI_CLK_CONVERTER/inst/gen_clock_conv.gen_async_conv.asyncfifo_axi/inst_fifo_gen/gaxi_full_lite.gread_ch.grach2.axi_rach/grf.rf/gntv_or_sync_fifo.gcx.clkx/rd_pntr_cdc_inst/dest_graysync_ff_reg[0][0]} {AXI_CLK_CONVERTER/inst/gen_clock_conv.gen_async_conv.asyncfifo_axi/inst_fifo_gen/gaxi_full_lite.gread_ch.grach2.axi_rach/grf.rf/gntv_or_sync_fifo.gcx.clkx/rd_pntr_cdc_inst/dest_graysync_ff_reg[0][1]} {AXI_CLK_CONVERTER/inst/gen_clock_conv.gen_async_conv.asyncfifo_axi/inst_fifo_gen/gaxi_full_lite.gread_ch.grach2.axi_rach/grf.rf/gntv_or_sync_fifo.gcx.clkx/rd_pntr_cdc_inst/dest_graysync_ff_reg[0][2]} {AXI_CLK_CONVERTER/inst/gen_clock_conv.gen_async_conv.asyncfifo_axi/inst_fifo_gen/gaxi_full_lite.gread_ch.grach2.axi_rach/grf.rf/gntv_or_sync_fifo.gcx.clkx/rd_pntr_cdc_inst/dest_graysync_ff_reg[0][3]}]] 30.303
Requirement: 30.303ns
Endpoints: 4

From Clock            To Clock              Endpoint Pin                    Reference Pin                   Corner  Actual(ns)  Slack(ns)
--------------------  --------------------  ------------------------------  ------------------------------  ------  ----------  ---------
clk_out2_clk_pll_33   clk_out1_clk_pll_33   AXI_CLK_CONVERTER/inst/gen_clock_conv.gen_async_conv.asyncfifo_axi/inst_fifo_gen/gaxi_full_lite.gread_ch.grach2.axi_rach/grf.rf/gntv_or_sync_fifo.gcx.clkx/rd_pntr_cdc_inst/dest_graysync_ff_reg[0][0]/D
                                                                            AXI_CLK_CONVERTER/inst/gen_clock_conv.gen_async_conv.asyncfifo_axi/inst_fifo_gen/gaxi_full_lite.gread_ch.grach2.axi_rach/grf.rf/gntv_or_sync_fifo.gcx.clkx/rd_pntr_cdc_inst/dest_graysync_ff_reg[0][2]/D
                                                                                                            Slow         0.624     29.679


Slack (MET) :             29.679ns  (requirement - actual skew)
  Endpoint Source:        soc_top/axi_clock_converter_0/axi_clock_converter_0_axi_clock_converter_v2_1_35_axi_clock_converter/<hidden>/<hidden>/<hidden>/<hidden>/<hidden>/<hidden>
                            (rising edge-triggered cell FDRE clocked by clk_out2_clk_pll_33)
  Endpoint Destination:   soc_top/axi_clock_converter_0/axi_clock_converter_0_axi_clock_converter_v2_1_35_axi_clock_converter/<hidden>/<hidden>/<hidden>/<hidden>/<hidden>/<hidden>
                            (rising edge-triggered cell FDRE clocked by clk_out1_clk_pll_33)
  Reference Source:       soc_top/axi_clock_converter_0/axi_clock_converter_0_axi_clock_converter_v2_1_35_axi_clock_converter/<hidden>/<hidden>/<hidden>/<hidden>/<hidden>/<hidden>
                            (rising edge-triggered cell FDRE clocked by clk_out2_clk_pll_33)
  Reference Destination:  soc_top/axi_clock_converter_0/axi_clock_converter_0_axi_clock_converter_v2_1_35_axi_clock_converter/<hidden>/<hidden>/<hidden>/<hidden>/<hidden>/<hidden>
                            (rising edge-triggered cell FDRE clocked by clk_out1_clk_pll_33)
  Path Type:              Bus Skew (Max at Slow Process Corner)
  Requirement:            30.303ns
  Endpoint Relative Delay:    1.107ns
  Reference Relative Delay:   0.198ns
  Relative CRPR:              0.284ns
  Actual Bus Skew:            0.624ns  (Endpoint Relative Delay - Reference Relative Delay - Relative CRPR)

Endpoint path:
    Location             Delay type                Incr(ns)  Path(ns)    Netlist Resource(s)
  -------------------------------------------------------------------    -------------------
                         (clock clk_out2_clk_pll_33 rise edge)
                                                      0.000     0.000 r  
    AC19                                              0.000     0.000 r  clk (IN)
                         net (fo=0)                   0.000     0.000    clk
    AC19                 IBUF (Prop_ibuf_I_O)         1.416     1.416 r  clk_IBUF_inst/O
                         net (fo=3, routed)           2.602     4.018    clk_pll_33/inst/clk_in1
    BUFGCTRL_X0Y5        BUFG (Prop_bufg_I_O)         0.081     4.099 r  clk_pll_33/inst/clkin1_bufg/O
                         net (fo=1, routed)           1.536     5.635    clk_pll_33/inst/clk_in1_clk_pll_33
    PLLE2_ADV_X0Y2       PLLE2_ADV (Prop_plle2_adv_CLKIN1_CLKOUT1)
                                                     -3.173     2.461 r  clk_pll_33/inst/plle2_adv_inst/CLKOUT1
                         net (fo=1, routed)           1.557     4.018    clk_pll_33/inst/clk_out2_clk_pll_33
    BUFGCTRL_X0Y1        BUFG (Prop_bufg_I_O)         0.081     4.099 r  clk_pll_33/inst/clkout2_buf/O
                         net (fo=6628, routed)        1.412     5.511    soc_top/axi_clock_converter_0/axi_clock_converter_0_axi_clock_converter_v2_1_35_axi_clock_converter/<hidden>/<hidden>/<hidden>/<hidden>/<hidden>/<hidden>
    SLICE_X53Y149        FDRE                                         r  soc_top/axi_clock_converter_0/axi_clock_converter_0_axi_clock_converter_v2_1_35_axi_clock_converter/<hidden>/<hidden>/<hidden>/<hidden>/<hidden>/<hidden>
  -------------------------------------------------------------------    -------------------
    SLICE_X53Y149        FDRE (Prop_fdre_C_Q)         0.379     5.890 r  soc_top/axi_clock_converter_0/axi_clock_converter_0_axi_clock_converter_v2_1_35_axi_clock_converter/<hidden>/<hidden>/<hidden>/<hidden>/<hidden>/<hidden>
                         net (fo=1, routed)           0.466     6.355    soc_top/axi_clock_converter_0/axi_clock_converter_0_axi_clock_converter_v2_1_35_axi_clock_converter/<hidden>/<hidden>/<hidden>/<hidden>/<hidden>/<hidden>
    SLICE_X54Y148        FDRE                                         r  soc_top/axi_clock_converter_0/axi_clock_converter_0_axi_clock_converter_v2_1_35_axi_clock_converter/<hidden>/<hidden>/<hidden>/<hidden>/<hidden>/<hidden>
  -------------------------------------------------------------------    -------------------

                         (clock clk_out1_clk_pll_33 rise edge)
                                                      0.000     0.000 r  
    AC19                                              0.000     0.000 r  clk (IN)
                         net (fo=0)                   0.000     0.000    clk
    AC19                 IBUF (Prop_ibuf_I_O)         1.350     1.350 r  clk_IBUF_inst/O
                         net (fo=3, routed)           2.471     3.821    clk_pll_33/inst/clk_in1
    BUFGCTRL_X0Y5        BUFG (Prop_bufg_I_O)         0.077     3.898 r  clk_pll_33/inst/clkin1_bufg/O
                         net (fo=1, routed)           1.434     5.331    clk_pll_33/inst/clk_in1_clk_pll_33
    PLLE2_ADV_X0Y2       PLLE2_ADV (Prop_plle2_adv_CLKIN1_CLKOUT0)
                                                     -2.995     2.336 r  clk_pll_33/inst/plle2_adv_inst/CLKOUT0
                         net (fo=1, routed)           1.484     3.821    clk_pll_33/inst/clk_out1_clk_pll_33
    BUFGCTRL_X0Y0        BUFG (Prop_bufg_I_O)         0.077     3.898 r  clk_pll_33/inst/clkout1_buf/O
                         net (fo=7157, routed)        1.301     5.198    soc_top/axi_clock_converter_0/axi_clock_converter_0_axi_clock_converter_v2_1_35_axi_clock_converter/<hidden>/<hidden>/<hidden>/<hidden>/<hidden>/<hidden>
    SLICE_X54Y148        FDRE                                         r  soc_top/axi_clock_converter_0/axi_clock_converter_0_axi_clock_converter_v2_1_35_axi_clock_converter/<hidden>/<hidden>/<hidden>/<hidden>/<hidden>/<hidden>
                         clock pessimism              0.125     5.323    
    SLICE_X54Y148        FDRE (Setup_fdre_C_D)       -0.075     5.248    soc_top/axi_clock_converter_0/axi_clock_converter_0_axi_clock_converter_v2_1_35_axi_clock_converter/<hidden>/<hidden>/<hidden>/<hidden>/<hidden>/<hidden>
  -------------------------------------------------------------------
                         data arrival                           6.355    
                         clock arrival                          5.248    
  -------------------------------------------------------------------
                         relative delay                         1.107    

Reference path:
    Location             Delay type                Incr(ns)  Path(ns)    Netlist Resource(s)
  -------------------------------------------------------------------    -------------------
                         (clock clk_out2_clk_pll_33 rise edge)
                                                      0.000     0.000 r  
    AC19                                              0.000     0.000 r  clk (IN)
                         net (fo=0)                   0.000     0.000    clk
    AC19                 IBUF (Prop_ibuf_I_O)         1.350     1.350 r  clk_IBUF_inst/O
                         net (fo=3, routed)           2.471     3.821    clk_pll_33/inst/clk_in1
    BUFGCTRL_X0Y5        BUFG (Prop_bufg_I_O)         0.077     3.898 r  clk_pll_33/inst/clkin1_bufg/O
                         net (fo=1, routed)           1.434     5.331    clk_pll_33/inst/clk_in1_clk_pll_33
    PLLE2_ADV_X0Y2       PLLE2_ADV (Prop_plle2_adv_CLKIN1_CLKOUT1)
                                                     -2.995     2.336 r  clk_pll_33/inst/plle2_adv_inst/CLKOUT1
                         net (fo=1, routed)           1.484     3.821    clk_pll_33/inst/clk_out2_clk_pll_33
    BUFGCTRL_X0Y1        BUFG (Prop_bufg_I_O)         0.077     3.898 r  clk_pll_33/inst/clkout2_buf/O
                         net (fo=6628, routed)        1.302     5.199    soc_top/axi_clock_converter_0/axi_clock_converter_0_axi_clock_converter_v2_1_35_axi_clock_converter/<hidden>/<hidden>/<hidden>/<hidden>/<hidden>/<hidden>
    SLICE_X49Y148        FDRE                                         r  soc_top/axi_clock_converter_0/axi_clock_converter_0_axi_clock_converter_v2_1_35_axi_clock_converter/<hidden>/<hidden>/<hidden>/<hidden>/<hidden>/<hidden>
  -------------------------------------------------------------------    -------------------
    SLICE_X49Y148        FDRE (Prop_fdre_C_Q)         0.304     5.503 r  soc_top/axi_clock_converter_0/axi_clock_converter_0_axi_clock_converter_v2_1_35_axi_clock_converter/<hidden>/<hidden>/<hidden>/<hidden>/<hidden>/<hidden>
                         net (fo=1, routed)           0.216     5.720    soc_top/axi_clock_converter_0/axi_clock_converter_0_axi_clock_converter_v2_1_35_axi_clock_converter/<hidden>/<hidden>/<hidden>/<hidden>/<hidden>/<hidden>
    SLICE_X50Y148        FDRE                                         r  soc_top/axi_clock_converter_0/axi_clock_converter_0_axi_clock_converter_v2_1_35_axi_clock_converter/<hidden>/<hidden>/<hidden>/<hidden>/<hidden>/<hidden>
  -------------------------------------------------------------------    -------------------

                         (clock clk_out1_clk_pll_33 rise edge)
                                                      0.000     0.000 r  
    AC19                                              0.000     0.000 r  clk (IN)
                         net (fo=0)                   0.000     0.000    clk
    AC19                 IBUF (Prop_ibuf_I_O)         1.416     1.416 r  clk_IBUF_inst/O
                         net (fo=3, routed)           2.602     4.018    clk_pll_33/inst/clk_in1
    BUFGCTRL_X0Y5        BUFG (Prop_bufg_I_O)         0.081     4.099 r  clk_pll_33/inst/clkin1_bufg/O
                         net (fo=1, routed)           1.536     5.635    clk_pll_33/inst/clk_in1_clk_pll_33
    PLLE2_ADV_X0Y2       PLLE2_ADV (Prop_plle2_adv_CLKIN1_CLKOUT0)
                                                     -3.173     2.461 r  clk_pll_33/inst/plle2_adv_inst/CLKOUT0
                         net (fo=1, routed)           1.557     4.018    clk_pll_33/inst/clk_out1_clk_pll_33
    BUFGCTRL_X0Y0        BUFG (Prop_bufg_I_O)         0.081     4.099 r  clk_pll_33/inst/clkout1_buf/O
                         net (fo=7157, routed)        1.412     5.511    soc_top/axi_clock_converter_0/axi_clock_converter_0_axi_clock_converter_v2_1_35_axi_clock_converter/<hidden>/<hidden>/<hidden>/<hidden>/<hidden>/<hidden>
    SLICE_X50Y148        FDRE                                         r  soc_top/axi_clock_converter_0/axi_clock_converter_0_axi_clock_converter_v2_1_35_axi_clock_converter/<hidden>/<hidden>/<hidden>/<hidden>/<hidden>/<hidden>
                         clock pessimism             -0.125     5.386    
    SLICE_X50Y148        FDRE (Hold_fdre_C_D)         0.136     5.522    soc_top/axi_clock_converter_0/axi_clock_converter_0_axi_clock_converter_v2_1_35_axi_clock_converter/<hidden>/<hidden>/<hidden>/<hidden>/<hidden>/<hidden>
  -------------------------------------------------------------------
                         data arrival                           5.720    
                         clock arrival                          5.522    
  -------------------------------------------------------------------
                         relative delay                         0.198    



Id: 3
set_bus_skew -from [get_cells [list {AXI_CLK_CONVERTER/inst/gen_clock_conv.gen_async_conv.asyncfifo_axi/inst_fifo_gen/gaxi_full_lite.gwrite_ch.gwdch2.axi_wdch/grf.rf/gntv_or_sync_fifo.gcx.clkx/rd_pntr_cdc_inst/src_gray_ff_reg[0]} {AXI_CLK_CONVERTER/inst/gen_clock_conv.gen_async_conv.asyncfifo_axi/inst_fifo_gen/gaxi_full_lite.gwrite_ch.gwdch2.axi_wdch/grf.rf/gntv_or_sync_fifo.gcx.clkx/rd_pntr_cdc_inst/src_gray_ff_reg[1]} {AXI_CLK_CONVERTER/inst/gen_clock_conv.gen_async_conv.asyncfifo_axi/inst_fifo_gen/gaxi_full_lite.gwrite_ch.gwdch2.axi_wdch/grf.rf/gntv_or_sync_fifo.gcx.clkx/rd_pntr_cdc_inst/src_gray_ff_reg[2]} {AXI_CLK_CONVERTER/inst/gen_clock_conv.gen_async_conv.asyncfifo_axi/inst_fifo_gen/gaxi_full_lite.gwrite_ch.gwdch2.axi_wdch/grf.rf/gntv_or_sync_fifo.gcx.clkx/rd_pntr_cdc_inst/src_gray_ff_reg[3]}]] -to [get_cells [list {AXI_CLK_CONVERTER/inst/gen_clock_conv.gen_async_conv.asyncfifo_axi/inst_fifo_gen/gaxi_full_lite.gwrite_ch.gwdch2.axi_wdch/grf.rf/gntv_or_sync_fifo.gcx.clkx/rd_pntr_cdc_inst/dest_graysync_ff_reg[0][0]} {AXI_CLK_CONVERTER/inst/gen_clock_conv.gen_async_conv.asyncfifo_axi/inst_fifo_gen/gaxi_full_lite.gwrite_ch.gwdch2.axi_wdch/grf.rf/gntv_or_sync_fifo.gcx.clkx/rd_pntr_cdc_inst/dest_graysync_ff_reg[0][1]} {AXI_CLK_CONVERTER/inst/gen_clock_conv.gen_async_conv.asyncfifo_axi/inst_fifo_gen/gaxi_full_lite.gwrite_ch.gwdch2.axi_wdch/grf.rf/gntv_or_sync_fifo.gcx.clkx/rd_pntr_cdc_inst/dest_graysync_ff_reg[0][2]} {AXI_CLK_CONVERTER/inst/gen_clock_conv.gen_async_conv.asyncfifo_axi/inst_fifo_gen/gaxi_full_lite.gwrite_ch.gwdch2.axi_wdch/grf.rf/gntv_or_sync_fifo.gcx.clkx/rd_pntr_cdc_inst/dest_graysync_ff_reg[0][3]}]] 30.303
Requirement: 30.303ns
Endpoints: 4

From Clock            To Clock              Endpoint Pin                    Reference Pin                   Corner  Actual(ns)  Slack(ns)
--------------------  --------------------  ------------------------------  ------------------------------  ------  ----------  ---------
clk_out2_clk_pll_33   clk_out1_clk_pll_33   AXI_CLK_CONVERTER/inst/gen_clock_conv.gen_async_conv.asyncfifo_axi/inst_fifo_gen/gaxi_full_lite.gwrite_ch.gwdch2.axi_wdch/grf.rf/gntv_or_sync_fifo.gcx.clkx/rd_pntr_cdc_inst/dest_graysync_ff_reg[0][3]/D
                                                                            AXI_CLK_CONVERTER/inst/gen_clock_conv.gen_async_conv.asyncfifo_axi/inst_fifo_gen/gaxi_full_lite.gwrite_ch.gwdch2.axi_wdch/grf.rf/gntv_or_sync_fifo.gcx.clkx/rd_pntr_cdc_inst/dest_graysync_ff_reg[0][2]/D
                                                                                                            Slow         0.556     29.747


Slack (MET) :             29.747ns  (requirement - actual skew)
  Endpoint Source:        soc_top/axi_clock_converter_0/axi_clock_converter_0_axi_clock_converter_v2_1_35_axi_clock_converter/<hidden>/<hidden>/<hidden>/<hidden>/<hidden>/<hidden>
                            (rising edge-triggered cell FDRE clocked by clk_out2_clk_pll_33)
  Endpoint Destination:   soc_top/axi_clock_converter_0/axi_clock_converter_0_axi_clock_converter_v2_1_35_axi_clock_converter/<hidden>/<hidden>/<hidden>/<hidden>/<hidden>/<hidden>
                            (rising edge-triggered cell FDRE clocked by clk_out1_clk_pll_33)
  Reference Source:       soc_top/axi_clock_converter_0/axi_clock_converter_0_axi_clock_converter_v2_1_35_axi_clock_converter/<hidden>/<hidden>/<hidden>/<hidden>/<hidden>/<hidden>
                            (rising edge-triggered cell FDRE clocked by clk_out2_clk_pll_33)
  Reference Destination:  soc_top/axi_clock_converter_0/axi_clock_converter_0_axi_clock_converter_v2_1_35_axi_clock_converter/<hidden>/<hidden>/<hidden>/<hidden>/<hidden>/<hidden>
                            (rising edge-triggered cell FDRE clocked by clk_out1_clk_pll_33)
  Path Type:              Bus Skew (Max at Slow Process Corner)
  Requirement:            30.303ns
  Endpoint Relative Delay:    1.135ns
  Reference Relative Delay:   0.264ns
  Relative CRPR:              0.314ns
  Actual Bus Skew:            0.556ns  (Endpoint Relative Delay - Reference Relative Delay - Relative CRPR)

Endpoint path:
    Location             Delay type                Incr(ns)  Path(ns)    Netlist Resource(s)
  -------------------------------------------------------------------    -------------------
                         (clock clk_out2_clk_pll_33 rise edge)
                                                      0.000     0.000 r  
    AC19                                              0.000     0.000 r  clk (IN)
                         net (fo=0)                   0.000     0.000    clk
    AC19                 IBUF (Prop_ibuf_I_O)         1.416     1.416 r  clk_IBUF_inst/O
                         net (fo=3, routed)           2.602     4.018    clk_pll_33/inst/clk_in1
    BUFGCTRL_X0Y5        BUFG (Prop_bufg_I_O)         0.081     4.099 r  clk_pll_33/inst/clkin1_bufg/O
                         net (fo=1, routed)           1.536     5.635    clk_pll_33/inst/clk_in1_clk_pll_33
    PLLE2_ADV_X0Y2       PLLE2_ADV (Prop_plle2_adv_CLKIN1_CLKOUT1)
                                                     -3.173     2.461 r  clk_pll_33/inst/plle2_adv_inst/CLKOUT1
                         net (fo=1, routed)           1.557     4.018    clk_pll_33/inst/clk_out2_clk_pll_33
    BUFGCTRL_X0Y1        BUFG (Prop_bufg_I_O)         0.081     4.099 r  clk_pll_33/inst/clkout2_buf/O
                         net (fo=6628, routed)        1.484     5.583    soc_top/axi_clock_converter_0/axi_clock_converter_0_axi_clock_converter_v2_1_35_axi_clock_converter/<hidden>/<hidden>/<hidden>/<hidden>/<hidden>/<hidden>
    SLICE_X39Y145        FDRE                                         r  soc_top/axi_clock_converter_0/axi_clock_converter_0_axi_clock_converter_v2_1_35_axi_clock_converter/<hidden>/<hidden>/<hidden>/<hidden>/<hidden>/<hidden>
  -------------------------------------------------------------------    -------------------
    SLICE_X39Y145        FDRE (Prop_fdre_C_Q)         0.379     5.962 r  soc_top/axi_clock_converter_0/axi_clock_converter_0_axi_clock_converter_v2_1_35_axi_clock_converter/<hidden>/<hidden>/<hidden>/<hidden>/<hidden>/<hidden>
                         net (fo=1, routed)           0.498     6.459    soc_top/axi_clock_converter_0/axi_clock_converter_0_axi_clock_converter_v2_1_35_axi_clock_converter/<hidden>/<hidden>/<hidden>/<hidden>/<hidden>/<hidden>
    SLICE_X38Y145        FDRE                                         r  soc_top/axi_clock_converter_0/axi_clock_converter_0_axi_clock_converter_v2_1_35_axi_clock_converter/<hidden>/<hidden>/<hidden>/<hidden>/<hidden>/<hidden>
  -------------------------------------------------------------------    -------------------

                         (clock clk_out1_clk_pll_33 rise edge)
                                                      0.000     0.000 r  
    AC19                                              0.000     0.000 r  clk (IN)
                         net (fo=0)                   0.000     0.000    clk
    AC19                 IBUF (Prop_ibuf_I_O)         1.350     1.350 r  clk_IBUF_inst/O
                         net (fo=3, routed)           2.471     3.821    clk_pll_33/inst/clk_in1
    BUFGCTRL_X0Y5        BUFG (Prop_bufg_I_O)         0.077     3.898 r  clk_pll_33/inst/clkin1_bufg/O
                         net (fo=1, routed)           1.434     5.331    clk_pll_33/inst/clk_in1_clk_pll_33
    PLLE2_ADV_X0Y2       PLLE2_ADV (Prop_plle2_adv_CLKIN1_CLKOUT0)
                                                     -2.995     2.336 r  clk_pll_33/inst/plle2_adv_inst/CLKOUT0
                         net (fo=1, routed)           1.484     3.821    clk_pll_33/inst/clk_out1_clk_pll_33
    BUFGCTRL_X0Y0        BUFG (Prop_bufg_I_O)         0.077     3.898 r  clk_pll_33/inst/clkout1_buf/O
                         net (fo=7157, routed)        1.375     5.272    soc_top/axi_clock_converter_0/axi_clock_converter_0_axi_clock_converter_v2_1_35_axi_clock_converter/<hidden>/<hidden>/<hidden>/<hidden>/<hidden>/<hidden>
    SLICE_X38Y145        FDRE                                         r  soc_top/axi_clock_converter_0/axi_clock_converter_0_axi_clock_converter_v2_1_35_axi_clock_converter/<hidden>/<hidden>/<hidden>/<hidden>/<hidden>/<hidden>
                         clock pessimism              0.125     5.397    
    SLICE_X38Y145        FDRE (Setup_fdre_C_D)       -0.073     5.324    soc_top/axi_clock_converter_0/axi_clock_converter_0_axi_clock_converter_v2_1_35_axi_clock_converter/<hidden>/<hidden>/<hidden>/<hidden>/<hidden>/<hidden>
  -------------------------------------------------------------------
                         data arrival                           6.459    
                         clock arrival                          5.324    
  -------------------------------------------------------------------
                         relative delay                         1.135    

Reference path:
    Location             Delay type                Incr(ns)  Path(ns)    Netlist Resource(s)
  -------------------------------------------------------------------    -------------------
                         (clock clk_out2_clk_pll_33 rise edge)
                                                      0.000     0.000 r  
    AC19                                              0.000     0.000 r  clk (IN)
                         net (fo=0)                   0.000     0.000    clk
    AC19                 IBUF (Prop_ibuf_I_O)         1.350     1.350 r  clk_IBUF_inst/O
                         net (fo=3, routed)           2.471     3.821    clk_pll_33/inst/clk_in1
    BUFGCTRL_X0Y5        BUFG (Prop_bufg_I_O)         0.077     3.898 r  clk_pll_33/inst/clkin1_bufg/O
                         net (fo=1, routed)           1.434     5.331    clk_pll_33/inst/clk_in1_clk_pll_33
    PLLE2_ADV_X0Y2       PLLE2_ADV (Prop_plle2_adv_CLKIN1_CLKOUT1)
                                                     -2.995     2.336 r  clk_pll_33/inst/plle2_adv_inst/CLKOUT1
                         net (fo=1, routed)           1.484     3.821    clk_pll_33/inst/clk_out2_clk_pll_33
    BUFGCTRL_X0Y1        BUFG (Prop_bufg_I_O)         0.077     3.898 r  clk_pll_33/inst/clkout2_buf/O
                         net (fo=6628, routed)        1.375     5.272    soc_top/axi_clock_converter_0/axi_clock_converter_0_axi_clock_converter_v2_1_35_axi_clock_converter/<hidden>/<hidden>/<hidden>/<hidden>/<hidden>/<hidden>
    SLICE_X41Y144        FDRE                                         r  soc_top/axi_clock_converter_0/axi_clock_converter_0_axi_clock_converter_v2_1_35_axi_clock_converter/<hidden>/<hidden>/<hidden>/<hidden>/<hidden>/<hidden>
  -------------------------------------------------------------------    -------------------
    SLICE_X41Y144        FDRE (Prop_fdre_C_Q)         0.304     5.576 r  soc_top/axi_clock_converter_0/axi_clock_converter_0_axi_clock_converter_v2_1_35_axi_clock_converter/<hidden>/<hidden>/<hidden>/<hidden>/<hidden>/<hidden>
                         net (fo=1, routed)           0.281     5.858    soc_top/axi_clock_converter_0/axi_clock_converter_0_axi_clock_converter_v2_1_35_axi_clock_converter/<hidden>/<hidden>/<hidden>/<hidden>/<hidden>/<hidden>
    SLICE_X39Y144        FDRE                                         r  soc_top/axi_clock_converter_0/axi_clock_converter_0_axi_clock_converter_v2_1_35_axi_clock_converter/<hidden>/<hidden>/<hidden>/<hidden>/<hidden>/<hidden>
  -------------------------------------------------------------------    -------------------

                         (clock clk_out1_clk_pll_33 rise edge)
                                                      0.000     0.000 r  
    AC19                                              0.000     0.000 r  clk (IN)
                         net (fo=0)                   0.000     0.000    clk
    AC19                 IBUF (Prop_ibuf_I_O)         1.416     1.416 r  clk_IBUF_inst/O
                         net (fo=3, routed)           2.602     4.018    clk_pll_33/inst/clk_in1
    BUFGCTRL_X0Y5        BUFG (Prop_bufg_I_O)         0.081     4.099 r  clk_pll_33/inst/clkin1_bufg/O
                         net (fo=1, routed)           1.536     5.635    clk_pll_33/inst/clk_in1_clk_pll_33
    PLLE2_ADV_X0Y2       PLLE2_ADV (Prop_plle2_adv_CLKIN1_CLKOUT0)
                                                     -3.173     2.461 r  clk_pll_33/inst/plle2_adv_inst/CLKOUT0
                         net (fo=1, routed)           1.557     4.018    clk_pll_33/inst/clk_out1_clk_pll_33
    BUFGCTRL_X0Y0        BUFG (Prop_bufg_I_O)         0.081     4.099 r  clk_pll_33/inst/clkout1_buf/O
                         net (fo=7157, routed)        1.484     5.583    soc_top/axi_clock_converter_0/axi_clock_converter_0_axi_clock_converter_v2_1_35_axi_clock_converter/<hidden>/<hidden>/<hidden>/<hidden>/<hidden>/<hidden>
    SLICE_X39Y144        FDRE                                         r  soc_top/axi_clock_converter_0/axi_clock_converter_0_axi_clock_converter_v2_1_35_axi_clock_converter/<hidden>/<hidden>/<hidden>/<hidden>/<hidden>/<hidden>
                         clock pessimism             -0.125     5.458    
    SLICE_X39Y144        FDRE (Hold_fdre_C_D)         0.136     5.594    soc_top/axi_clock_converter_0/axi_clock_converter_0_axi_clock_converter_v2_1_35_axi_clock_converter/<hidden>/<hidden>/<hidden>/<hidden>/<hidden>/<hidden>
  -------------------------------------------------------------------
                         data arrival                           5.858    
                         clock arrival                          5.594    
  -------------------------------------------------------------------
                         relative delay                         0.264    



Id: 4
set_bus_skew -from [get_cells [list {AXI_CLK_CONVERTER/inst/gen_clock_conv.gen_async_conv.asyncfifo_axi/inst_fifo_gen/gaxi_full_lite.gwrite_ch.gwrch2.axi_wrch/grf.rf/gntv_or_sync_fifo.gcx.clkx/rd_pntr_cdc_inst/src_gray_ff_reg[0]} {AXI_CLK_CONVERTER/inst/gen_clock_conv.gen_async_conv.asyncfifo_axi/inst_fifo_gen/gaxi_full_lite.gwrite_ch.gwrch2.axi_wrch/grf.rf/gntv_or_sync_fifo.gcx.clkx/rd_pntr_cdc_inst/src_gray_ff_reg[1]} {AXI_CLK_CONVERTER/inst/gen_clock_conv.gen_async_conv.asyncfifo_axi/inst_fifo_gen/gaxi_full_lite.gwrite_ch.gwrch2.axi_wrch/grf.rf/gntv_or_sync_fifo.gcx.clkx/rd_pntr_cdc_inst/src_gray_ff_reg[2]} {AXI_CLK_CONVERTER/inst/gen_clock_conv.gen_async_conv.asyncfifo_axi/inst_fifo_gen/gaxi_full_lite.gwrite_ch.gwrch2.axi_wrch/grf.rf/gntv_or_sync_fifo.gcx.clkx/rd_pntr_cdc_inst/src_gray_ff_reg[3]}]] -to [get_cells [list {AXI_CLK_CONVERTER/inst/gen_clock_conv.gen_async_conv.asyncfifo_axi/inst_fifo_gen/gaxi_full_lite.gwrite_ch.gwrch2.axi_wrch/grf.rf/gntv_or_sync_fifo.gcx.clkx/rd_pntr_cdc_inst/dest_graysync_ff_reg[0][0]} {AXI_CLK_CONVERTER/inst/gen_clock_conv.gen_async_conv.asyncfifo_axi/inst_fifo_gen/gaxi_full_lite.gwrite_ch.gwrch2.axi_wrch/grf.rf/gntv_or_sync_fifo.gcx.clkx/rd_pntr_cdc_inst/dest_graysync_ff_reg[0][1]} {AXI_CLK_CONVERTER/inst/gen_clock_conv.gen_async_conv.asyncfifo_axi/inst_fifo_gen/gaxi_full_lite.gwrite_ch.gwrch2.axi_wrch/grf.rf/gntv_or_sync_fifo.gcx.clkx/rd_pntr_cdc_inst/dest_graysync_ff_reg[0][2]} {AXI_CLK_CONVERTER/inst/gen_clock_conv.gen_async_conv.asyncfifo_axi/inst_fifo_gen/gaxi_full_lite.gwrite_ch.gwrch2.axi_wrch/grf.rf/gntv_or_sync_fifo.gcx.clkx/rd_pntr_cdc_inst/dest_graysync_ff_reg[0][3]}]] 30.303
Requirement: 30.303ns
Endpoints: 4

From Clock            To Clock              Endpoint Pin                    Reference Pin                   Corner  Actual(ns)  Slack(ns)
--------------------  --------------------  ------------------------------  ------------------------------  ------  ----------  ---------
clk_out1_clk_pll_33   clk_out2_clk_pll_33   AXI_CLK_CONVERTER/inst/gen_clock_conv.gen_async_conv.asyncfifo_axi/inst_fifo_gen/gaxi_full_lite.gwrite_ch.gwrch2.axi_wrch/grf.rf/gntv_or_sync_fifo.gcx.clkx/rd_pntr_cdc_inst/dest_graysync_ff_reg[0][2]/D
                                                                            AXI_CLK_CONVERTER/inst/gen_clock_conv.gen_async_conv.asyncfifo_axi/inst_fifo_gen/gaxi_full_lite.gwrite_ch.gwrch2.axi_wrch/grf.rf/gntv_or_sync_fifo.gcx.clkx/rd_pntr_cdc_inst/dest_graysync_ff_reg[0][3]/D
                                                                                                            Slow         0.589     29.714


Slack (MET) :             29.714ns  (requirement - actual skew)
  Endpoint Source:        soc_top/axi_clock_converter_0/axi_clock_converter_0_axi_clock_converter_v2_1_35_axi_clock_converter/<hidden>/<hidden>/<hidden>/<hidden>/<hidden>/<hidden>
                            (rising edge-triggered cell FDRE clocked by clk_out1_clk_pll_33)
  Endpoint Destination:   soc_top/axi_clock_converter_0/axi_clock_converter_0_axi_clock_converter_v2_1_35_axi_clock_converter/<hidden>/<hidden>/<hidden>/<hidden>/<hidden>/<hidden>
                            (rising edge-triggered cell FDRE clocked by clk_out2_clk_pll_33)
  Reference Source:       soc_top/axi_clock_converter_0/axi_clock_converter_0_axi_clock_converter_v2_1_35_axi_clock_converter/<hidden>/<hidden>/<hidden>/<hidden>/<hidden>/<hidden>
                            (rising edge-triggered cell FDRE clocked by clk_out1_clk_pll_33)
  Reference Destination:  soc_top/axi_clock_converter_0/axi_clock_converter_0_axi_clock_converter_v2_1_35_axi_clock_converter/<hidden>/<hidden>/<hidden>/<hidden>/<hidden>/<hidden>
                            (rising edge-triggered cell FDRE clocked by clk_out2_clk_pll_33)
  Path Type:              Bus Skew (Max at Slow Process Corner)
  Requirement:            30.303ns
  Endpoint Relative Delay:    1.169ns
  Reference Relative Delay:   0.263ns
  Relative CRPR:              0.316ns
  Actual Bus Skew:            0.589ns  (Endpoint Relative Delay - Reference Relative Delay - Relative CRPR)

Endpoint path:
    Location             Delay type                Incr(ns)  Path(ns)    Netlist Resource(s)
  -------------------------------------------------------------------    -------------------
                         (clock clk_out1_clk_pll_33 rise edge)
                                                      0.000     0.000 r  
    AC19                                              0.000     0.000 r  clk (IN)
                         net (fo=0)                   0.000     0.000    clk
    AC19                 IBUF (Prop_ibuf_I_O)         1.416     1.416 r  clk_IBUF_inst/O
                         net (fo=3, routed)           2.602     4.018    clk_pll_33/inst/clk_in1
    BUFGCTRL_X0Y5        BUFG (Prop_bufg_I_O)         0.081     4.099 r  clk_pll_33/inst/clkin1_bufg/O
                         net (fo=1, routed)           1.536     5.635    clk_pll_33/inst/clk_in1_clk_pll_33
    PLLE2_ADV_X0Y2       PLLE2_ADV (Prop_plle2_adv_CLKIN1_CLKOUT0)
                                                     -3.173     2.461 r  clk_pll_33/inst/plle2_adv_inst/CLKOUT0
                         net (fo=1, routed)           1.557     4.018    clk_pll_33/inst/clk_out1_clk_pll_33
    BUFGCTRL_X0Y0        BUFG (Prop_bufg_I_O)         0.081     4.099 r  clk_pll_33/inst/clkout1_buf/O
                         net (fo=7157, routed)        1.500     5.599    soc_top/axi_clock_converter_0/axi_clock_converter_0_axi_clock_converter_v2_1_35_axi_clock_converter/<hidden>/<hidden>/<hidden>/<hidden>/<hidden>/<hidden>
    SLICE_X16Y145        FDRE                                         r  soc_top/axi_clock_converter_0/axi_clock_converter_0_axi_clock_converter_v2_1_35_axi_clock_converter/<hidden>/<hidden>/<hidden>/<hidden>/<hidden>/<hidden>
  -------------------------------------------------------------------    -------------------
    SLICE_X16Y145        FDRE (Prop_fdre_C_Q)         0.433     6.032 r  soc_top/axi_clock_converter_0/axi_clock_converter_0_axi_clock_converter_v2_1_35_axi_clock_converter/<hidden>/<hidden>/<hidden>/<hidden>/<hidden>/<hidden>
                         net (fo=1, routed)           0.476     6.508    soc_top/axi_clock_converter_0/axi_clock_converter_0_axi_clock_converter_v2_1_35_axi_clock_converter/<hidden>/<hidden>/<hidden>/<hidden>/<hidden>/<hidden>
    SLICE_X17Y145        FDRE                                         r  soc_top/axi_clock_converter_0/axi_clock_converter_0_axi_clock_converter_v2_1_35_axi_clock_converter/<hidden>/<hidden>/<hidden>/<hidden>/<hidden>/<hidden>
  -------------------------------------------------------------------    -------------------

                         (clock clk_out2_clk_pll_33 rise edge)
                                                      0.000     0.000 r  
    AC19                                              0.000     0.000 r  clk (IN)
                         net (fo=0)                   0.000     0.000    clk
    AC19                 IBUF (Prop_ibuf_I_O)         1.350     1.350 r  clk_IBUF_inst/O
                         net (fo=3, routed)           2.471     3.821    clk_pll_33/inst/clk_in1
    BUFGCTRL_X0Y5        BUFG (Prop_bufg_I_O)         0.077     3.898 r  clk_pll_33/inst/clkin1_bufg/O
                         net (fo=1, routed)           1.434     5.331    clk_pll_33/inst/clk_in1_clk_pll_33
    PLLE2_ADV_X0Y2       PLLE2_ADV (Prop_plle2_adv_CLKIN1_CLKOUT1)
                                                     -2.995     2.336 r  clk_pll_33/inst/plle2_adv_inst/CLKOUT1
                         net (fo=1, routed)           1.484     3.821    clk_pll_33/inst/clk_out2_clk_pll_33
    BUFGCTRL_X0Y1        BUFG (Prop_bufg_I_O)         0.077     3.898 r  clk_pll_33/inst/clkout2_buf/O
                         net (fo=6628, routed)        1.390     5.287    soc_top/axi_clock_converter_0/axi_clock_converter_0_axi_clock_converter_v2_1_35_axi_clock_converter/<hidden>/<hidden>/<hidden>/<hidden>/<hidden>/<hidden>
    SLICE_X17Y145        FDRE                                         r  soc_top/axi_clock_converter_0/axi_clock_converter_0_axi_clock_converter_v2_1_35_axi_clock_converter/<hidden>/<hidden>/<hidden>/<hidden>/<hidden>/<hidden>
                         clock pessimism              0.125     5.412    
    SLICE_X17Y145        FDRE (Setup_fdre_C_D)       -0.073     5.339    soc_top/axi_clock_converter_0/axi_clock_converter_0_axi_clock_converter_v2_1_35_axi_clock_converter/<hidden>/<hidden>/<hidden>/<hidden>/<hidden>/<hidden>
  -------------------------------------------------------------------
                         data arrival                           6.508    
                         clock arrival                          5.339    
  -------------------------------------------------------------------
                         relative delay                         1.169    

Reference path:
    Location             Delay type                Incr(ns)  Path(ns)    Netlist Resource(s)
  -------------------------------------------------------------------    -------------------
                         (clock clk_out1_clk_pll_33 rise edge)
                                                      0.000     0.000 r  
    AC19                                              0.000     0.000 r  clk (IN)
                         net (fo=0)                   0.000     0.000    clk
    AC19                 IBUF (Prop_ibuf_I_O)         1.350     1.350 r  clk_IBUF_inst/O
                         net (fo=3, routed)           2.471     3.821    clk_pll_33/inst/clk_in1
    BUFGCTRL_X0Y5        BUFG (Prop_bufg_I_O)         0.077     3.898 r  clk_pll_33/inst/clkin1_bufg/O
                         net (fo=1, routed)           1.434     5.331    clk_pll_33/inst/clk_in1_clk_pll_33
    PLLE2_ADV_X0Y2       PLLE2_ADV (Prop_plle2_adv_CLKIN1_CLKOUT0)
                                                     -2.995     2.336 r  clk_pll_33/inst/plle2_adv_inst/CLKOUT0
                         net (fo=1, routed)           1.484     3.821    clk_pll_33/inst/clk_out1_clk_pll_33
    BUFGCTRL_X0Y0        BUFG (Prop_bufg_I_O)         0.077     3.898 r  clk_pll_33/inst/clkout1_buf/O
                         net (fo=7157, routed)        1.390     5.287    soc_top/axi_clock_converter_0/axi_clock_converter_0_axi_clock_converter_v2_1_35_axi_clock_converter/<hidden>/<hidden>/<hidden>/<hidden>/<hidden>/<hidden>
    SLICE_X18Y145        FDRE                                         r  soc_top/axi_clock_converter_0/axi_clock_converter_0_axi_clock_converter_v2_1_35_axi_clock_converter/<hidden>/<hidden>/<hidden>/<hidden>/<hidden>/<hidden>
  -------------------------------------------------------------------    -------------------
    SLICE_X18Y145        FDRE (Prop_fdre_C_Q)         0.347     5.634 r  soc_top/axi_clock_converter_0/axi_clock_converter_0_axi_clock_converter_v2_1_35_axi_clock_converter/<hidden>/<hidden>/<hidden>/<hidden>/<hidden>/<hidden>
                         net (fo=1, routed)           0.289     5.924    soc_top/axi_clock_converter_0/axi_clock_converter_0_axi_clock_converter_v2_1_35_axi_clock_converter/<hidden>/<hidden>/<hidden>/<hidden>/<hidden>/<hidden>
    SLICE_X18Y146        FDRE                                         r  soc_top/axi_clock_converter_0/axi_clock_converter_0_axi_clock_converter_v2_1_35_axi_clock_converter/<hidden>/<hidden>/<hidden>/<hidden>/<hidden>/<hidden>
  -------------------------------------------------------------------    -------------------

                         (clock clk_out2_clk_pll_33 rise edge)
                                                      0.000     0.000 r  
    AC19                                              0.000     0.000 r  clk (IN)
                         net (fo=0)                   0.000     0.000    clk
    AC19                 IBUF (Prop_ibuf_I_O)         1.416     1.416 r  clk_IBUF_inst/O
                         net (fo=3, routed)           2.602     4.018    clk_pll_33/inst/clk_in1
    BUFGCTRL_X0Y5        BUFG (Prop_bufg_I_O)         0.081     4.099 r  clk_pll_33/inst/clkin1_bufg/O
                         net (fo=1, routed)           1.536     5.635    clk_pll_33/inst/clk_in1_clk_pll_33
    PLLE2_ADV_X0Y2       PLLE2_ADV (Prop_plle2_adv_CLKIN1_CLKOUT1)
                                                     -3.173     2.461 r  clk_pll_33/inst/plle2_adv_inst/CLKOUT1
                         net (fo=1, routed)           1.557     4.018    clk_pll_33/inst/clk_out2_clk_pll_33
    BUFGCTRL_X0Y1        BUFG (Prop_bufg_I_O)         0.081     4.099 r  clk_pll_33/inst/clkout2_buf/O
                         net (fo=6628, routed)        1.500     5.599    soc_top/axi_clock_converter_0/axi_clock_converter_0_axi_clock_converter_v2_1_35_axi_clock_converter/<hidden>/<hidden>/<hidden>/<hidden>/<hidden>/<hidden>
    SLICE_X18Y146        FDRE                                         r  soc_top/axi_clock_converter_0/axi_clock_converter_0_axi_clock_converter_v2_1_35_axi_clock_converter/<hidden>/<hidden>/<hidden>/<hidden>/<hidden>/<hidden>
                         clock pessimism             -0.125     5.474    
    SLICE_X18Y146        FDRE (Hold_fdre_C_D)         0.187     5.661    soc_top/axi_clock_converter_0/axi_clock_converter_0_axi_clock_converter_v2_1_35_axi_clock_converter/<hidden>/<hidden>/<hidden>/<hidden>/<hidden>/<hidden>
  -------------------------------------------------------------------
                         data arrival                           5.924    
                         clock arrival                          5.661    
  -------------------------------------------------------------------
                         relative delay                         0.263    



Id: 5
set_bus_skew -from [get_cells [list {AXI_CLK_CONVERTER/inst/gen_clock_conv.gen_async_conv.asyncfifo_axi/inst_fifo_gen/gaxi_full_lite.gwrite_ch.gwach2.axi_wach/grf.rf/gntv_or_sync_fifo.gcx.clkx/rd_pntr_cdc_inst/src_gray_ff_reg[0]} {AXI_CLK_CONVERTER/inst/gen_clock_conv.gen_async_conv.asyncfifo_axi/inst_fifo_gen/gaxi_full_lite.gwrite_ch.gwach2.axi_wach/grf.rf/gntv_or_sync_fifo.gcx.clkx/rd_pntr_cdc_inst/src_gray_ff_reg[1]} {AXI_CLK_CONVERTER/inst/gen_clock_conv.gen_async_conv.asyncfifo_axi/inst_fifo_gen/gaxi_full_lite.gwrite_ch.gwach2.axi_wach/grf.rf/gntv_or_sync_fifo.gcx.clkx/rd_pntr_cdc_inst/src_gray_ff_reg[2]} {AXI_CLK_CONVERTER/inst/gen_clock_conv.gen_async_conv.asyncfifo_axi/inst_fifo_gen/gaxi_full_lite.gwrite_ch.gwach2.axi_wach/grf.rf/gntv_or_sync_fifo.gcx.clkx/rd_pntr_cdc_inst/src_gray_ff_reg[3]}]] -to [get_cells [list {AXI_CLK_CONVERTER/inst/gen_clock_conv.gen_async_conv.asyncfifo_axi/inst_fifo_gen/gaxi_full_lite.gwrite_ch.gwach2.axi_wach/grf.rf/gntv_or_sync_fifo.gcx.clkx/rd_pntr_cdc_inst/dest_graysync_ff_reg[0][0]} {AXI_CLK_CONVERTER/inst/gen_clock_conv.gen_async_conv.asyncfifo_axi/inst_fifo_gen/gaxi_full_lite.gwrite_ch.gwach2.axi_wach/grf.rf/gntv_or_sync_fifo.gcx.clkx/rd_pntr_cdc_inst/dest_graysync_ff_reg[0][1]} {AXI_CLK_CONVERTER/inst/gen_clock_conv.gen_async_conv.asyncfifo_axi/inst_fifo_gen/gaxi_full_lite.gwrite_ch.gwach2.axi_wach/grf.rf/gntv_or_sync_fifo.gcx.clkx/rd_pntr_cdc_inst/dest_graysync_ff_reg[0][2]} {AXI_CLK_CONVERTER/inst/gen_clock_conv.gen_async_conv.asyncfifo_axi/inst_fifo_gen/gaxi_full_lite.gwrite_ch.gwach2.axi_wach/grf.rf/gntv_or_sync_fifo.gcx.clkx/rd_pntr_cdc_inst/dest_graysync_ff_reg[0][3]}]] 30.303
Requirement: 30.303ns
Endpoints: 4

From Clock            To Clock              Endpoint Pin                    Reference Pin                   Corner  Actual(ns)  Slack(ns)
--------------------  --------------------  ------------------------------  ------------------------------  ------  ----------  ---------
clk_out2_clk_pll_33   clk_out1_clk_pll_33   AXI_CLK_CONVERTER/inst/gen_clock_conv.gen_async_conv.asyncfifo_axi/inst_fifo_gen/gaxi_full_lite.gwrite_ch.gwach2.axi_wach/grf.rf/gntv_or_sync_fifo.gcx.clkx/rd_pntr_cdc_inst/dest_graysync_ff_reg[0][1]/D
                                                                            AXI_CLK_CONVERTER/inst/gen_clock_conv.gen_async_conv.asyncfifo_axi/inst_fifo_gen/gaxi_full_lite.gwrite_ch.gwach2.axi_wach/grf.rf/gntv_or_sync_fifo.gcx.clkx/rd_pntr_cdc_inst/dest_graysync_ff_reg[0][0]/D
                                                                                                            Slow         0.674     29.629


Slack (MET) :             29.629ns  (requirement - actual skew)
  Endpoint Source:        soc_top/axi_clock_converter_0/axi_clock_converter_0_axi_clock_converter_v2_1_35_axi_clock_converter/<hidden>/<hidden>/<hidden>/<hidden>/<hidden>/<hidden>
                            (rising edge-triggered cell FDRE clocked by clk_out2_clk_pll_33)
  Endpoint Destination:   soc_top/axi_clock_converter_0/axi_clock_converter_0_axi_clock_converter_v2_1_35_axi_clock_converter/<hidden>/<hidden>/<hidden>/<hidden>/<hidden>/<hidden>
                            (rising edge-triggered cell FDRE clocked by clk_out1_clk_pll_33)
  Reference Source:       soc_top/axi_clock_converter_0/axi_clock_converter_0_axi_clock_converter_v2_1_35_axi_clock_converter/<hidden>/<hidden>/<hidden>/<hidden>/<hidden>/<hidden>
                            (rising edge-triggered cell FDRE clocked by clk_out2_clk_pll_33)
  Reference Destination:  soc_top/axi_clock_converter_0/axi_clock_converter_0_axi_clock_converter_v2_1_35_axi_clock_converter/<hidden>/<hidden>/<hidden>/<hidden>/<hidden>/<hidden>
                            (rising edge-triggered cell FDRE clocked by clk_out1_clk_pll_33)
  Path Type:              Bus Skew (Max at Slow Process Corner)
  Requirement:            30.303ns
  Endpoint Relative Delay:    1.202ns
  Reference Relative Delay:   0.155ns
  Relative CRPR:              0.373ns
  Actual Bus Skew:            0.674ns  (Endpoint Relative Delay - Reference Relative Delay - Relative CRPR)

Endpoint path:
    Location             Delay type                Incr(ns)  Path(ns)    Netlist Resource(s)
  -------------------------------------------------------------------    -------------------
                         (clock clk_out2_clk_pll_33 rise edge)
                                                      0.000     0.000 r  
    AC19                                              0.000     0.000 r  clk (IN)
                         net (fo=0)                   0.000     0.000    clk
    AC19                 IBUF (Prop_ibuf_I_O)         1.416     1.416 r  clk_IBUF_inst/O
                         net (fo=3, routed)           2.602     4.018    clk_pll_33/inst/clk_in1
    BUFGCTRL_X0Y5        BUFG (Prop_bufg_I_O)         0.081     4.099 r  clk_pll_33/inst/clkin1_bufg/O
                         net (fo=1, routed)           1.536     5.635    clk_pll_33/inst/clk_in1_clk_pll_33
    PLLE2_ADV_X0Y2       PLLE2_ADV (Prop_plle2_adv_CLKIN1_CLKOUT1)
                                                     -3.173     2.461 r  clk_pll_33/inst/plle2_adv_inst/CLKOUT1
                         net (fo=1, routed)           1.557     4.018    clk_pll_33/inst/clk_out2_clk_pll_33
    BUFGCTRL_X0Y1        BUFG (Prop_bufg_I_O)         0.081     4.099 r  clk_pll_33/inst/clkout2_buf/O
                         net (fo=6628, routed)        1.398     5.497    soc_top/axi_clock_converter_0/axi_clock_converter_0_axi_clock_converter_v2_1_35_axi_clock_converter/<hidden>/<hidden>/<hidden>/<hidden>/<hidden>/<hidden>
    SLICE_X47Y151        FDRE                                         r  soc_top/axi_clock_converter_0/axi_clock_converter_0_axi_clock_converter_v2_1_35_axi_clock_converter/<hidden>/<hidden>/<hidden>/<hidden>/<hidden>/<hidden>
  -------------------------------------------------------------------    -------------------
    SLICE_X47Y151        FDRE (Prop_fdre_C_Q)         0.348     5.845 r  soc_top/axi_clock_converter_0/axi_clock_converter_0_axi_clock_converter_v2_1_35_axi_clock_converter/<hidden>/<hidden>/<hidden>/<hidden>/<hidden>/<hidden>
                         net (fo=1, routed)           0.501     6.346    soc_top/axi_clock_converter_0/axi_clock_converter_0_axi_clock_converter_v2_1_35_axi_clock_converter/<hidden>/<hidden>/<hidden>/<hidden>/<hidden>/<hidden>
    SLICE_X46Y151        FDRE                                         r  soc_top/axi_clock_converter_0/axi_clock_converter_0_axi_clock_converter_v2_1_35_axi_clock_converter/<hidden>/<hidden>/<hidden>/<hidden>/<hidden>/<hidden>
  -------------------------------------------------------------------    -------------------

                         (clock clk_out1_clk_pll_33 rise edge)
                                                      0.000     0.000 r  
    AC19                                              0.000     0.000 r  clk (IN)
                         net (fo=0)                   0.000     0.000    clk
    AC19                 IBUF (Prop_ibuf_I_O)         1.350     1.350 r  clk_IBUF_inst/O
                         net (fo=3, routed)           2.471     3.821    clk_pll_33/inst/clk_in1
    BUFGCTRL_X0Y5        BUFG (Prop_bufg_I_O)         0.077     3.898 r  clk_pll_33/inst/clkin1_bufg/O
                         net (fo=1, routed)           1.434     5.331    clk_pll_33/inst/clk_in1_clk_pll_33
    PLLE2_ADV_X0Y2       PLLE2_ADV (Prop_plle2_adv_CLKIN1_CLKOUT0)
                                                     -2.995     2.336 r  clk_pll_33/inst/plle2_adv_inst/CLKOUT0
                         net (fo=1, routed)           1.484     3.821    clk_pll_33/inst/clk_out1_clk_pll_33
    BUFGCTRL_X0Y0        BUFG (Prop_bufg_I_O)         0.077     3.898 r  clk_pll_33/inst/clkout1_buf/O
                         net (fo=7157, routed)        1.288     5.186    soc_top/axi_clock_converter_0/axi_clock_converter_0_axi_clock_converter_v2_1_35_axi_clock_converter/<hidden>/<hidden>/<hidden>/<hidden>/<hidden>/<hidden>
    SLICE_X46Y151        FDRE                                         r  soc_top/axi_clock_converter_0/axi_clock_converter_0_axi_clock_converter_v2_1_35_axi_clock_converter/<hidden>/<hidden>/<hidden>/<hidden>/<hidden>/<hidden>
                         clock pessimism              0.125     5.311    
    SLICE_X46Y151        FDRE (Setup_fdre_C_D)       -0.166     5.145    soc_top/axi_clock_converter_0/axi_clock_converter_0_axi_clock_converter_v2_1_35_axi_clock_converter/<hidden>/<hidden>/<hidden>/<hidden>/<hidden>/<hidden>
  -------------------------------------------------------------------
                         data arrival                           6.346    
                         clock arrival                          5.145    
  -------------------------------------------------------------------
                         relative delay                         1.202    

Reference path:
    Location             Delay type                Incr(ns)  Path(ns)    Netlist Resource(s)
  -------------------------------------------------------------------    -------------------
                         (clock clk_out2_clk_pll_33 rise edge)
                                                      0.000     0.000 r  
    AC19                                              0.000     0.000 r  clk (IN)
                         net (fo=0)                   0.000     0.000    clk
    AC19                 IBUF (Prop_ibuf_I_O)         1.350     1.350 r  clk_IBUF_inst/O
                         net (fo=3, routed)           2.471     3.821    clk_pll_33/inst/clk_in1
    BUFGCTRL_X0Y5        BUFG (Prop_bufg_I_O)         0.077     3.898 r  clk_pll_33/inst/clkin1_bufg/O
                         net (fo=1, routed)           1.434     5.331    clk_pll_33/inst/clk_in1_clk_pll_33
    PLLE2_ADV_X0Y2       PLLE2_ADV (Prop_plle2_adv_CLKIN1_CLKOUT1)
                                                     -2.995     2.336 r  clk_pll_33/inst/plle2_adv_inst/CLKOUT1
                         net (fo=1, routed)           1.484     3.821    clk_pll_33/inst/clk_out2_clk_pll_33
    BUFGCTRL_X0Y1        BUFG (Prop_bufg_I_O)         0.077     3.898 r  clk_pll_33/inst/clkout2_buf/O
                         net (fo=6628, routed)        1.288     5.186    soc_top/axi_clock_converter_0/axi_clock_converter_0_axi_clock_converter_v2_1_35_axi_clock_converter/<hidden>/<hidden>/<hidden>/<hidden>/<hidden>/<hidden>
    SLICE_X47Y151        FDRE                                         r  soc_top/axi_clock_converter_0/axi_clock_converter_0_axi_clock_converter_v2_1_35_axi_clock_converter/<hidden>/<hidden>/<hidden>/<hidden>/<hidden>/<hidden>
  -------------------------------------------------------------------    -------------------
    SLICE_X47Y151        FDRE (Prop_fdre_C_Q)         0.304     5.490 r  soc_top/axi_clock_converter_0/axi_clock_converter_0_axi_clock_converter_v2_1_35_axi_clock_converter/<hidden>/<hidden>/<hidden>/<hidden>/<hidden>/<hidden>
                         net (fo=1, routed)           0.224     5.714    soc_top/axi_clock_converter_0/axi_clock_converter_0_axi_clock_converter_v2_1_35_axi_clock_converter/<hidden>/<hidden>/<hidden>/<hidden>/<hidden>/<hidden>
    SLICE_X46Y151        FDRE                                         r  soc_top/axi_clock_converter_0/axi_clock_converter_0_axi_clock_converter_v2_1_35_axi_clock_converter/<hidden>/<hidden>/<hidden>/<hidden>/<hidden>/<hidden>
  -------------------------------------------------------------------    -------------------

                         (clock clk_out1_clk_pll_33 rise edge)
                                                      0.000     0.000 r  
    AC19                                              0.000     0.000 r  clk (IN)
                         net (fo=0)                   0.000     0.000    clk
    AC19                 IBUF (Prop_ibuf_I_O)         1.416     1.416 r  clk_IBUF_inst/O
                         net (fo=3, routed)           2.602     4.018    clk_pll_33/inst/clk_in1
    BUFGCTRL_X0Y5        BUFG (Prop_bufg_I_O)         0.081     4.099 r  clk_pll_33/inst/clkin1_bufg/O
                         net (fo=1, routed)           1.536     5.635    clk_pll_33/inst/clk_in1_clk_pll_33
    PLLE2_ADV_X0Y2       PLLE2_ADV (Prop_plle2_adv_CLKIN1_CLKOUT0)
                                                     -3.173     2.461 r  clk_pll_33/inst/plle2_adv_inst/CLKOUT0
                         net (fo=1, routed)           1.557     4.018    clk_pll_33/inst/clk_out1_clk_pll_33
    BUFGCTRL_X0Y0        BUFG (Prop_bufg_I_O)         0.081     4.099 r  clk_pll_33/inst/clkout1_buf/O
                         net (fo=7157, routed)        1.398     5.497    soc_top/axi_clock_converter_0/axi_clock_converter_0_axi_clock_converter_v2_1_35_axi_clock_converter/<hidden>/<hidden>/<hidden>/<hidden>/<hidden>/<hidden>
    SLICE_X46Y151        FDRE                                         r  soc_top/axi_clock_converter_0/axi_clock_converter_0_axi_clock_converter_v2_1_35_axi_clock_converter/<hidden>/<hidden>/<hidden>/<hidden>/<hidden>/<hidden>
                         clock pessimism             -0.125     5.372    
    SLICE_X46Y151        FDRE (Hold_fdre_C_D)         0.187     5.559    soc_top/axi_clock_converter_0/axi_clock_converter_0_axi_clock_converter_v2_1_35_axi_clock_converter/<hidden>/<hidden>/<hidden>/<hidden>/<hidden>/<hidden>
  -------------------------------------------------------------------
                         data arrival                           5.714    
                         clock arrival                          5.559    
  -------------------------------------------------------------------
                         relative delay                         0.155    



Id: 6
set_bus_skew -from [get_cells [list {AXI_CLK_CONVERTER/inst/gen_clock_conv.gen_async_conv.asyncfifo_axi/inst_fifo_gen/gaxi_full_lite.gread_ch.grdch2.axi_rdch/grf.rf/gntv_or_sync_fifo.gcx.clkx/wr_pntr_cdc_inst/src_gray_ff_reg[0]} {AXI_CLK_CONVERTER/inst/gen_clock_conv.gen_async_conv.asyncfifo_axi/inst_fifo_gen/gaxi_full_lite.gread_ch.grdch2.axi_rdch/grf.rf/gntv_or_sync_fifo.gcx.clkx/wr_pntr_cdc_inst/src_gray_ff_reg[1]} {AXI_CLK_CONVERTER/inst/gen_clock_conv.gen_async_conv.asyncfifo_axi/inst_fifo_gen/gaxi_full_lite.gread_ch.grdch2.axi_rdch/grf.rf/gntv_or_sync_fifo.gcx.clkx/wr_pntr_cdc_inst/src_gray_ff_reg[2]} {AXI_CLK_CONVERTER/inst/gen_clock_conv.gen_async_conv.asyncfifo_axi/inst_fifo_gen/gaxi_full_lite.gread_ch.grdch2.axi_rdch/grf.rf/gntv_or_sync_fifo.gcx.clkx/wr_pntr_cdc_inst/src_gray_ff_reg[3]}]] -to [get_cells [list {AXI_CLK_CONVERTER/inst/gen_clock_conv.gen_async_conv.asyncfifo_axi/inst_fifo_gen/gaxi_full_lite.gread_ch.grdch2.axi_rdch/grf.rf/gntv_or_sync_fifo.gcx.clkx/wr_pntr_cdc_inst/dest_graysync_ff_reg[0][0]} {AXI_CLK_CONVERTER/inst/gen_clock_conv.gen_async_conv.asyncfifo_axi/inst_fifo_gen/gaxi_full_lite.gread_ch.grdch2.axi_rdch/grf.rf/gntv_or_sync_fifo.gcx.clkx/wr_pntr_cdc_inst/dest_graysync_ff_reg[0][1]} {AXI_CLK_CONVERTER/inst/gen_clock_conv.gen_async_conv.asyncfifo_axi/inst_fifo_gen/gaxi_full_lite.gread_ch.grdch2.axi_rdch/grf.rf/gntv_or_sync_fifo.gcx.clkx/wr_pntr_cdc_inst/dest_graysync_ff_reg[0][2]} {AXI_CLK_CONVERTER/inst/gen_clock_conv.gen_async_conv.asyncfifo_axi/inst_fifo_gen/gaxi_full_lite.gread_ch.grdch2.axi_rdch/grf.rf/gntv_or_sync_fifo.gcx.clkx/wr_pntr_cdc_inst/dest_graysync_ff_reg[0][3]}]] 30.303
Requirement: 30.303ns
Endpoints: 4

From Clock            To Clock              Endpoint Pin                    Reference Pin                   Corner  Actual(ns)  Slack(ns)
--------------------  --------------------  ------------------------------  ------------------------------  ------  ----------  ---------
clk_out2_clk_pll_33   clk_out1_clk_pll_33   AXI_CLK_CONVERTER/inst/gen_clock_conv.gen_async_conv.asyncfifo_axi/inst_fifo_gen/gaxi_full_lite.gread_ch.grdch2.axi_rdch/grf.rf/gntv_or_sync_fifo.gcx.clkx/wr_pntr_cdc_inst/dest_graysync_ff_reg[0][2]/D
                                                                            AXI_CLK_CONVERTER/inst/gen_clock_conv.gen_async_conv.asyncfifo_axi/inst_fifo_gen/gaxi_full_lite.gread_ch.grdch2.axi_rdch/grf.rf/gntv_or_sync_fifo.gcx.clkx/wr_pntr_cdc_inst/dest_graysync_ff_reg[0][1]/D
                                                                                                            Slow         0.539     29.764


Slack (MET) :             29.764ns  (requirement - actual skew)
  Endpoint Source:        soc_top/axi_clock_converter_0/axi_clock_converter_0_axi_clock_converter_v2_1_35_axi_clock_converter/<hidden>/<hidden>/<hidden>/<hidden>/<hidden>/<hidden>
                            (rising edge-triggered cell FDRE clocked by clk_out2_clk_pll_33)
  Endpoint Destination:   soc_top/axi_clock_converter_0/axi_clock_converter_0_axi_clock_converter_v2_1_35_axi_clock_converter/<hidden>/<hidden>/<hidden>/<hidden>/<hidden>/<hidden>
                            (rising edge-triggered cell FDRE clocked by clk_out1_clk_pll_33)
  Reference Source:       soc_top/axi_clock_converter_0/axi_clock_converter_0_axi_clock_converter_v2_1_35_axi_clock_converter/<hidden>/<hidden>/<hidden>/<hidden>/<hidden>/<hidden>
                            (rising edge-triggered cell FDRE clocked by clk_out2_clk_pll_33)
  Reference Destination:  soc_top/axi_clock_converter_0/axi_clock_converter_0_axi_clock_converter_v2_1_35_axi_clock_converter/<hidden>/<hidden>/<hidden>/<hidden>/<hidden>/<hidden>
                            (rising edge-triggered cell FDRE clocked by clk_out1_clk_pll_33)
  Path Type:              Bus Skew (Max at Slow Process Corner)
  Requirement:            30.303ns
  Endpoint Relative Delay:    1.100ns
  Reference Relative Delay:   0.216ns
  Relative CRPR:              0.345ns
  Actual Bus Skew:            0.539ns  (Endpoint Relative Delay - Reference Relative Delay - Relative CRPR)

Endpoint path:
    Location             Delay type                Incr(ns)  Path(ns)    Netlist Resource(s)
  -------------------------------------------------------------------    -------------------
                         (clock clk_out2_clk_pll_33 rise edge)
                                                      0.000     0.000 r  
    AC19                                              0.000     0.000 r  clk (IN)
                         net (fo=0)                   0.000     0.000    clk
    AC19                 IBUF (Prop_ibuf_I_O)         1.416     1.416 r  clk_IBUF_inst/O
                         net (fo=3, routed)           2.602     4.018    clk_pll_33/inst/clk_in1
    BUFGCTRL_X0Y5        BUFG (Prop_bufg_I_O)         0.081     4.099 r  clk_pll_33/inst/clkin1_bufg/O
                         net (fo=1, routed)           1.536     5.635    clk_pll_33/inst/clk_in1_clk_pll_33
    PLLE2_ADV_X0Y2       PLLE2_ADV (Prop_plle2_adv_CLKIN1_CLKOUT1)
                                                     -3.173     2.461 r  clk_pll_33/inst/plle2_adv_inst/CLKOUT1
                         net (fo=1, routed)           1.557     4.018    clk_pll_33/inst/clk_out2_clk_pll_33
    BUFGCTRL_X0Y1        BUFG (Prop_bufg_I_O)         0.081     4.099 r  clk_pll_33/inst/clkout2_buf/O
                         net (fo=6628, routed)        1.397     5.496    soc_top/axi_clock_converter_0/axi_clock_converter_0_axi_clock_converter_v2_1_35_axi_clock_converter/<hidden>/<hidden>/<hidden>/<hidden>/<hidden>/<hidden>
    SLICE_X54Y150        FDRE                                         r  soc_top/axi_clock_converter_0/axi_clock_converter_0_axi_clock_converter_v2_1_35_axi_clock_converter/<hidden>/<hidden>/<hidden>/<hidden>/<hidden>/<hidden>
  -------------------------------------------------------------------    -------------------
    SLICE_X54Y150        FDRE (Prop_fdre_C_Q)         0.379     5.875 r  soc_top/axi_clock_converter_0/axi_clock_converter_0_axi_clock_converter_v2_1_35_axi_clock_converter/<hidden>/<hidden>/<hidden>/<hidden>/<hidden>/<hidden>
                         net (fo=1, routed)           0.461     6.337    soc_top/axi_clock_converter_0/axi_clock_converter_0_axi_clock_converter_v2_1_35_axi_clock_converter/<hidden>/<hidden>/<hidden>/<hidden>/<hidden>/<hidden>
    SLICE_X55Y150        FDRE                                         r  soc_top/axi_clock_converter_0/axi_clock_converter_0_axi_clock_converter_v2_1_35_axi_clock_converter/<hidden>/<hidden>/<hidden>/<hidden>/<hidden>/<hidden>
  -------------------------------------------------------------------    -------------------

                         (clock clk_out1_clk_pll_33 rise edge)
                                                      0.000     0.000 r  
    AC19                                              0.000     0.000 r  clk (IN)
                         net (fo=0)                   0.000     0.000    clk
    AC19                 IBUF (Prop_ibuf_I_O)         1.350     1.350 r  clk_IBUF_inst/O
                         net (fo=3, routed)           2.471     3.821    clk_pll_33/inst/clk_in1
    BUFGCTRL_X0Y5        BUFG (Prop_bufg_I_O)         0.077     3.898 r  clk_pll_33/inst/clkin1_bufg/O
                         net (fo=1, routed)           1.434     5.331    clk_pll_33/inst/clk_in1_clk_pll_33
    PLLE2_ADV_X0Y2       PLLE2_ADV (Prop_plle2_adv_CLKIN1_CLKOUT0)
                                                     -2.995     2.336 r  clk_pll_33/inst/plle2_adv_inst/CLKOUT0
                         net (fo=1, routed)           1.484     3.821    clk_pll_33/inst/clk_out1_clk_pll_33
    BUFGCTRL_X0Y0        BUFG (Prop_bufg_I_O)         0.077     3.898 r  clk_pll_33/inst/clkout1_buf/O
                         net (fo=7157, routed)        1.287     5.185    soc_top/axi_clock_converter_0/axi_clock_converter_0_axi_clock_converter_v2_1_35_axi_clock_converter/<hidden>/<hidden>/<hidden>/<hidden>/<hidden>/<hidden>
    SLICE_X55Y150        FDRE                                         r  soc_top/axi_clock_converter_0/axi_clock_converter_0_axi_clock_converter_v2_1_35_axi_clock_converter/<hidden>/<hidden>/<hidden>/<hidden>/<hidden>/<hidden>
                         clock pessimism              0.125     5.310    
    SLICE_X55Y150        FDRE (Setup_fdre_C_D)       -0.073     5.237    soc_top/axi_clock_converter_0/axi_clock_converter_0_axi_clock_converter_v2_1_35_axi_clock_converter/<hidden>/<hidden>/<hidden>/<hidden>/<hidden>/<hidden>
  -------------------------------------------------------------------
                         data arrival                           6.337    
                         clock arrival                          5.237    
  -------------------------------------------------------------------
                         relative delay                         1.100    

Reference path:
    Location             Delay type                Incr(ns)  Path(ns)    Netlist Resource(s)
  -------------------------------------------------------------------    -------------------
                         (clock clk_out2_clk_pll_33 rise edge)
                                                      0.000     0.000 r  
    AC19                                              0.000     0.000 r  clk (IN)
                         net (fo=0)                   0.000     0.000    clk
    AC19                 IBUF (Prop_ibuf_I_O)         1.350     1.350 r  clk_IBUF_inst/O
                         net (fo=3, routed)           2.471     3.821    clk_pll_33/inst/clk_in1
    BUFGCTRL_X0Y5        BUFG (Prop_bufg_I_O)         0.077     3.898 r  clk_pll_33/inst/clkin1_bufg/O
                         net (fo=1, routed)           1.434     5.331    clk_pll_33/inst/clk_in1_clk_pll_33
    PLLE2_ADV_X0Y2       PLLE2_ADV (Prop_plle2_adv_CLKIN1_CLKOUT1)
                                                     -2.995     2.336 r  clk_pll_33/inst/plle2_adv_inst/CLKOUT1
                         net (fo=1, routed)           1.484     3.821    clk_pll_33/inst/clk_out2_clk_pll_33
    BUFGCTRL_X0Y1        BUFG (Prop_bufg_I_O)         0.077     3.898 r  clk_pll_33/inst/clkout2_buf/O
                         net (fo=6628, routed)        1.287     5.185    soc_top/axi_clock_converter_0/axi_clock_converter_0_axi_clock_converter_v2_1_35_axi_clock_converter/<hidden>/<hidden>/<hidden>/<hidden>/<hidden>/<hidden>
    SLICE_X54Y150        FDRE                                         r  soc_top/axi_clock_converter_0/axi_clock_converter_0_axi_clock_converter_v2_1_35_axi_clock_converter/<hidden>/<hidden>/<hidden>/<hidden>/<hidden>/<hidden>
  -------------------------------------------------------------------    -------------------
    SLICE_X54Y150        FDRE (Prop_fdre_C_Q)         0.279     5.464 r  soc_top/axi_clock_converter_0/axi_clock_converter_0_axi_clock_converter_v2_1_35_axi_clock_converter/<hidden>/<hidden>/<hidden>/<hidden>/<hidden>/<hidden>
                         net (fo=1, routed)           0.202     5.665    soc_top/axi_clock_converter_0/axi_clock_converter_0_axi_clock_converter_v2_1_35_axi_clock_converter/<hidden>/<hidden>/<hidden>/<hidden>/<hidden>/<hidden>
    SLICE_X56Y150        FDRE                                         r  soc_top/axi_clock_converter_0/axi_clock_converter_0_axi_clock_converter_v2_1_35_axi_clock_converter/<hidden>/<hidden>/<hidden>/<hidden>/<hidden>/<hidden>
  -------------------------------------------------------------------    -------------------

                         (clock clk_out1_clk_pll_33 rise edge)
                                                      0.000     0.000 r  
    AC19                                              0.000     0.000 r  clk (IN)
                         net (fo=0)                   0.000     0.000    clk
    AC19                 IBUF (Prop_ibuf_I_O)         1.416     1.416 r  clk_IBUF_inst/O
                         net (fo=3, routed)           2.602     4.018    clk_pll_33/inst/clk_in1
    BUFGCTRL_X0Y5        BUFG (Prop_bufg_I_O)         0.081     4.099 r  clk_pll_33/inst/clkin1_bufg/O
                         net (fo=1, routed)           1.536     5.635    clk_pll_33/inst/clk_in1_clk_pll_33
    PLLE2_ADV_X0Y2       PLLE2_ADV (Prop_plle2_adv_CLKIN1_CLKOUT0)
                                                     -3.173     2.461 r  clk_pll_33/inst/plle2_adv_inst/CLKOUT0
                         net (fo=1, routed)           1.557     4.018    clk_pll_33/inst/clk_out1_clk_pll_33
    BUFGCTRL_X0Y0        BUFG (Prop_bufg_I_O)         0.081     4.099 r  clk_pll_33/inst/clkout1_buf/O
                         net (fo=7157, routed)        1.397     5.496    soc_top/axi_clock_converter_0/axi_clock_converter_0_axi_clock_converter_v2_1_35_axi_clock_converter/<hidden>/<hidden>/<hidden>/<hidden>/<hidden>/<hidden>
    SLICE_X56Y150        FDRE                                         r  soc_top/axi_clock_converter_0/axi_clock_converter_0_axi_clock_converter_v2_1_35_axi_clock_converter/<hidden>/<hidden>/<hidden>/<hidden>/<hidden>/<hidden>
                         clock pessimism             -0.125     5.371    
    SLICE_X56Y150        FDRE (Hold_fdre_C_D)         0.078     5.449    soc_top/axi_clock_converter_0/axi_clock_converter_0_axi_clock_converter_v2_1_35_axi_clock_converter/<hidden>/<hidden>/<hidden>/<hidden>/<hidden>/<hidden>
  -------------------------------------------------------------------
                         data arrival                           5.665    
                         clock arrival                          5.449    
  -------------------------------------------------------------------
                         relative delay                         0.216    



Id: 7
set_bus_skew -from [get_cells [list {AXI_CLK_CONVERTER/inst/gen_clock_conv.gen_async_conv.asyncfifo_axi/inst_fifo_gen/gaxi_full_lite.gread_ch.grach2.axi_rach/grf.rf/gntv_or_sync_fifo.gcx.clkx/wr_pntr_cdc_inst/src_gray_ff_reg[0]} {AXI_CLK_CONVERTER/inst/gen_clock_conv.gen_async_conv.asyncfifo_axi/inst_fifo_gen/gaxi_full_lite.gread_ch.grach2.axi_rach/grf.rf/gntv_or_sync_fifo.gcx.clkx/wr_pntr_cdc_inst/src_gray_ff_reg[1]} {AXI_CLK_CONVERTER/inst/gen_clock_conv.gen_async_conv.asyncfifo_axi/inst_fifo_gen/gaxi_full_lite.gread_ch.grach2.axi_rach/grf.rf/gntv_or_sync_fifo.gcx.clkx/wr_pntr_cdc_inst/src_gray_ff_reg[2]} {AXI_CLK_CONVERTER/inst/gen_clock_conv.gen_async_conv.asyncfifo_axi/inst_fifo_gen/gaxi_full_lite.gread_ch.grach2.axi_rach/grf.rf/gntv_or_sync_fifo.gcx.clkx/wr_pntr_cdc_inst/src_gray_ff_reg[3]}]] -to [get_cells [list {AXI_CLK_CONVERTER/inst/gen_clock_conv.gen_async_conv.asyncfifo_axi/inst_fifo_gen/gaxi_full_lite.gread_ch.grach2.axi_rach/grf.rf/gntv_or_sync_fifo.gcx.clkx/wr_pntr_cdc_inst/dest_graysync_ff_reg[0][0]} {AXI_CLK_CONVERTER/inst/gen_clock_conv.gen_async_conv.asyncfifo_axi/inst_fifo_gen/gaxi_full_lite.gread_ch.grach2.axi_rach/grf.rf/gntv_or_sync_fifo.gcx.clkx/wr_pntr_cdc_inst/dest_graysync_ff_reg[0][1]} {AXI_CLK_CONVERTER/inst/gen_clock_conv.gen_async_conv.asyncfifo_axi/inst_fifo_gen/gaxi_full_lite.gread_ch.grach2.axi_rach/grf.rf/gntv_or_sync_fifo.gcx.clkx/wr_pntr_cdc_inst/dest_graysync_ff_reg[0][2]} {AXI_CLK_CONVERTER/inst/gen_clock_conv.gen_async_conv.asyncfifo_axi/inst_fifo_gen/gaxi_full_lite.gread_ch.grach2.axi_rach/grf.rf/gntv_or_sync_fifo.gcx.clkx/wr_pntr_cdc_inst/dest_graysync_ff_reg[0][3]}]] 30.303
Requirement: 30.303ns
Endpoints: 4

From Clock            To Clock              Endpoint Pin                    Reference Pin                   Corner  Actual(ns)  Slack(ns)
--------------------  --------------------  ------------------------------  ------------------------------  ------  ----------  ---------
clk_out1_clk_pll_33   clk_out2_clk_pll_33   AXI_CLK_CONVERTER/inst/gen_clock_conv.gen_async_conv.asyncfifo_axi/inst_fifo_gen/gaxi_full_lite.gread_ch.grach2.axi_rach/grf.rf/gntv_or_sync_fifo.gcx.clkx/wr_pntr_cdc_inst/dest_graysync_ff_reg[0][0]/D
                                                                            AXI_CLK_CONVERTER/inst/gen_clock_conv.gen_async_conv.asyncfifo_axi/inst_fifo_gen/gaxi_full_lite.gread_ch.grach2.axi_rach/grf.rf/gntv_or_sync_fifo.gcx.clkx/wr_pntr_cdc_inst/dest_graysync_ff_reg[0][1]/D
                                                                                                            Slow         0.744     29.559


Slack (MET) :             29.559ns  (requirement - actual skew)
  Endpoint Source:        soc_top/axi_clock_converter_0/axi_clock_converter_0_axi_clock_converter_v2_1_35_axi_clock_converter/<hidden>/<hidden>/<hidden>/<hidden>/<hidden>/<hidden>
                            (rising edge-triggered cell FDRE clocked by clk_out1_clk_pll_33)
  Endpoint Destination:   soc_top/axi_clock_converter_0/axi_clock_converter_0_axi_clock_converter_v2_1_35_axi_clock_converter/<hidden>/<hidden>/<hidden>/<hidden>/<hidden>/<hidden>
                            (rising edge-triggered cell FDRE clocked by clk_out2_clk_pll_33)
  Reference Source:       soc_top/axi_clock_converter_0/axi_clock_converter_0_axi_clock_converter_v2_1_35_axi_clock_converter/<hidden>/<hidden>/<hidden>/<hidden>/<hidden>/<hidden>
                            (rising edge-triggered cell FDRE clocked by clk_out1_clk_pll_33)
  Reference Destination:  soc_top/axi_clock_converter_0/axi_clock_converter_0_axi_clock_converter_v2_1_35_axi_clock_converter/<hidden>/<hidden>/<hidden>/<hidden>/<hidden>/<hidden>
                            (rising edge-triggered cell FDRE clocked by clk_out2_clk_pll_33)
  Path Type:              Bus Skew (Max at Slow Process Corner)
  Requirement:            30.303ns
  Endpoint Relative Delay:    1.264ns
  Reference Relative Delay:   0.257ns
  Relative CRPR:              0.262ns
  Actual Bus Skew:            0.744ns  (Endpoint Relative Delay - Reference Relative Delay - Relative CRPR)

Endpoint path:
    Location             Delay type                Incr(ns)  Path(ns)    Netlist Resource(s)
  -------------------------------------------------------------------    -------------------
                         (clock clk_out1_clk_pll_33 rise edge)
                                                      0.000     0.000 r  
    AC19                                              0.000     0.000 r  clk (IN)
                         net (fo=0)                   0.000     0.000    clk
    AC19                 IBUF (Prop_ibuf_I_O)         1.416     1.416 r  clk_IBUF_inst/O
                         net (fo=3, routed)           2.602     4.018    clk_pll_33/inst/clk_in1
    BUFGCTRL_X0Y5        BUFG (Prop_bufg_I_O)         0.081     4.099 r  clk_pll_33/inst/clkin1_bufg/O
                         net (fo=1, routed)           1.536     5.635    clk_pll_33/inst/clk_in1_clk_pll_33
    PLLE2_ADV_X0Y2       PLLE2_ADV (Prop_plle2_adv_CLKIN1_CLKOUT0)
                                                     -3.173     2.461 r  clk_pll_33/inst/plle2_adv_inst/CLKOUT0
                         net (fo=1, routed)           1.557     4.018    clk_pll_33/inst/clk_out1_clk_pll_33
    BUFGCTRL_X0Y0        BUFG (Prop_bufg_I_O)         0.081     4.099 r  clk_pll_33/inst/clkout1_buf/O
                         net (fo=7157, routed)        1.411     5.510    soc_top/axi_clock_converter_0/axi_clock_converter_0_axi_clock_converter_v2_1_35_axi_clock_converter/<hidden>/<hidden>/<hidden>/<hidden>/<hidden>/<hidden>
    SLICE_X54Y148        FDRE                                         r  soc_top/axi_clock_converter_0/axi_clock_converter_0_axi_clock_converter_v2_1_35_axi_clock_converter/<hidden>/<hidden>/<hidden>/<hidden>/<hidden>/<hidden>
  -------------------------------------------------------------------    -------------------
    SLICE_X54Y148        FDRE (Prop_fdre_C_Q)         0.379     5.889 r  soc_top/axi_clock_converter_0/axi_clock_converter_0_axi_clock_converter_v2_1_35_axi_clock_converter/<hidden>/<hidden>/<hidden>/<hidden>/<hidden>/<hidden>
                         net (fo=1, routed)           0.604     6.492    soc_top/axi_clock_converter_0/axi_clock_converter_0_axi_clock_converter_v2_1_35_axi_clock_converter/<hidden>/<hidden>/<hidden>/<hidden>/<hidden>/<hidden>
    SLICE_X54Y150        FDRE                                         r  soc_top/axi_clock_converter_0/axi_clock_converter_0_axi_clock_converter_v2_1_35_axi_clock_converter/<hidden>/<hidden>/<hidden>/<hidden>/<hidden>/<hidden>
  -------------------------------------------------------------------    -------------------

                         (clock clk_out2_clk_pll_33 rise edge)
                                                      0.000     0.000 r  
    AC19                                              0.000     0.000 r  clk (IN)
                         net (fo=0)                   0.000     0.000    clk
    AC19                 IBUF (Prop_ibuf_I_O)         1.350     1.350 r  clk_IBUF_inst/O
                         net (fo=3, routed)           2.471     3.821    clk_pll_33/inst/clk_in1
    BUFGCTRL_X0Y5        BUFG (Prop_bufg_I_O)         0.077     3.898 r  clk_pll_33/inst/clkin1_bufg/O
                         net (fo=1, routed)           1.434     5.331    clk_pll_33/inst/clk_in1_clk_pll_33
    PLLE2_ADV_X0Y2       PLLE2_ADV (Prop_plle2_adv_CLKIN1_CLKOUT1)
                                                     -2.995     2.336 r  clk_pll_33/inst/plle2_adv_inst/CLKOUT1
                         net (fo=1, routed)           1.484     3.821    clk_pll_33/inst/clk_out2_clk_pll_33
    BUFGCTRL_X0Y1        BUFG (Prop_bufg_I_O)         0.077     3.898 r  clk_pll_33/inst/clkout2_buf/O
                         net (fo=6628, routed)        1.287     5.185    soc_top/axi_clock_converter_0/axi_clock_converter_0_axi_clock_converter_v2_1_35_axi_clock_converter/<hidden>/<hidden>/<hidden>/<hidden>/<hidden>/<hidden>
    SLICE_X54Y150        FDRE                                         r  soc_top/axi_clock_converter_0/axi_clock_converter_0_axi_clock_converter_v2_1_35_axi_clock_converter/<hidden>/<hidden>/<hidden>/<hidden>/<hidden>/<hidden>
                         clock pessimism              0.125     5.310    
    SLICE_X54Y150        FDRE (Setup_fdre_C_D)       -0.081     5.229    soc_top/axi_clock_converter_0/axi_clock_converter_0_axi_clock_converter_v2_1_35_axi_clock_converter/<hidden>/<hidden>/<hidden>/<hidden>/<hidden>/<hidden>
  -------------------------------------------------------------------
                         data arrival                           6.492    
                         clock arrival                          5.229    
  -------------------------------------------------------------------
                         relative delay                         1.264    

Reference path:
    Location             Delay type                Incr(ns)  Path(ns)    Netlist Resource(s)
  -------------------------------------------------------------------    -------------------
                         (clock clk_out1_clk_pll_33 rise edge)
                                                      0.000     0.000 r  
    AC19                                              0.000     0.000 r  clk (IN)
                         net (fo=0)                   0.000     0.000    clk
    AC19                 IBUF (Prop_ibuf_I_O)         1.350     1.350 r  clk_IBUF_inst/O
                         net (fo=3, routed)           2.471     3.821    clk_pll_33/inst/clk_in1
    BUFGCTRL_X0Y5        BUFG (Prop_bufg_I_O)         0.077     3.898 r  clk_pll_33/inst/clkin1_bufg/O
                         net (fo=1, routed)           1.434     5.331    clk_pll_33/inst/clk_in1_clk_pll_33
    PLLE2_ADV_X0Y2       PLLE2_ADV (Prop_plle2_adv_CLKIN1_CLKOUT0)
                                                     -2.995     2.336 r  clk_pll_33/inst/plle2_adv_inst/CLKOUT0
                         net (fo=1, routed)           1.484     3.821    clk_pll_33/inst/clk_out1_clk_pll_33
    BUFGCTRL_X0Y0        BUFG (Prop_bufg_I_O)         0.077     3.898 r  clk_pll_33/inst/clkout1_buf/O
                         net (fo=7157, routed)        1.301     5.198    soc_top/axi_clock_converter_0/axi_clock_converter_0_axi_clock_converter_v2_1_35_axi_clock_converter/<hidden>/<hidden>/<hidden>/<hidden>/<hidden>/<hidden>
    SLICE_X54Y148        FDRE                                         r  soc_top/axi_clock_converter_0/axi_clock_converter_0_axi_clock_converter_v2_1_35_axi_clock_converter/<hidden>/<hidden>/<hidden>/<hidden>/<hidden>/<hidden>
  -------------------------------------------------------------------    -------------------
    SLICE_X54Y148        FDRE (Prop_fdre_C_Q)         0.279     5.477 r  soc_top/axi_clock_converter_0/axi_clock_converter_0_axi_clock_converter_v2_1_35_axi_clock_converter/<hidden>/<hidden>/<hidden>/<hidden>/<hidden>/<hidden>
                         net (fo=1, routed)           0.192     5.669    soc_top/axi_clock_converter_0/axi_clock_converter_0_axi_clock_converter_v2_1_35_axi_clock_converter/<hidden>/<hidden>/<hidden>/<hidden>/<hidden>/<hidden>
    SLICE_X55Y148        FDRE                                         r  soc_top/axi_clock_converter_0/axi_clock_converter_0_axi_clock_converter_v2_1_35_axi_clock_converter/<hidden>/<hidden>/<hidden>/<hidden>/<hidden>/<hidden>
  -------------------------------------------------------------------    -------------------

                         (clock clk_out2_clk_pll_33 rise edge)
                                                      0.000     0.000 r  
    AC19                                              0.000     0.000 r  clk (IN)
                         net (fo=0)                   0.000     0.000    clk
    AC19                 IBUF (Prop_ibuf_I_O)         1.416     1.416 r  clk_IBUF_inst/O
                         net (fo=3, routed)           2.602     4.018    clk_pll_33/inst/clk_in1
    BUFGCTRL_X0Y5        BUFG (Prop_bufg_I_O)         0.081     4.099 r  clk_pll_33/inst/clkin1_bufg/O
                         net (fo=1, routed)           1.536     5.635    clk_pll_33/inst/clk_in1_clk_pll_33
    PLLE2_ADV_X0Y2       PLLE2_ADV (Prop_plle2_adv_CLKIN1_CLKOUT1)
                                                     -3.173     2.461 r  clk_pll_33/inst/plle2_adv_inst/CLKOUT1
                         net (fo=1, routed)           1.557     4.018    clk_pll_33/inst/clk_out2_clk_pll_33
    BUFGCTRL_X0Y1        BUFG (Prop_bufg_I_O)         0.081     4.099 r  clk_pll_33/inst/clkout2_buf/O
                         net (fo=6628, routed)        1.411     5.510    soc_top/axi_clock_converter_0/axi_clock_converter_0_axi_clock_converter_v2_1_35_axi_clock_converter/<hidden>/<hidden>/<hidden>/<hidden>/<hidden>/<hidden>
    SLICE_X55Y148        FDRE                                         r  soc_top/axi_clock_converter_0/axi_clock_converter_0_axi_clock_converter_v2_1_35_axi_clock_converter/<hidden>/<hidden>/<hidden>/<hidden>/<hidden>/<hidden>
                         clock pessimism             -0.125     5.385    
    SLICE_X55Y148        FDRE (Hold_fdre_C_D)         0.027     5.412    soc_top/axi_clock_converter_0/axi_clock_converter_0_axi_clock_converter_v2_1_35_axi_clock_converter/<hidden>/<hidden>/<hidden>/<hidden>/<hidden>/<hidden>
  -------------------------------------------------------------------
                         data arrival                           5.669    
                         clock arrival                          5.412    
  -------------------------------------------------------------------
                         relative delay                         0.257    



Id: 8
set_bus_skew -from [get_cells [list {AXI_CLK_CONVERTER/inst/gen_clock_conv.gen_async_conv.asyncfifo_axi/inst_fifo_gen/gaxi_full_lite.gwrite_ch.gwrch2.axi_wrch/grf.rf/gntv_or_sync_fifo.gcx.clkx/wr_pntr_cdc_inst/src_gray_ff_reg[0]} {AXI_CLK_CONVERTER/inst/gen_clock_conv.gen_async_conv.asyncfifo_axi/inst_fifo_gen/gaxi_full_lite.gwrite_ch.gwrch2.axi_wrch/grf.rf/gntv_or_sync_fifo.gcx.clkx/wr_pntr_cdc_inst/src_gray_ff_reg[1]} {AXI_CLK_CONVERTER/inst/gen_clock_conv.gen_async_conv.asyncfifo_axi/inst_fifo_gen/gaxi_full_lite.gwrite_ch.gwrch2.axi_wrch/grf.rf/gntv_or_sync_fifo.gcx.clkx/wr_pntr_cdc_inst/src_gray_ff_reg[2]} {AXI_CLK_CONVERTER/inst/gen_clock_conv.gen_async_conv.asyncfifo_axi/inst_fifo_gen/gaxi_full_lite.gwrite_ch.gwrch2.axi_wrch/grf.rf/gntv_or_sync_fifo.gcx.clkx/wr_pntr_cdc_inst/src_gray_ff_reg[3]}]] -to [get_cells [list {AXI_CLK_CONVERTER/inst/gen_clock_conv.gen_async_conv.asyncfifo_axi/inst_fifo_gen/gaxi_full_lite.gwrite_ch.gwrch2.axi_wrch/grf.rf/gntv_or_sync_fifo.gcx.clkx/wr_pntr_cdc_inst/dest_graysync_ff_reg[0][0]} {AXI_CLK_CONVERTER/inst/gen_clock_conv.gen_async_conv.asyncfifo_axi/inst_fifo_gen/gaxi_full_lite.gwrite_ch.gwrch2.axi_wrch/grf.rf/gntv_or_sync_fifo.gcx.clkx/wr_pntr_cdc_inst/dest_graysync_ff_reg[0][1]} {AXI_CLK_CONVERTER/inst/gen_clock_conv.gen_async_conv.asyncfifo_axi/inst_fifo_gen/gaxi_full_lite.gwrite_ch.gwrch2.axi_wrch/grf.rf/gntv_or_sync_fifo.gcx.clkx/wr_pntr_cdc_inst/dest_graysync_ff_reg[0][2]} {AXI_CLK_CONVERTER/inst/gen_clock_conv.gen_async_conv.asyncfifo_axi/inst_fifo_gen/gaxi_full_lite.gwrite_ch.gwrch2.axi_wrch/grf.rf/gntv_or_sync_fifo.gcx.clkx/wr_pntr_cdc_inst/dest_graysync_ff_reg[0][3]}]] 30.303
Requirement: 30.303ns
Endpoints: 4

From Clock            To Clock              Endpoint Pin                    Reference Pin                   Corner  Actual(ns)  Slack(ns)
--------------------  --------------------  ------------------------------  ------------------------------  ------  ----------  ---------
clk_out2_clk_pll_33   clk_out1_clk_pll_33   AXI_CLK_CONVERTER/inst/gen_clock_conv.gen_async_conv.asyncfifo_axi/inst_fifo_gen/gaxi_full_lite.gwrite_ch.gwrch2.axi_wrch/grf.rf/gntv_or_sync_fifo.gcx.clkx/wr_pntr_cdc_inst/dest_graysync_ff_reg[0][1]/D
                                                                            AXI_CLK_CONVERTER/inst/gen_clock_conv.gen_async_conv.asyncfifo_axi/inst_fifo_gen/gaxi_full_lite.gwrite_ch.gwrch2.axi_wrch/grf.rf/gntv_or_sync_fifo.gcx.clkx/wr_pntr_cdc_inst/dest_graysync_ff_reg[0][3]/D
                                                                                                            Slow         0.612     29.691


Slack (MET) :             29.691ns  (requirement - actual skew)
  Endpoint Source:        soc_top/axi_clock_converter_0/axi_clock_converter_0_axi_clock_converter_v2_1_35_axi_clock_converter/<hidden>/<hidden>/<hidden>/<hidden>/<hidden>/<hidden>
                            (rising edge-triggered cell FDRE clocked by clk_out2_clk_pll_33)
  Endpoint Destination:   soc_top/axi_clock_converter_0/axi_clock_converter_0_axi_clock_converter_v2_1_35_axi_clock_converter/<hidden>/<hidden>/<hidden>/<hidden>/<hidden>/<hidden>
                            (rising edge-triggered cell FDRE clocked by clk_out1_clk_pll_33)
  Reference Source:       soc_top/axi_clock_converter_0/axi_clock_converter_0_axi_clock_converter_v2_1_35_axi_clock_converter/<hidden>/<hidden>/<hidden>/<hidden>/<hidden>/<hidden>
                            (rising edge-triggered cell FDRE clocked by clk_out2_clk_pll_33)
  Reference Destination:  soc_top/axi_clock_converter_0/axi_clock_converter_0_axi_clock_converter_v2_1_35_axi_clock_converter/<hidden>/<hidden>/<hidden>/<hidden>/<hidden>/<hidden>
                            (rising edge-triggered cell FDRE clocked by clk_out1_clk_pll_33)
  Path Type:              Bus Skew (Max at Slow Process Corner)
  Requirement:            30.303ns
  Endpoint Relative Delay:    1.152ns
  Reference Relative Delay:   0.239ns
  Relative CRPR:              0.300ns
  Actual Bus Skew:            0.612ns  (Endpoint Relative Delay - Reference Relative Delay - Relative CRPR)

Endpoint path:
    Location             Delay type                Incr(ns)  Path(ns)    Netlist Resource(s)
  -------------------------------------------------------------------    -------------------
                         (clock clk_out2_clk_pll_33 rise edge)
                                                      0.000     0.000 r  
    AC19                                              0.000     0.000 r  clk (IN)
                         net (fo=0)                   0.000     0.000    clk
    AC19                 IBUF (Prop_ibuf_I_O)         1.416     1.416 r  clk_IBUF_inst/O
                         net (fo=3, routed)           2.602     4.018    clk_pll_33/inst/clk_in1
    BUFGCTRL_X0Y5        BUFG (Prop_bufg_I_O)         0.081     4.099 r  clk_pll_33/inst/clkin1_bufg/O
                         net (fo=1, routed)           1.536     5.635    clk_pll_33/inst/clk_in1_clk_pll_33
    PLLE2_ADV_X0Y2       PLLE2_ADV (Prop_plle2_adv_CLKIN1_CLKOUT1)
                                                     -3.173     2.461 r  clk_pll_33/inst/plle2_adv_inst/CLKOUT1
                         net (fo=1, routed)           1.557     4.018    clk_pll_33/inst/clk_out2_clk_pll_33
    BUFGCTRL_X0Y1        BUFG (Prop_bufg_I_O)         0.081     4.099 r  clk_pll_33/inst/clkout2_buf/O
                         net (fo=6628, routed)        1.500     5.599    soc_top/axi_clock_converter_0/axi_clock_converter_0_axi_clock_converter_v2_1_35_axi_clock_converter/<hidden>/<hidden>/<hidden>/<hidden>/<hidden>/<hidden>
    SLICE_X16Y147        FDRE                                         r  soc_top/axi_clock_converter_0/axi_clock_converter_0_axi_clock_converter_v2_1_35_axi_clock_converter/<hidden>/<hidden>/<hidden>/<hidden>/<hidden>/<hidden>
  -------------------------------------------------------------------    -------------------
    SLICE_X16Y147        FDRE (Prop_fdre_C_Q)         0.398     5.997 r  soc_top/axi_clock_converter_0/axi_clock_converter_0_axi_clock_converter_v2_1_35_axi_clock_converter/<hidden>/<hidden>/<hidden>/<hidden>/<hidden>/<hidden>
                         net (fo=1, routed)           0.367     6.363    soc_top/axi_clock_converter_0/axi_clock_converter_0_axi_clock_converter_v2_1_35_axi_clock_converter/<hidden>/<hidden>/<hidden>/<hidden>/<hidden>/<hidden>
    SLICE_X15Y145        FDRE                                         r  soc_top/axi_clock_converter_0/axi_clock_converter_0_axi_clock_converter_v2_1_35_axi_clock_converter/<hidden>/<hidden>/<hidden>/<hidden>/<hidden>/<hidden>
  -------------------------------------------------------------------    -------------------

                         (clock clk_out1_clk_pll_33 rise edge)
                                                      0.000     0.000 r  
    AC19                                              0.000     0.000 r  clk (IN)
                         net (fo=0)                   0.000     0.000    clk
    AC19                 IBUF (Prop_ibuf_I_O)         1.350     1.350 r  clk_IBUF_inst/O
                         net (fo=3, routed)           2.471     3.821    clk_pll_33/inst/clk_in1
    BUFGCTRL_X0Y5        BUFG (Prop_bufg_I_O)         0.077     3.898 r  clk_pll_33/inst/clkin1_bufg/O
                         net (fo=1, routed)           1.434     5.331    clk_pll_33/inst/clk_in1_clk_pll_33
    PLLE2_ADV_X0Y2       PLLE2_ADV (Prop_plle2_adv_CLKIN1_CLKOUT0)
                                                     -2.995     2.336 r  clk_pll_33/inst/plle2_adv_inst/CLKOUT0
                         net (fo=1, routed)           1.484     3.821    clk_pll_33/inst/clk_out1_clk_pll_33
    BUFGCTRL_X0Y0        BUFG (Prop_bufg_I_O)         0.077     3.898 r  clk_pll_33/inst/clkout1_buf/O
                         net (fo=7157, routed)        1.391     5.288    soc_top/axi_clock_converter_0/axi_clock_converter_0_axi_clock_converter_v2_1_35_axi_clock_converter/<hidden>/<hidden>/<hidden>/<hidden>/<hidden>/<hidden>
    SLICE_X15Y145        FDRE                                         r  soc_top/axi_clock_converter_0/axi_clock_converter_0_axi_clock_converter_v2_1_35_axi_clock_converter/<hidden>/<hidden>/<hidden>/<hidden>/<hidden>/<hidden>
                         clock pessimism              0.125     5.413    
    SLICE_X15Y145        FDRE (Setup_fdre_C_D)       -0.202     5.211    soc_top/axi_clock_converter_0/axi_clock_converter_0_axi_clock_converter_v2_1_35_axi_clock_converter/<hidden>/<hidden>/<hidden>/<hidden>/<hidden>/<hidden>
  -------------------------------------------------------------------
                         data arrival                           6.363    
                         clock arrival                          5.211    
  -------------------------------------------------------------------
                         relative delay                         1.152    

Reference path:
    Location             Delay type                Incr(ns)  Path(ns)    Netlist Resource(s)
  -------------------------------------------------------------------    -------------------
                         (clock clk_out2_clk_pll_33 rise edge)
                                                      0.000     0.000 r  
    AC19                                              0.000     0.000 r  clk (IN)
                         net (fo=0)                   0.000     0.000    clk
    AC19                 IBUF (Prop_ibuf_I_O)         1.350     1.350 r  clk_IBUF_inst/O
                         net (fo=3, routed)           2.471     3.821    clk_pll_33/inst/clk_in1
    BUFGCTRL_X0Y5        BUFG (Prop_bufg_I_O)         0.077     3.898 r  clk_pll_33/inst/clkin1_bufg/O
                         net (fo=1, routed)           1.434     5.331    clk_pll_33/inst/clk_in1_clk_pll_33
    PLLE2_ADV_X0Y2       PLLE2_ADV (Prop_plle2_adv_CLKIN1_CLKOUT1)
                                                     -2.995     2.336 r  clk_pll_33/inst/plle2_adv_inst/CLKOUT1
                         net (fo=1, routed)           1.484     3.821    clk_pll_33/inst/clk_out2_clk_pll_33
    BUFGCTRL_X0Y1        BUFG (Prop_bufg_I_O)         0.077     3.898 r  clk_pll_33/inst/clkout2_buf/O
                         net (fo=6628, routed)        1.390     5.287    soc_top/axi_clock_converter_0/axi_clock_converter_0_axi_clock_converter_v2_1_35_axi_clock_converter/<hidden>/<hidden>/<hidden>/<hidden>/<hidden>/<hidden>
    SLICE_X16Y146        FDRE                                         r  soc_top/axi_clock_converter_0/axi_clock_converter_0_axi_clock_converter_v2_1_35_axi_clock_converter/<hidden>/<hidden>/<hidden>/<hidden>/<hidden>/<hidden>
  -------------------------------------------------------------------    -------------------
    SLICE_X16Y146        FDRE (Prop_fdre_C_Q)         0.319     5.606 r  soc_top/axi_clock_converter_0/axi_clock_converter_0_axi_clock_converter_v2_1_35_axi_clock_converter/<hidden>/<hidden>/<hidden>/<hidden>/<hidden>/<hidden>
                         net (fo=1, routed)           0.195     5.802    soc_top/axi_clock_converter_0/axi_clock_converter_0_axi_clock_converter_v2_1_35_axi_clock_converter/<hidden>/<hidden>/<hidden>/<hidden>/<hidden>/<hidden>
    SLICE_X16Y145        FDRE                                         r  soc_top/axi_clock_converter_0/axi_clock_converter_0_axi_clock_converter_v2_1_35_axi_clock_converter/<hidden>/<hidden>/<hidden>/<hidden>/<hidden>/<hidden>
  -------------------------------------------------------------------    -------------------

                         (clock clk_out1_clk_pll_33 rise edge)
                                                      0.000     0.000 r  
    AC19                                              0.000     0.000 r  clk (IN)
                         net (fo=0)                   0.000     0.000    clk
    AC19                 IBUF (Prop_ibuf_I_O)         1.416     1.416 r  clk_IBUF_inst/O
                         net (fo=3, routed)           2.602     4.018    clk_pll_33/inst/clk_in1
    BUFGCTRL_X0Y5        BUFG (Prop_bufg_I_O)         0.081     4.099 r  clk_pll_33/inst/clkin1_bufg/O
                         net (fo=1, routed)           1.536     5.635    clk_pll_33/inst/clk_in1_clk_pll_33
    PLLE2_ADV_X0Y2       PLLE2_ADV (Prop_plle2_adv_CLKIN1_CLKOUT0)
                                                     -3.173     2.461 r  clk_pll_33/inst/plle2_adv_inst/CLKOUT0
                         net (fo=1, routed)           1.557     4.018    clk_pll_33/inst/clk_out1_clk_pll_33
    BUFGCTRL_X0Y0        BUFG (Prop_bufg_I_O)         0.081     4.099 r  clk_pll_33/inst/clkout1_buf/O
                         net (fo=7157, routed)        1.500     5.599    soc_top/axi_clock_converter_0/axi_clock_converter_0_axi_clock_converter_v2_1_35_axi_clock_converter/<hidden>/<hidden>/<hidden>/<hidden>/<hidden>/<hidden>
    SLICE_X16Y145        FDRE                                         r  soc_top/axi_clock_converter_0/axi_clock_converter_0_axi_clock_converter_v2_1_35_axi_clock_converter/<hidden>/<hidden>/<hidden>/<hidden>/<hidden>/<hidden>
                         clock pessimism             -0.125     5.474    
    SLICE_X16Y145        FDRE (Hold_fdre_C_D)         0.089     5.563    soc_top/axi_clock_converter_0/axi_clock_converter_0_axi_clock_converter_v2_1_35_axi_clock_converter/<hidden>/<hidden>/<hidden>/<hidden>/<hidden>/<hidden>
  -------------------------------------------------------------------
                         data arrival                           5.802    
                         clock arrival                          5.563    
  -------------------------------------------------------------------
                         relative delay                         0.239    



Id: 9
set_bus_skew -from [get_cells [list {AXI_CLK_CONVERTER/inst/gen_clock_conv.gen_async_conv.asyncfifo_axi/inst_fifo_gen/gaxi_full_lite.gwrite_ch.gwdch2.axi_wdch/grf.rf/gntv_or_sync_fifo.gcx.clkx/wr_pntr_cdc_inst/src_gray_ff_reg[0]} {AXI_CLK_CONVERTER/inst/gen_clock_conv.gen_async_conv.asyncfifo_axi/inst_fifo_gen/gaxi_full_lite.gwrite_ch.gwdch2.axi_wdch/grf.rf/gntv_or_sync_fifo.gcx.clkx/wr_pntr_cdc_inst/src_gray_ff_reg[1]} {AXI_CLK_CONVERTER/inst/gen_clock_conv.gen_async_conv.asyncfifo_axi/inst_fifo_gen/gaxi_full_lite.gwrite_ch.gwdch2.axi_wdch/grf.rf/gntv_or_sync_fifo.gcx.clkx/wr_pntr_cdc_inst/src_gray_ff_reg[2]} {AXI_CLK_CONVERTER/inst/gen_clock_conv.gen_async_conv.asyncfifo_axi/inst_fifo_gen/gaxi_full_lite.gwrite_ch.gwdch2.axi_wdch/grf.rf/gntv_or_sync_fifo.gcx.clkx/wr_pntr_cdc_inst/src_gray_ff_reg[3]}]] -to [get_cells [list {AXI_CLK_CONVERTER/inst/gen_clock_conv.gen_async_conv.asyncfifo_axi/inst_fifo_gen/gaxi_full_lite.gwrite_ch.gwdch2.axi_wdch/grf.rf/gntv_or_sync_fifo.gcx.clkx/wr_pntr_cdc_inst/dest_graysync_ff_reg[0][0]} {AXI_CLK_CONVERTER/inst/gen_clock_conv.gen_async_conv.asyncfifo_axi/inst_fifo_gen/gaxi_full_lite.gwrite_ch.gwdch2.axi_wdch/grf.rf/gntv_or_sync_fifo.gcx.clkx/wr_pntr_cdc_inst/dest_graysync_ff_reg[0][1]} {AXI_CLK_CONVERTER/inst/gen_clock_conv.gen_async_conv.asyncfifo_axi/inst_fifo_gen/gaxi_full_lite.gwrite_ch.gwdch2.axi_wdch/grf.rf/gntv_or_sync_fifo.gcx.clkx/wr_pntr_cdc_inst/dest_graysync_ff_reg[0][2]} {AXI_CLK_CONVERTER/inst/gen_clock_conv.gen_async_conv.asyncfifo_axi/inst_fifo_gen/gaxi_full_lite.gwrite_ch.gwdch2.axi_wdch/grf.rf/gntv_or_sync_fifo.gcx.clkx/wr_pntr_cdc_inst/dest_graysync_ff_reg[0][3]}]] 30.303
Requirement: 30.303ns
Endpoints: 4

From Clock            To Clock              Endpoint Pin                    Reference Pin                   Corner  Actual(ns)  Slack(ns)
--------------------  --------------------  ------------------------------  ------------------------------  ------  ----------  ---------
clk_out1_clk_pll_33   clk_out2_clk_pll_33   AXI_CLK_CONVERTER/inst/gen_clock_conv.gen_async_conv.asyncfifo_axi/inst_fifo_gen/gaxi_full_lite.gwrite_ch.gwdch2.axi_wdch/grf.rf/gntv_or_sync_fifo.gcx.clkx/wr_pntr_cdc_inst/dest_graysync_ff_reg[0][1]/D
                                                                            AXI_CLK_CONVERTER/inst/gen_clock_conv.gen_async_conv.asyncfifo_axi/inst_fifo_gen/gaxi_full_lite.gwrite_ch.gwdch2.axi_wdch/grf.rf/gntv_or_sync_fifo.gcx.clkx/wr_pntr_cdc_inst/dest_graysync_ff_reg[0][2]/D
                                                                                                            Slow         0.672     29.631


Slack (MET) :             29.631ns  (requirement - actual skew)
  Endpoint Source:        soc_top/axi_clock_converter_0/axi_clock_converter_0_axi_clock_converter_v2_1_35_axi_clock_converter/<hidden>/<hidden>/<hidden>/<hidden>/<hidden>/<hidden>
                            (rising edge-triggered cell FDRE clocked by clk_out1_clk_pll_33)
  Endpoint Destination:   soc_top/axi_clock_converter_0/axi_clock_converter_0_axi_clock_converter_v2_1_35_axi_clock_converter/<hidden>/<hidden>/<hidden>/<hidden>/<hidden>/<hidden>
                            (rising edge-triggered cell FDRE clocked by clk_out2_clk_pll_33)
  Reference Source:       soc_top/axi_clock_converter_0/axi_clock_converter_0_axi_clock_converter_v2_1_35_axi_clock_converter/<hidden>/<hidden>/<hidden>/<hidden>/<hidden>/<hidden>
                            (rising edge-triggered cell FDRE clocked by clk_out1_clk_pll_33)
  Reference Destination:  soc_top/axi_clock_converter_0/axi_clock_converter_0_axi_clock_converter_v2_1_35_axi_clock_converter/<hidden>/<hidden>/<hidden>/<hidden>/<hidden>/<hidden>
                            (rising edge-triggered cell FDRE clocked by clk_out2_clk_pll_33)
  Path Type:              Bus Skew (Max at Slow Process Corner)
  Requirement:            30.303ns
  Endpoint Relative Delay:    1.259ns
  Reference Relative Delay:   0.273ns
  Relative CRPR:              0.314ns
  Actual Bus Skew:            0.672ns  (Endpoint Relative Delay - Reference Relative Delay - Relative CRPR)

Endpoint path:
    Location             Delay type                Incr(ns)  Path(ns)    Netlist Resource(s)
  -------------------------------------------------------------------    -------------------
                         (clock clk_out1_clk_pll_33 rise edge)
                                                      0.000     0.000 r  
    AC19                                              0.000     0.000 r  clk (IN)
                         net (fo=0)                   0.000     0.000    clk
    AC19                 IBUF (Prop_ibuf_I_O)         1.416     1.416 r  clk_IBUF_inst/O
                         net (fo=3, routed)           2.602     4.018    clk_pll_33/inst/clk_in1
    BUFGCTRL_X0Y5        BUFG (Prop_bufg_I_O)         0.081     4.099 r  clk_pll_33/inst/clkin1_bufg/O
                         net (fo=1, routed)           1.536     5.635    clk_pll_33/inst/clk_in1_clk_pll_33
    PLLE2_ADV_X0Y2       PLLE2_ADV (Prop_plle2_adv_CLKIN1_CLKOUT0)
                                                     -3.173     2.461 r  clk_pll_33/inst/plle2_adv_inst/CLKOUT0
                         net (fo=1, routed)           1.557     4.018    clk_pll_33/inst/clk_out1_clk_pll_33
    BUFGCTRL_X0Y0        BUFG (Prop_bufg_I_O)         0.081     4.099 r  clk_pll_33/inst/clkout1_buf/O
                         net (fo=7157, routed)        1.484     5.583    soc_top/axi_clock_converter_0/axi_clock_converter_0_axi_clock_converter_v2_1_35_axi_clock_converter/<hidden>/<hidden>/<hidden>/<hidden>/<hidden>/<hidden>
    SLICE_X40Y144        FDRE                                         r  soc_top/axi_clock_converter_0/axi_clock_converter_0_axi_clock_converter_v2_1_35_axi_clock_converter/<hidden>/<hidden>/<hidden>/<hidden>/<hidden>/<hidden>
  -------------------------------------------------------------------    -------------------
    SLICE_X40Y144        FDRE (Prop_fdre_C_Q)         0.398     5.981 r  soc_top/axi_clock_converter_0/axi_clock_converter_0_axi_clock_converter_v2_1_35_axi_clock_converter/<hidden>/<hidden>/<hidden>/<hidden>/<hidden>/<hidden>
                         net (fo=1, routed)           0.476     6.457    soc_top/axi_clock_converter_0/axi_clock_converter_0_axi_clock_converter_v2_1_35_axi_clock_converter/<hidden>/<hidden>/<hidden>/<hidden>/<hidden>/<hidden>
    SLICE_X41Y144        FDRE                                         r  soc_top/axi_clock_converter_0/axi_clock_converter_0_axi_clock_converter_v2_1_35_axi_clock_converter/<hidden>/<hidden>/<hidden>/<hidden>/<hidden>/<hidden>
  -------------------------------------------------------------------    -------------------

                         (clock clk_out2_clk_pll_33 rise edge)
                                                      0.000     0.000 r  
    AC19                                              0.000     0.000 r  clk (IN)
                         net (fo=0)                   0.000     0.000    clk
    AC19                 IBUF (Prop_ibuf_I_O)         1.350     1.350 r  clk_IBUF_inst/O
                         net (fo=3, routed)           2.471     3.821    clk_pll_33/inst/clk_in1
    BUFGCTRL_X0Y5        BUFG (Prop_bufg_I_O)         0.077     3.898 r  clk_pll_33/inst/clkin1_bufg/O
                         net (fo=1, routed)           1.434     5.331    clk_pll_33/inst/clk_in1_clk_pll_33
    PLLE2_ADV_X0Y2       PLLE2_ADV (Prop_plle2_adv_CLKIN1_CLKOUT1)
                                                     -2.995     2.336 r  clk_pll_33/inst/plle2_adv_inst/CLKOUT1
                         net (fo=1, routed)           1.484     3.821    clk_pll_33/inst/clk_out2_clk_pll_33
    BUFGCTRL_X0Y1        BUFG (Prop_bufg_I_O)         0.077     3.898 r  clk_pll_33/inst/clkout2_buf/O
                         net (fo=6628, routed)        1.375     5.272    soc_top/axi_clock_converter_0/axi_clock_converter_0_axi_clock_converter_v2_1_35_axi_clock_converter/<hidden>/<hidden>/<hidden>/<hidden>/<hidden>/<hidden>
    SLICE_X41Y144        FDRE                                         r  soc_top/axi_clock_converter_0/axi_clock_converter_0_axi_clock_converter_v2_1_35_axi_clock_converter/<hidden>/<hidden>/<hidden>/<hidden>/<hidden>/<hidden>
                         clock pessimism              0.125     5.397    
    SLICE_X41Y144        FDRE (Setup_fdre_C_D)       -0.200     5.197    soc_top/axi_clock_converter_0/axi_clock_converter_0_axi_clock_converter_v2_1_35_axi_clock_converter/<hidden>/<hidden>/<hidden>/<hidden>/<hidden>/<hidden>
  -------------------------------------------------------------------
                         data arrival                           6.457    
                         clock arrival                          5.197    
  -------------------------------------------------------------------
                         relative delay                         1.259    

Reference path:
    Location             Delay type                Incr(ns)  Path(ns)    Netlist Resource(s)
  -------------------------------------------------------------------    -------------------
                         (clock clk_out1_clk_pll_33 rise edge)
                                                      0.000     0.000 r  
    AC19                                              0.000     0.000 r  clk (IN)
                         net (fo=0)                   0.000     0.000    clk
    AC19                 IBUF (Prop_ibuf_I_O)         1.350     1.350 r  clk_IBUF_inst/O
                         net (fo=3, routed)           2.471     3.821    clk_pll_33/inst/clk_in1
    BUFGCTRL_X0Y5        BUFG (Prop_bufg_I_O)         0.077     3.898 r  clk_pll_33/inst/clkin1_bufg/O
                         net (fo=1, routed)           1.434     5.331    clk_pll_33/inst/clk_in1_clk_pll_33
    PLLE2_ADV_X0Y2       PLLE2_ADV (Prop_plle2_adv_CLKIN1_CLKOUT0)
                                                     -2.995     2.336 r  clk_pll_33/inst/plle2_adv_inst/CLKOUT0
                         net (fo=1, routed)           1.484     3.821    clk_pll_33/inst/clk_out1_clk_pll_33
    BUFGCTRL_X0Y0        BUFG (Prop_bufg_I_O)         0.077     3.898 r  clk_pll_33/inst/clkout1_buf/O
                         net (fo=7157, routed)        1.375     5.272    soc_top/axi_clock_converter_0/axi_clock_converter_0_axi_clock_converter_v2_1_35_axi_clock_converter/<hidden>/<hidden>/<hidden>/<hidden>/<hidden>/<hidden>
    SLICE_X41Y143        FDRE                                         r  soc_top/axi_clock_converter_0/axi_clock_converter_0_axi_clock_converter_v2_1_35_axi_clock_converter/<hidden>/<hidden>/<hidden>/<hidden>/<hidden>/<hidden>
  -------------------------------------------------------------------    -------------------
    SLICE_X41Y143        FDRE (Prop_fdre_C_Q)         0.304     5.576 r  soc_top/axi_clock_converter_0/axi_clock_converter_0_axi_clock_converter_v2_1_35_axi_clock_converter/<hidden>/<hidden>/<hidden>/<hidden>/<hidden>/<hidden>
                         net (fo=1, routed)           0.290     5.866    soc_top/axi_clock_converter_0/axi_clock_converter_0_axi_clock_converter_v2_1_35_axi_clock_converter/<hidden>/<hidden>/<hidden>/<hidden>/<hidden>/<hidden>
    SLICE_X41Y145        FDRE                                         r  soc_top/axi_clock_converter_0/axi_clock_converter_0_axi_clock_converter_v2_1_35_axi_clock_converter/<hidden>/<hidden>/<hidden>/<hidden>/<hidden>/<hidden>
  -------------------------------------------------------------------    -------------------

                         (clock clk_out2_clk_pll_33 rise edge)
                                                      0.000     0.000 r  
    AC19                                              0.000     0.000 r  clk (IN)
                         net (fo=0)                   0.000     0.000    clk
    AC19                 IBUF (Prop_ibuf_I_O)         1.416     1.416 r  clk_IBUF_inst/O
                         net (fo=3, routed)           2.602     4.018    clk_pll_33/inst/clk_in1
    BUFGCTRL_X0Y5        BUFG (Prop_bufg_I_O)         0.081     4.099 r  clk_pll_33/inst/clkin1_bufg/O
                         net (fo=1, routed)           1.536     5.635    clk_pll_33/inst/clk_in1_clk_pll_33
    PLLE2_ADV_X0Y2       PLLE2_ADV (Prop_plle2_adv_CLKIN1_CLKOUT1)
                                                     -3.173     2.461 r  clk_pll_33/inst/plle2_adv_inst/CLKOUT1
                         net (fo=1, routed)           1.557     4.018    clk_pll_33/inst/clk_out2_clk_pll_33
    BUFGCTRL_X0Y1        BUFG (Prop_bufg_I_O)         0.081     4.099 r  clk_pll_33/inst/clkout2_buf/O
                         net (fo=6628, routed)        1.484     5.583    soc_top/axi_clock_converter_0/axi_clock_converter_0_axi_clock_converter_v2_1_35_axi_clock_converter/<hidden>/<hidden>/<hidden>/<hidden>/<hidden>/<hidden>
    SLICE_X41Y145        FDRE                                         r  soc_top/axi_clock_converter_0/axi_clock_converter_0_axi_clock_converter_v2_1_35_axi_clock_converter/<hidden>/<hidden>/<hidden>/<hidden>/<hidden>/<hidden>
                         clock pessimism             -0.125     5.458    
    SLICE_X41Y145        FDRE (Hold_fdre_C_D)         0.136     5.594    soc_top/axi_clock_converter_0/axi_clock_converter_0_axi_clock_converter_v2_1_35_axi_clock_converter/<hidden>/<hidden>/<hidden>/<hidden>/<hidden>/<hidden>
  -------------------------------------------------------------------
                         data arrival                           5.866    
                         clock arrival                          5.594    
  -------------------------------------------------------------------
                         relative delay                         0.273    



Id: 10
set_bus_skew -from [get_cells [list {AXI_CLK_CONVERTER/inst/gen_clock_conv.gen_async_conv.asyncfifo_axi/inst_fifo_gen/gaxi_full_lite.gwrite_ch.gwach2.axi_wach/grf.rf/gntv_or_sync_fifo.gcx.clkx/wr_pntr_cdc_inst/src_gray_ff_reg[0]} {AXI_CLK_CONVERTER/inst/gen_clock_conv.gen_async_conv.asyncfifo_axi/inst_fifo_gen/gaxi_full_lite.gwrite_ch.gwach2.axi_wach/grf.rf/gntv_or_sync_fifo.gcx.clkx/wr_pntr_cdc_inst/src_gray_ff_reg[1]} {AXI_CLK_CONVERTER/inst/gen_clock_conv.gen_async_conv.asyncfifo_axi/inst_fifo_gen/gaxi_full_lite.gwrite_ch.gwach2.axi_wach/grf.rf/gntv_or_sync_fifo.gcx.clkx/wr_pntr_cdc_inst/src_gray_ff_reg[2]} {AXI_CLK_CONVERTER/inst/gen_clock_conv.gen_async_conv.asyncfifo_axi/inst_fifo_gen/gaxi_full_lite.gwrite_ch.gwach2.axi_wach/grf.rf/gntv_or_sync_fifo.gcx.clkx/wr_pntr_cdc_inst/src_gray_ff_reg[3]}]] -to [get_cells [list {AXI_CLK_CONVERTER/inst/gen_clock_conv.gen_async_conv.asyncfifo_axi/inst_fifo_gen/gaxi_full_lite.gwrite_ch.gwach2.axi_wach/grf.rf/gntv_or_sync_fifo.gcx.clkx/wr_pntr_cdc_inst/dest_graysync_ff_reg[0][0]} {AXI_CLK_CONVERTER/inst/gen_clock_conv.gen_async_conv.asyncfifo_axi/inst_fifo_gen/gaxi_full_lite.gwrite_ch.gwach2.axi_wach/grf.rf/gntv_or_sync_fifo.gcx.clkx/wr_pntr_cdc_inst/dest_graysync_ff_reg[0][1]} {AXI_CLK_CONVERTER/inst/gen_clock_conv.gen_async_conv.asyncfifo_axi/inst_fifo_gen/gaxi_full_lite.gwrite_ch.gwach2.axi_wach/grf.rf/gntv_or_sync_fifo.gcx.clkx/wr_pntr_cdc_inst/dest_graysync_ff_reg[0][2]} {AXI_CLK_CONVERTER/inst/gen_clock_conv.gen_async_conv.asyncfifo_axi/inst_fifo_gen/gaxi_full_lite.gwrite_ch.gwach2.axi_wach/grf.rf/gntv_or_sync_fifo.gcx.clkx/wr_pntr_cdc_inst/dest_graysync_ff_reg[0][3]}]] 30.303
Requirement: 30.303ns
Endpoints: 4

From Clock            To Clock              Endpoint Pin                    Reference Pin                   Corner  Actual(ns)  Slack(ns)
--------------------  --------------------  ------------------------------  ------------------------------  ------  ----------  ---------
clk_out1_clk_pll_33   clk_out2_clk_pll_33   AXI_CLK_CONVERTER/inst/gen_clock_conv.gen_async_conv.asyncfifo_axi/inst_fifo_gen/gaxi_full_lite.gwrite_ch.gwach2.axi_wach/grf.rf/gntv_or_sync_fifo.gcx.clkx/wr_pntr_cdc_inst/dest_graysync_ff_reg[0][3]/D
                                                                            AXI_CLK_CONVERTER/inst/gen_clock_conv.gen_async_conv.asyncfifo_axi/inst_fifo_gen/gaxi_full_lite.gwrite_ch.gwach2.axi_wach/grf.rf/gntv_or_sync_fifo.gcx.clkx/wr_pntr_cdc_inst/dest_graysync_ff_reg[0][0]/D
                                                                                                            Slow         0.589     29.714


Slack (MET) :             29.714ns  (requirement - actual skew)
  Endpoint Source:        soc_top/axi_clock_converter_0/axi_clock_converter_0_axi_clock_converter_v2_1_35_axi_clock_converter/<hidden>/<hidden>/<hidden>/<hidden>/<hidden>/<hidden>
                            (rising edge-triggered cell FDRE clocked by clk_out1_clk_pll_33)
  Endpoint Destination:   soc_top/axi_clock_converter_0/axi_clock_converter_0_axi_clock_converter_v2_1_35_axi_clock_converter/<hidden>/<hidden>/<hidden>/<hidden>/<hidden>/<hidden>
                            (rising edge-triggered cell FDRE clocked by clk_out2_clk_pll_33)
  Reference Source:       soc_top/axi_clock_converter_0/axi_clock_converter_0_axi_clock_converter_v2_1_35_axi_clock_converter/<hidden>/<hidden>/<hidden>/<hidden>/<hidden>/<hidden>
                            (rising edge-triggered cell FDRE clocked by clk_out1_clk_pll_33)
  Reference Destination:  soc_top/axi_clock_converter_0/axi_clock_converter_0_axi_clock_converter_v2_1_35_axi_clock_converter/<hidden>/<hidden>/<hidden>/<hidden>/<hidden>/<hidden>
                            (rising edge-triggered cell FDRE clocked by clk_out2_clk_pll_33)
  Path Type:              Bus Skew (Max at Slow Process Corner)
  Requirement:            30.303ns
  Endpoint Relative Delay:    1.153ns
  Reference Relative Delay:   0.279ns
  Relative CRPR:              0.285ns
  Actual Bus Skew:            0.589ns  (Endpoint Relative Delay - Reference Relative Delay - Relative CRPR)

Endpoint path:
    Location             Delay type                Incr(ns)  Path(ns)    Netlist Resource(s)
  -------------------------------------------------------------------    -------------------
                         (clock clk_out1_clk_pll_33 rise edge)
                                                      0.000     0.000 r  
    AC19                                              0.000     0.000 r  clk (IN)
                         net (fo=0)                   0.000     0.000    clk
    AC19                 IBUF (Prop_ibuf_I_O)         1.416     1.416 r  clk_IBUF_inst/O
                         net (fo=3, routed)           2.602     4.018    clk_pll_33/inst/clk_in1
    BUFGCTRL_X0Y5        BUFG (Prop_bufg_I_O)         0.081     4.099 r  clk_pll_33/inst/clkin1_bufg/O
                         net (fo=1, routed)           1.536     5.635    clk_pll_33/inst/clk_in1_clk_pll_33
    PLLE2_ADV_X0Y2       PLLE2_ADV (Prop_plle2_adv_CLKIN1_CLKOUT0)
                                                     -3.173     2.461 r  clk_pll_33/inst/plle2_adv_inst/CLKOUT0
                         net (fo=1, routed)           1.557     4.018    clk_pll_33/inst/clk_out1_clk_pll_33
    BUFGCTRL_X0Y0        BUFG (Prop_bufg_I_O)         0.081     4.099 r  clk_pll_33/inst/clkout1_buf/O
                         net (fo=7157, routed)        1.398     5.497    soc_top/axi_clock_converter_0/axi_clock_converter_0_axi_clock_converter_v2_1_35_axi_clock_converter/<hidden>/<hidden>/<hidden>/<hidden>/<hidden>/<hidden>
    SLICE_X46Y152        FDRE                                         r  soc_top/axi_clock_converter_0/axi_clock_converter_0_axi_clock_converter_v2_1_35_axi_clock_converter/<hidden>/<hidden>/<hidden>/<hidden>/<hidden>/<hidden>
  -------------------------------------------------------------------    -------------------
    SLICE_X46Y152        FDRE (Prop_fdre_C_Q)         0.398     5.895 r  soc_top/axi_clock_converter_0/axi_clock_converter_0_axi_clock_converter_v2_1_35_axi_clock_converter/<hidden>/<hidden>/<hidden>/<hidden>/<hidden>/<hidden>
                         net (fo=1, routed)           0.366     6.261    soc_top/axi_clock_converter_0/axi_clock_converter_0_axi_clock_converter_v2_1_35_axi_clock_converter/<hidden>/<hidden>/<hidden>/<hidden>/<hidden>/<hidden>
    SLICE_X47Y152        FDRE                                         r  soc_top/axi_clock_converter_0/axi_clock_converter_0_axi_clock_converter_v2_1_35_axi_clock_converter/<hidden>/<hidden>/<hidden>/<hidden>/<hidden>/<hidden>
  -------------------------------------------------------------------    -------------------

                         (clock clk_out2_clk_pll_33 rise edge)
                                                      0.000     0.000 r  
    AC19                                              0.000     0.000 r  clk (IN)
                         net (fo=0)                   0.000     0.000    clk
    AC19                 IBUF (Prop_ibuf_I_O)         1.350     1.350 r  clk_IBUF_inst/O
                         net (fo=3, routed)           2.471     3.821    clk_pll_33/inst/clk_in1
    BUFGCTRL_X0Y5        BUFG (Prop_bufg_I_O)         0.077     3.898 r  clk_pll_33/inst/clkin1_bufg/O
                         net (fo=1, routed)           1.434     5.331    clk_pll_33/inst/clk_in1_clk_pll_33
    PLLE2_ADV_X0Y2       PLLE2_ADV (Prop_plle2_adv_CLKIN1_CLKOUT1)
                                                     -2.995     2.336 r  clk_pll_33/inst/plle2_adv_inst/CLKOUT1
                         net (fo=1, routed)           1.484     3.821    clk_pll_33/inst/clk_out2_clk_pll_33
    BUFGCTRL_X0Y1        BUFG (Prop_bufg_I_O)         0.077     3.898 r  clk_pll_33/inst/clkout2_buf/O
                         net (fo=6628, routed)        1.288     5.186    soc_top/axi_clock_converter_0/axi_clock_converter_0_axi_clock_converter_v2_1_35_axi_clock_converter/<hidden>/<hidden>/<hidden>/<hidden>/<hidden>/<hidden>
    SLICE_X47Y152        FDRE                                         r  soc_top/axi_clock_converter_0/axi_clock_converter_0_axi_clock_converter_v2_1_35_axi_clock_converter/<hidden>/<hidden>/<hidden>/<hidden>/<hidden>/<hidden>
                         clock pessimism              0.125     5.311    
    SLICE_X47Y152        FDRE (Setup_fdre_C_D)       -0.202     5.109    soc_top/axi_clock_converter_0/axi_clock_converter_0_axi_clock_converter_v2_1_35_axi_clock_converter/<hidden>/<hidden>/<hidden>/<hidden>/<hidden>/<hidden>
  -------------------------------------------------------------------
                         data arrival                           6.261    
                         clock arrival                          5.109    
  -------------------------------------------------------------------
                         relative delay                         1.153    

Reference path:
    Location             Delay type                Incr(ns)  Path(ns)    Netlist Resource(s)
  -------------------------------------------------------------------    -------------------
                         (clock clk_out1_clk_pll_33 rise edge)
                                                      0.000     0.000 r  
    AC19                                              0.000     0.000 r  clk (IN)
                         net (fo=0)                   0.000     0.000    clk
    AC19                 IBUF (Prop_ibuf_I_O)         1.350     1.350 r  clk_IBUF_inst/O
                         net (fo=3, routed)           2.471     3.821    clk_pll_33/inst/clk_in1
    BUFGCTRL_X0Y5        BUFG (Prop_bufg_I_O)         0.077     3.898 r  clk_pll_33/inst/clkin1_bufg/O
                         net (fo=1, routed)           1.434     5.331    clk_pll_33/inst/clk_in1_clk_pll_33
    PLLE2_ADV_X0Y2       PLLE2_ADV (Prop_plle2_adv_CLKIN1_CLKOUT0)
                                                     -2.995     2.336 r  clk_pll_33/inst/plle2_adv_inst/CLKOUT0
                         net (fo=1, routed)           1.484     3.821    clk_pll_33/inst/clk_out1_clk_pll_33
    BUFGCTRL_X0Y0        BUFG (Prop_bufg_I_O)         0.077     3.898 r  clk_pll_33/inst/clkout1_buf/O
                         net (fo=7157, routed)        1.288     5.186    soc_top/axi_clock_converter_0/axi_clock_converter_0_axi_clock_converter_v2_1_35_axi_clock_converter/<hidden>/<hidden>/<hidden>/<hidden>/<hidden>/<hidden>
    SLICE_X43Y152        FDRE                                         r  soc_top/axi_clock_converter_0/axi_clock_converter_0_axi_clock_converter_v2_1_35_axi_clock_converter/<hidden>/<hidden>/<hidden>/<hidden>/<hidden>/<hidden>
  -------------------------------------------------------------------    -------------------
    SLICE_X43Y152        FDRE (Prop_fdre_C_Q)         0.304     5.490 r  soc_top/axi_clock_converter_0/axi_clock_converter_0_axi_clock_converter_v2_1_35_axi_clock_converter/<hidden>/<hidden>/<hidden>/<hidden>/<hidden>/<hidden>
                         net (fo=1, routed)           0.298     5.788    soc_top/axi_clock_converter_0/axi_clock_converter_0_axi_clock_converter_v2_1_35_axi_clock_converter/<hidden>/<hidden>/<hidden>/<hidden>/<hidden>/<hidden>
    SLICE_X45Y152        FDRE                                         r  soc_top/axi_clock_converter_0/axi_clock_converter_0_axi_clock_converter_v2_1_35_axi_clock_converter/<hidden>/<hidden>/<hidden>/<hidden>/<hidden>/<hidden>
  -------------------------------------------------------------------    -------------------

                         (clock clk_out2_clk_pll_33 rise edge)
                                                      0.000     0.000 r  
    AC19                                              0.000     0.000 r  clk (IN)
                         net (fo=0)                   0.000     0.000    clk
    AC19                 IBUF (Prop_ibuf_I_O)         1.416     1.416 r  clk_IBUF_inst/O
                         net (fo=3, routed)           2.602     4.018    clk_pll_33/inst/clk_in1
    BUFGCTRL_X0Y5        BUFG (Prop_bufg_I_O)         0.081     4.099 r  clk_pll_33/inst/clkin1_bufg/O
                         net (fo=1, routed)           1.536     5.635    clk_pll_33/inst/clk_in1_clk_pll_33
    PLLE2_ADV_X0Y2       PLLE2_ADV (Prop_plle2_adv_CLKIN1_CLKOUT1)
                                                     -3.173     2.461 r  clk_pll_33/inst/plle2_adv_inst/CLKOUT1
                         net (fo=1, routed)           1.557     4.018    clk_pll_33/inst/clk_out2_clk_pll_33
    BUFGCTRL_X0Y1        BUFG (Prop_bufg_I_O)         0.081     4.099 r  clk_pll_33/inst/clkout2_buf/O
                         net (fo=6628, routed)        1.399     5.498    soc_top/axi_clock_converter_0/axi_clock_converter_0_axi_clock_converter_v2_1_35_axi_clock_converter/<hidden>/<hidden>/<hidden>/<hidden>/<hidden>/<hidden>
    SLICE_X45Y152        FDRE                                         r  soc_top/axi_clock_converter_0/axi_clock_converter_0_axi_clock_converter_v2_1_35_axi_clock_converter/<hidden>/<hidden>/<hidden>/<hidden>/<hidden>/<hidden>
                         clock pessimism             -0.125     5.373    
    SLICE_X45Y152        FDRE (Hold_fdre_C_D)         0.136     5.509    soc_top/axi_clock_converter_0/axi_clock_converter_0_axi_clock_converter_v2_1_35_axi_clock_converter/<hidden>/<hidden>/<hidden>/<hidden>/<hidden>/<hidden>
  -------------------------------------------------------------------
                         data arrival                           5.788    
                         clock arrival                          5.509    
  -------------------------------------------------------------------
                         relative delay                         0.279    



