
*** Running vivado
    with args -log soc_top.vds -m64 -product Vivado -mode batch -messageDb vivado.pb -notrace -source soc_top.tcl


****** Vivado v2025.2 (64-bit)
  **** SW Build 6299465 on Fri Nov 14 12:34:56 MST 2025
  **** IP Build 6300035 on Fri Nov 14 10:48:45 MST 2025
  **** SharedData Build 6298862 on Thu Nov 13 04:50:51 MST 2025
  **** Start of session at: Mon Jun 29 17:21:34 2026
    ** Copyright 1986-2022 Xilinx, Inc. All Rights Reserved.
    ** Copyright 2022-2025 Advanced Micro Devices, Inc. All Rights Reserved.

source soc_top.tcl -notrace
Command: synth_design -top soc_top -part xc7a200tfbg676-2
Starting synth_design
INFO: [IP_Flow 19-2162] IP 'axi_interconnect_0' is locked:
* IP definition 'axi_interconnect (1.7)' for IP 'axi_interconnect_0' (customized with software release 2023.2) was not found in the IP Catalog.
INFO: [IP_Flow 19-2162] IP 'axi_2x1_mux' is locked:
* IP definition 'axi_interconnect (1.7)' for IP 'axi_2x1_mux' (customized with software release 2023.2) was not found in the IP Catalog.
Attempting to get a license for feature 'Synthesis' and/or device 'xc7a200t'
INFO: [Common 17-349] Got license for feature 'Synthesis' and/or device 'xc7a200t'
INFO: [Device 21-403] Loading part xc7a200tfbg676-2
INFO: [Synth 8-7079] Multithreading enabled for synth_design using a maximum of 7 processes.
INFO: [Synth 8-7078] Launching helper process for spawning children vivado processes
INFO: [Synth 8-7075] Helper process launched with PID 2451906
---------------------------------------------------------------------------------
Starting RTL Elaboration : Time (s): cpu = 00:00:02 ; elapsed = 00:00:02 . Memory (MB): peak = 2288.168 ; gain = 487.594 ; free physical = 44604 ; free virtual = 87162
---------------------------------------------------------------------------------
INFO: [Synth 8-11241] undeclared symbol 'nand_dma_ack_i', assumed default net type 'wire' [/home/lch/work/miracle/chiplab/IP/APB_DEV/apb_dev_top_with_nand.v:208]
WARNING: [Synth 8-11145] root scope declaration is not allowed in Verilog 95/2K mode [/home/lch/work/miracle/chiplab/IP/MAC/utility.v:38]
WARNING: [Synth 8-11145] root scope declaration is not allowed in Verilog 95/2K mode [/home/lch/work/miracle/chiplab/IP/MAC/utility.v:41]
WARNING: [Synth 8-11145] root scope declaration is not allowed in Verilog 95/2K mode [/home/lch/work/miracle/chiplab/IP/MAC/utility.v:43]
WARNING: [Synth 8-11145] root scope declaration is not allowed in Verilog 95/2K mode [/home/lch/work/miracle/chiplab/IP/MAC/utility.v:45]
WARNING: [Synth 8-11145] root scope declaration is not allowed in Verilog 95/2K mode [/home/lch/work/miracle/chiplab/IP/MAC/utility.v:47]
WARNING: [Synth 8-11145] root scope declaration is not allowed in Verilog 95/2K mode [/home/lch/work/miracle/chiplab/IP/MAC/utility.v:49]
WARNING: [Synth 8-11145] root scope declaration is not allowed in Verilog 95/2K mode [/home/lch/work/miracle/chiplab/IP/MAC/utility.v:51]
WARNING: [Synth 8-11145] root scope declaration is not allowed in Verilog 95/2K mode [/home/lch/work/miracle/chiplab/IP/MAC/utility.v:53]
WARNING: [Synth 8-11145] root scope declaration is not allowed in Verilog 95/2K mode [/home/lch/work/miracle/chiplab/IP/MAC/utility.v:77]
WARNING: [Synth 8-11145] root scope declaration is not allowed in Verilog 95/2K mode [/home/lch/work/miracle/chiplab/IP/MAC/utility.v:79]
WARNING: [Synth 8-11145] root scope declaration is not allowed in Verilog 95/2K mode [/home/lch/work/miracle/chiplab/IP/MAC/utility.v:82]
WARNING: [Synth 8-11145] root scope declaration is not allowed in Verilog 95/2K mode [/home/lch/work/miracle/chiplab/IP/MAC/utility.v:84]
WARNING: [Synth 8-11145] root scope declaration is not allowed in Verilog 95/2K mode [/home/lch/work/miracle/chiplab/IP/MAC/utility.v:87]
WARNING: [Synth 8-11145] root scope declaration is not allowed in Verilog 95/2K mode [/home/lch/work/miracle/chiplab/IP/MAC/utility.v:89]
WARNING: [Synth 8-11145] root scope declaration is not allowed in Verilog 95/2K mode [/home/lch/work/miracle/chiplab/IP/MAC/utility.v:92]
WARNING: [Synth 8-11145] root scope declaration is not allowed in Verilog 95/2K mode [/home/lch/work/miracle/chiplab/IP/MAC/utility.v:94]
WARNING: [Synth 8-11145] root scope declaration is not allowed in Verilog 95/2K mode [/home/lch/work/miracle/chiplab/IP/MAC/utility.v:97]
WARNING: [Synth 8-11145] root scope declaration is not allowed in Verilog 95/2K mode [/home/lch/work/miracle/chiplab/IP/MAC/utility.v:99]
WARNING: [Synth 8-11145] root scope declaration is not allowed in Verilog 95/2K mode [/home/lch/work/miracle/chiplab/IP/MAC/utility.v:102]
WARNING: [Synth 8-11145] root scope declaration is not allowed in Verilog 95/2K mode [/home/lch/work/miracle/chiplab/IP/MAC/utility.v:104]
WARNING: [Synth 8-11145] root scope declaration is not allowed in Verilog 95/2K mode [/home/lch/work/miracle/chiplab/IP/MAC/utility.v:107]
WARNING: [Synth 8-11145] root scope declaration is not allowed in Verilog 95/2K mode [/home/lch/work/miracle/chiplab/IP/MAC/utility.v:109]
WARNING: [Synth 8-11145] root scope declaration is not allowed in Verilog 95/2K mode [/home/lch/work/miracle/chiplab/IP/MAC/utility.v:112]
WARNING: [Synth 8-11145] root scope declaration is not allowed in Verilog 95/2K mode [/home/lch/work/miracle/chiplab/IP/MAC/utility.v:114]
WARNING: [Synth 8-11145] root scope declaration is not allowed in Verilog 95/2K mode [/home/lch/work/miracle/chiplab/IP/MAC/utility.v:117]
WARNING: [Synth 8-11145] root scope declaration is not allowed in Verilog 95/2K mode [/home/lch/work/miracle/chiplab/IP/MAC/utility.v:119]
WARNING: [Synth 8-11145] root scope declaration is not allowed in Verilog 95/2K mode [/home/lch/work/miracle/chiplab/IP/MAC/utility.v:122]
WARNING: [Synth 8-11145] root scope declaration is not allowed in Verilog 95/2K mode [/home/lch/work/miracle/chiplab/IP/MAC/utility.v:124]
WARNING: [Synth 8-11145] root scope declaration is not allowed in Verilog 95/2K mode [/home/lch/work/miracle/chiplab/IP/MAC/utility.v:127]
WARNING: [Synth 8-11145] root scope declaration is not allowed in Verilog 95/2K mode [/home/lch/work/miracle/chiplab/IP/MAC/utility.v:129]
WARNING: [Synth 8-11145] root scope declaration is not allowed in Verilog 95/2K mode [/home/lch/work/miracle/chiplab/IP/MAC/utility.v:132]
WARNING: [Synth 8-11145] root scope declaration is not allowed in Verilog 95/2K mode [/home/lch/work/miracle/chiplab/IP/MAC/utility.v:134]
WARNING: [Synth 8-11145] root scope declaration is not allowed in Verilog 95/2K mode [/home/lch/work/miracle/chiplab/IP/MAC/utility.v:137]
WARNING: [Synth 8-11145] root scope declaration is not allowed in Verilog 95/2K mode [/home/lch/work/miracle/chiplab/IP/MAC/utility.v:140]
WARNING: [Synth 8-11145] root scope declaration is not allowed in Verilog 95/2K mode [/home/lch/work/miracle/chiplab/IP/MAC/utility.v:143]
WARNING: [Synth 8-11145] root scope declaration is not allowed in Verilog 95/2K mode [/home/lch/work/miracle/chiplab/IP/MAC/utility.v:149]
WARNING: [Synth 8-11145] root scope declaration is not allowed in Verilog 95/2K mode [/home/lch/work/miracle/chiplab/IP/MAC/utility.v:151]
WARNING: [Synth 8-11145] root scope declaration is not allowed in Verilog 95/2K mode [/home/lch/work/miracle/chiplab/IP/MAC/utility.v:153]
WARNING: [Synth 8-11145] root scope declaration is not allowed in Verilog 95/2K mode [/home/lch/work/miracle/chiplab/IP/MAC/utility.v:155]
WARNING: [Synth 8-11145] root scope declaration is not allowed in Verilog 95/2K mode [/home/lch/work/miracle/chiplab/IP/MAC/utility.v:157]
WARNING: [Synth 8-11145] root scope declaration is not allowed in Verilog 95/2K mode [/home/lch/work/miracle/chiplab/IP/MAC/utility.v:159]
WARNING: [Synth 8-11145] root scope declaration is not allowed in Verilog 95/2K mode [/home/lch/work/miracle/chiplab/IP/MAC/utility.v:161]
WARNING: [Synth 8-11145] root scope declaration is not allowed in Verilog 95/2K mode [/home/lch/work/miracle/chiplab/IP/MAC/utility.v:163]
WARNING: [Synth 8-11145] root scope declaration is not allowed in Verilog 95/2K mode [/home/lch/work/miracle/chiplab/IP/MAC/utility.v:164]
WARNING: [Synth 8-11145] root scope declaration is not allowed in Verilog 95/2K mode [/home/lch/work/miracle/chiplab/IP/MAC/utility.v:171]
WARNING: [Synth 8-11145] root scope declaration is not allowed in Verilog 95/2K mode [/home/lch/work/miracle/chiplab/IP/MAC/utility.v:173]
WARNING: [Synth 8-11145] root scope declaration is not allowed in Verilog 95/2K mode [/home/lch/work/miracle/chiplab/IP/MAC/utility.v:175]
WARNING: [Synth 8-11145] root scope declaration is not allowed in Verilog 95/2K mode [/home/lch/work/miracle/chiplab/IP/MAC/utility.v:177]
WARNING: [Synth 8-11145] root scope declaration is not allowed in Verilog 95/2K mode [/home/lch/work/miracle/chiplab/IP/MAC/utility.v:182]
WARNING: [Synth 8-11145] root scope declaration is not allowed in Verilog 95/2K mode [/home/lch/work/miracle/chiplab/IP/MAC/utility.v:188]
WARNING: [Synth 8-11145] root scope declaration is not allowed in Verilog 95/2K mode [/home/lch/work/miracle/chiplab/IP/MAC/utility.v:190]
WARNING: [Synth 8-11145] root scope declaration is not allowed in Verilog 95/2K mode [/home/lch/work/miracle/chiplab/IP/MAC/utility.v:192]
WARNING: [Synth 8-11145] root scope declaration is not allowed in Verilog 95/2K mode [/home/lch/work/miracle/chiplab/IP/MAC/utility.v:194]
WARNING: [Synth 8-11145] root scope declaration is not allowed in Verilog 95/2K mode [/home/lch/work/miracle/chiplab/IP/MAC/utility.v:196]
WARNING: [Synth 8-11145] root scope declaration is not allowed in Verilog 95/2K mode [/home/lch/work/miracle/chiplab/IP/MAC/utility.v:203]
WARNING: [Synth 8-11145] root scope declaration is not allowed in Verilog 95/2K mode [/home/lch/work/miracle/chiplab/IP/MAC/utility.v:204]
WARNING: [Synth 8-11145] root scope declaration is not allowed in Verilog 95/2K mode [/home/lch/work/miracle/chiplab/IP/MAC/utility.v:205]
WARNING: [Synth 8-11145] root scope declaration is not allowed in Verilog 95/2K mode [/home/lch/work/miracle/chiplab/IP/MAC/utility.v:208]
WARNING: [Synth 8-11145] root scope declaration is not allowed in Verilog 95/2K mode [/home/lch/work/miracle/chiplab/IP/MAC/utility.v:209]
WARNING: [Synth 8-11145] root scope declaration is not allowed in Verilog 95/2K mode [/home/lch/work/miracle/chiplab/IP/MAC/utility.v:210]
WARNING: [Synth 8-11145] root scope declaration is not allowed in Verilog 95/2K mode [/home/lch/work/miracle/chiplab/IP/MAC/utility.v:213]
WARNING: [Synth 8-11145] root scope declaration is not allowed in Verilog 95/2K mode [/home/lch/work/miracle/chiplab/IP/MAC/utility.v:214]
WARNING: [Synth 8-11145] root scope declaration is not allowed in Verilog 95/2K mode [/home/lch/work/miracle/chiplab/IP/MAC/utility.v:215]
WARNING: [Synth 8-11145] root scope declaration is not allowed in Verilog 95/2K mode [/home/lch/work/miracle/chiplab/IP/MAC/utility.v:216]
WARNING: [Synth 8-11145] root scope declaration is not allowed in Verilog 95/2K mode [/home/lch/work/miracle/chiplab/IP/MAC/utility.v:217]
WARNING: [Synth 8-11145] root scope declaration is not allowed in Verilog 95/2K mode [/home/lch/work/miracle/chiplab/IP/MAC/utility.v:218]
WARNING: [Synth 8-11145] root scope declaration is not allowed in Verilog 95/2K mode [/home/lch/work/miracle/chiplab/IP/MAC/utility.v:221]
WARNING: [Synth 8-11145] root scope declaration is not allowed in Verilog 95/2K mode [/home/lch/work/miracle/chiplab/IP/MAC/utility.v:222]
WARNING: [Synth 8-11145] root scope declaration is not allowed in Verilog 95/2K mode [/home/lch/work/miracle/chiplab/IP/MAC/utility.v:223]
WARNING: [Synth 8-11145] root scope declaration is not allowed in Verilog 95/2K mode [/home/lch/work/miracle/chiplab/IP/MAC/utility.v:224]
WARNING: [Synth 8-11145] root scope declaration is not allowed in Verilog 95/2K mode [/home/lch/work/miracle/chiplab/IP/MAC/utility.v:225]
WARNING: [Synth 8-11145] root scope declaration is not allowed in Verilog 95/2K mode [/home/lch/work/miracle/chiplab/IP/MAC/utility.v:226]
WARNING: [Synth 8-11145] root scope declaration is not allowed in Verilog 95/2K mode [/home/lch/work/miracle/chiplab/IP/MAC/utility.v:227]
WARNING: [Synth 8-11145] root scope declaration is not allowed in Verilog 95/2K mode [/home/lch/work/miracle/chiplab/IP/MAC/utility.v:228]
WARNING: [Synth 8-11145] root scope declaration is not allowed in Verilog 95/2K mode [/home/lch/work/miracle/chiplab/IP/MAC/utility.v:229]
WARNING: [Synth 8-11145] root scope declaration is not allowed in Verilog 95/2K mode [/home/lch/work/miracle/chiplab/IP/MAC/utility.v:230]
WARNING: [Synth 8-11145] root scope declaration is not allowed in Verilog 95/2K mode [/home/lch/work/miracle/chiplab/IP/MAC/utility.v:231]
WARNING: [Synth 8-11145] root scope declaration is not allowed in Verilog 95/2K mode [/home/lch/work/miracle/chiplab/IP/MAC/utility.v:234]
WARNING: [Synth 8-11145] root scope declaration is not allowed in Verilog 95/2K mode [/home/lch/work/miracle/chiplab/IP/MAC/utility.v:235]
WARNING: [Synth 8-11145] root scope declaration is not allowed in Verilog 95/2K mode [/home/lch/work/miracle/chiplab/IP/MAC/utility.v:236]
WARNING: [Synth 8-11145] root scope declaration is not allowed in Verilog 95/2K mode [/home/lch/work/miracle/chiplab/IP/MAC/utility.v:237]
WARNING: [Synth 8-11145] root scope declaration is not allowed in Verilog 95/2K mode [/home/lch/work/miracle/chiplab/IP/MAC/utility.v:238]
WARNING: [Synth 8-11145] root scope declaration is not allowed in Verilog 95/2K mode [/home/lch/work/miracle/chiplab/IP/MAC/utility.v:239]
WARNING: [Synth 8-11145] root scope declaration is not allowed in Verilog 95/2K mode [/home/lch/work/miracle/chiplab/IP/MAC/utility.v:240]
WARNING: [Synth 8-11145] root scope declaration is not allowed in Verilog 95/2K mode [/home/lch/work/miracle/chiplab/IP/MAC/utility.v:243]
WARNING: [Synth 8-11145] root scope declaration is not allowed in Verilog 95/2K mode [/home/lch/work/miracle/chiplab/IP/MAC/utility.v:244]
WARNING: [Synth 8-11145] root scope declaration is not allowed in Verilog 95/2K mode [/home/lch/work/miracle/chiplab/IP/MAC/utility.v:245]
WARNING: [Synth 8-11145] root scope declaration is not allowed in Verilog 95/2K mode [/home/lch/work/miracle/chiplab/IP/MAC/utility.v:248]
WARNING: [Synth 8-11145] root scope declaration is not allowed in Verilog 95/2K mode [/home/lch/work/miracle/chiplab/IP/MAC/utility.v:249]
WARNING: [Synth 8-11145] root scope declaration is not allowed in Verilog 95/2K mode [/home/lch/work/miracle/chiplab/IP/MAC/utility.v:250]
WARNING: [Synth 8-11145] root scope declaration is not allowed in Verilog 95/2K mode [/home/lch/work/miracle/chiplab/IP/MAC/utility.v:251]
WARNING: [Synth 8-11145] root scope declaration is not allowed in Verilog 95/2K mode [/home/lch/work/miracle/chiplab/IP/MAC/utility.v:252]
WARNING: [Synth 8-11145] root scope declaration is not allowed in Verilog 95/2K mode [/home/lch/work/miracle/chiplab/IP/MAC/utility.v:253]
WARNING: [Synth 8-11145] root scope declaration is not allowed in Verilog 95/2K mode [/home/lch/work/miracle/chiplab/IP/MAC/utility.v:254]
WARNING: [Synth 8-11145] root scope declaration is not allowed in Verilog 95/2K mode [/home/lch/work/miracle/chiplab/IP/MAC/utility.v:255]
WARNING: [Synth 8-11145] root scope declaration is not allowed in Verilog 95/2K mode [/home/lch/work/miracle/chiplab/IP/MAC/utility.v:256]
WARNING: [Synth 8-11145] root scope declaration is not allowed in Verilog 95/2K mode [/home/lch/work/miracle/chiplab/IP/MAC/utility.v:257]
WARNING: [Synth 8-11145] root scope declaration is not allowed in Verilog 95/2K mode [/home/lch/work/miracle/chiplab/IP/MAC/utility.v:260]
WARNING: [Synth 8-11145] root scope declaration is not allowed in Verilog 95/2K mode [/home/lch/work/miracle/chiplab/IP/MAC/utility.v:261]
WARNING: [Synth 8-11145] root scope declaration is not allowed in Verilog 95/2K mode [/home/lch/work/miracle/chiplab/IP/MAC/utility.v:262]
INFO: [Common 17-14] Message 'Synth 8-11145' appears 100 times and further instances of the messages will be disabled. Use the Tcl command set_msg_config to change the current settings.
INFO: [Synth 8-11241] undeclared symbol 'param_scs', assumed default net type 'wire' [/home/lch/work/miracle/chiplab/IP/SPI/godson_sbridge_spi.v:506]
WARNING: [Synth 8-11121] redeclaration of ANSI port 's_wready' is not allowed [/home/lch/work/miracle/chiplab/IP/LCD/lcd_ctrl.v:87]
WARNING: [Synth 8-11121] redeclaration of ANSI port 's_rdata' is not allowed [/home/lch/work/miracle/chiplab/IP/LCD/lcd_ctrl.v:293]
WARNING: [Synth 8-11121] redeclaration of ANSI port 's_rvalid' is not allowed [/home/lch/work/miracle/chiplab/IP/LCD/lcd_ctrl.v:294]
WARNING: [Synth 8-11121] redeclaration of ANSI port 's_rlast' is not allowed [/home/lch/work/miracle/chiplab/IP/LCD/lcd_ctrl.v:294]
WARNING: [Synth 8-11121] redeclaration of ANSI port 's_bvalid' is not allowed [/home/lch/work/miracle/chiplab/IP/LCD/lcd_ctrl.v:314]
WARNING: [Synth 8-11121] redeclaration of ANSI port 's_wready' is not allowed [/home/lch/work/miracle/chiplab/IP/PS2/ps2_ctrl.v:67]
WARNING: [Synth 8-11121] redeclaration of ANSI port 's_rdata' is not allowed [/home/lch/work/miracle/chiplab/IP/PS2/ps2_ctrl.v:459]
WARNING: [Synth 8-11121] redeclaration of ANSI port 's_rvalid' is not allowed [/home/lch/work/miracle/chiplab/IP/PS2/ps2_ctrl.v:460]
WARNING: [Synth 8-11121] redeclaration of ANSI port 's_rlast' is not allowed [/home/lch/work/miracle/chiplab/IP/PS2/ps2_ctrl.v:460]
WARNING: [Synth 8-11121] redeclaration of ANSI port 's_bvalid' is not allowed [/home/lch/work/miracle/chiplab/IP/PS2/ps2_ctrl.v:480]
WARNING: [Synth 8-6901] identifier 'rx_push' is used before its declaration [/home/lch/work/miracle/chiplab/IP/PS2/ps2_ctrl.v:174]
WARNING: [Synth 8-6901] identifier 'rx_pop' is used before its declaration [/home/lch/work/miracle/chiplab/IP/PS2/ps2_ctrl.v:174]
WARNING: [Synth 8-6901] identifier 'rx_shift_reg' is used before its declaration [/home/lch/work/miracle/chiplab/IP/PS2/ps2_ctrl.v:175]
WARNING: [Synth 8-6901] identifier 'rx_pop' is used before its declaration [/home/lch/work/miracle/chiplab/IP/PS2/ps2_ctrl.v:179]
WARNING: [Synth 8-6901] identifier 'rx_push' is used before its declaration [/home/lch/work/miracle/chiplab/IP/PS2/ps2_ctrl.v:179]
WARNING: [Synth 8-6901] identifier 'rx_push' is used before its declaration [/home/lch/work/miracle/chiplab/IP/PS2/ps2_ctrl.v:184]
WARNING: [Synth 8-6901] identifier 'rx_pop' is used before its declaration [/home/lch/work/miracle/chiplab/IP/PS2/ps2_ctrl.v:184]
WARNING: [Synth 8-6901] identifier 'rx_shift_reg' is used before its declaration [/home/lch/work/miracle/chiplab/IP/PS2/ps2_ctrl.v:185]
WARNING: [Synth 8-6901] identifier 'tx_busy' is used before its declaration [/home/lch/work/miracle/chiplab/IP/PS2/ps2_ctrl.v:218]
WARNING: [Synth 8-6901] identifier 'tx_data_buf' is used before its declaration [/home/lch/work/miracle/chiplab/IP/PS2/ps2_ctrl.v:313]
INFO: [Synth 8-6157] synthesizing module 'soc_top' [/home/lch/work/miracle/chiplab/chip/soc_demo/loongson/soc_top.v:36]
INFO: [Synth 8-6157] synthesizing module 'IOBUF' [/opt/vivado/2025.2/Vivado/scripts/rt/data/unisim_comp.v:87566]
INFO: [Synth 8-6155] done synthesizing module 'IOBUF' (0#1) [/opt/vivado/2025.2/Vivado/scripts/rt/data/unisim_comp.v:87566]
INFO: [Synth 8-6157] synthesizing module 'debug_top' [/home/lch/work/miracle/chiplab/IP/DEBUG/debug_top.v:1]
INFO: [Synth 8-6157] synthesizing module 'uart_recv' [/home/lch/work/miracle/chiplab/IP/DEBUG/debug_top.v:80]
INFO: [Synth 8-6155] done synthesizing module 'uart_recv' (0#1) [/home/lch/work/miracle/chiplab/IP/DEBUG/debug_top.v:80]
INFO: [Synth 8-6157] synthesizing module 'uart_send' [/home/lch/work/miracle/chiplab/IP/DEBUG/debug_top.v:203]
INFO: [Synth 8-6155] done synthesizing module 'uart_send' (0#1) [/home/lch/work/miracle/chiplab/IP/DEBUG/debug_top.v:203]
INFO: [Synth 8-6157] synthesizing module 'trace_debug' [/home/lch/work/miracle/chiplab/IP/DEBUG/debug_top.v:317]
INFO: [Synth 8-6155] done synthesizing module 'trace_debug' (0#1) [/home/lch/work/miracle/chiplab/IP/DEBUG/debug_top.v:317]
INFO: [Synth 8-6155] done synthesizing module 'debug_top' (0#1) [/home/lch/work/miracle/chiplab/IP/DEBUG/debug_top.v:1]
INFO: [Synth 8-6157] synthesizing module 'debug_sram' [/home/lch/work/miracle/chiplab/IP/DEBUG/debug_sram.v:1]
INFO: [Synth 8-6155] done synthesizing module 'debug_sram' (0#1) [/home/lch/work/miracle/chiplab/IP/DEBUG/debug_sram.v:1]
WARNING: [Synth 8-689] width (32) of port connection 'rdata' does not match port width (64) of module 'debug_sram' [/home/lch/work/miracle/chiplab/chip/soc_demo/loongson/soc_top.v:800]
INFO: [Synth 8-6157] synthesizing module 'core_top' [/home/lch/work/miracle/chiplab/IP/myCPU/mycpu_top.v:1]
INFO: [Synth 8-6157] synthesizing module 'if_stage' [/home/lch/work/miracle/chiplab/IP/myCPU/if_stage.v:4]
INFO: [Synth 8-6155] done synthesizing module 'if_stage' (0#1) [/home/lch/work/miracle/chiplab/IP/myCPU/if_stage.v:4]
INFO: [Synth 8-6157] synthesizing module 'id_stage' [/home/lch/work/miracle/chiplab/IP/myCPU/id_stage.v:3]
INFO: [Synth 8-6157] synthesizing module 'decoder_6_64' [/home/lch/work/miracle/chiplab/IP/myCPU/tools.v:85]
INFO: [Synth 8-6155] done synthesizing module 'decoder_6_64' (0#1) [/home/lch/work/miracle/chiplab/IP/myCPU/tools.v:85]
INFO: [Synth 8-6157] synthesizing module 'decoder_4_16' [/home/lch/work/miracle/chiplab/IP/myCPU/tools.v:26]
INFO: [Synth 8-6155] done synthesizing module 'decoder_4_16' (0#1) [/home/lch/work/miracle/chiplab/IP/myCPU/tools.v:26]
INFO: [Synth 8-6157] synthesizing module 'decoder_2_4' [/home/lch/work/miracle/chiplab/IP/myCPU/tools.v:1]
INFO: [Synth 8-6155] done synthesizing module 'decoder_2_4' (0#1) [/home/lch/work/miracle/chiplab/IP/myCPU/tools.v:1]
INFO: [Synth 8-6157] synthesizing module 'decoder_5_32' [/home/lch/work/miracle/chiplab/IP/myCPU/tools.v:57]
INFO: [Synth 8-6155] done synthesizing module 'decoder_5_32' (0#1) [/home/lch/work/miracle/chiplab/IP/myCPU/tools.v:57]
INFO: [Synth 8-6157] synthesizing module 'regfile' [/home/lch/work/miracle/chiplab/IP/myCPU/regfile.v:1]
INFO: [Synth 8-6155] done synthesizing module 'regfile' (0#1) [/home/lch/work/miracle/chiplab/IP/myCPU/regfile.v:1]
INFO: [Synth 8-6155] done synthesizing module 'id_stage' (0#1) [/home/lch/work/miracle/chiplab/IP/myCPU/id_stage.v:3]
INFO: [Synth 8-6157] synthesizing module 'exe_stage' [/home/lch/work/miracle/chiplab/IP/myCPU/exe_stage.v:4]
INFO: [Synth 8-6157] synthesizing module 'alu' [/home/lch/work/miracle/chiplab/IP/myCPU/alu.v:1]
INFO: [Synth 8-6155] done synthesizing module 'alu' (0#1) [/home/lch/work/miracle/chiplab/IP/myCPU/alu.v:1]
INFO: [Synth 8-6155] done synthesizing module 'exe_stage' (0#1) [/home/lch/work/miracle/chiplab/IP/myCPU/exe_stage.v:4]
INFO: [Synth 8-6157] synthesizing module 'div' [/home/lch/work/miracle/chiplab/IP/myCPU/div.v:2]
INFO: [Synth 8-6155] done synthesizing module 'div' (0#1) [/home/lch/work/miracle/chiplab/IP/myCPU/div.v:2]
INFO: [Synth 8-6157] synthesizing module 'mul' [/home/lch/work/miracle/chiplab/IP/myCPU/mul.v:120]
INFO: [Synth 8-6157] synthesizing module 'BoothInterBase' [/home/lch/work/miracle/chiplab/IP/myCPU/mul.v:29]
INFO: [Synth 8-6157] synthesizing module 'BoothBase' [/home/lch/work/miracle/chiplab/IP/myCPU/mul.v:14]
INFO: [Synth 8-6155] done synthesizing module 'BoothBase' (0#1) [/home/lch/work/miracle/chiplab/IP/myCPU/mul.v:14]
INFO: [Synth 8-6157] synthesizing module 'YDecoder' [/home/lch/work/miracle/chiplab/IP/myCPU/mul.v:1]
INFO: [Synth 8-6155] done synthesizing module 'YDecoder' (0#1) [/home/lch/work/miracle/chiplab/IP/myCPU/mul.v:1]
INFO: [Synth 8-6155] done synthesizing module 'BoothInterBase' (0#1) [/home/lch/work/miracle/chiplab/IP/myCPU/mul.v:29]
INFO: [Synth 8-6157] synthesizing module 'WallaceTreeBase' [/home/lch/work/miracle/chiplab/IP/myCPU/mul.v:77]
INFO: [Synth 8-6157] synthesizing module 'addr' [/home/lch/work/miracle/chiplab/IP/myCPU/mul.v:66]
INFO: [Synth 8-6155] done synthesizing module 'addr' (0#1) [/home/lch/work/miracle/chiplab/IP/myCPU/mul.v:66]
INFO: [Synth 8-6155] done synthesizing module 'WallaceTreeBase' (0#1) [/home/lch/work/miracle/chiplab/IP/myCPU/mul.v:77]
INFO: [Synth 8-6155] done synthesizing module 'mul' (0#1) [/home/lch/work/miracle/chiplab/IP/myCPU/mul.v:120]
INFO: [Synth 8-6157] synthesizing module 'mem_stage' [/home/lch/work/miracle/chiplab/IP/myCPU/mem_stage.v:4]
INFO: [Synth 8-6155] done synthesizing module 'mem_stage' (0#1) [/home/lch/work/miracle/chiplab/IP/myCPU/mem_stage.v:4]
INFO: [Synth 8-6157] synthesizing module 'wb_stage' [/home/lch/work/miracle/chiplab/IP/myCPU/wb_stage.v:4]
INFO: [Synth 8-6155] done synthesizing module 'wb_stage' (0#1) [/home/lch/work/miracle/chiplab/IP/myCPU/wb_stage.v:4]
INFO: [Synth 8-6157] synthesizing module 'my_csr' [/home/lch/work/miracle/chiplab/IP/myCPU/my_csr.v:4]
	Parameter TLBNUM bound to: 32 - type: integer 
INFO: [Synth 8-6155] done synthesizing module 'my_csr' (0#1) [/home/lch/work/miracle/chiplab/IP/myCPU/my_csr.v:4]
INFO: [Synth 8-6157] synthesizing module 'axi_bridge' [/home/lch/work/miracle/chiplab/IP/myCPU/axi_bridge.v:1]
INFO: [Synth 8-6155] done synthesizing module 'axi_bridge' (0#1) [/home/lch/work/miracle/chiplab/IP/myCPU/axi_bridge.v:1]
INFO: [Synth 8-6157] synthesizing module 'addr_trans' [/home/lch/work/miracle/chiplab/IP/myCPU/addr_trans.v:3]
	Parameter TLBNUM bound to: 32 - type: integer 
INFO: [Synth 8-6157] synthesizing module 'tlb_entry' [/home/lch/work/miracle/chiplab/IP/myCPU/tlb_entry.v:1]
INFO: [Synth 8-6157] synthesizing module 'encoder_32_5' [/home/lch/work/miracle/chiplab/IP/myCPU/tools.v:69]
INFO: [Synth 8-6157] synthesizing module 'encoder_16_4' [/home/lch/work/miracle/chiplab/IP/myCPU/tools.v:38]
INFO: [Synth 8-6157] synthesizing module 'encoder_4_2' [/home/lch/work/miracle/chiplab/IP/myCPU/tools.v:14]
INFO: [Synth 8-6155] done synthesizing module 'encoder_4_2' (0#1) [/home/lch/work/miracle/chiplab/IP/myCPU/tools.v:14]
INFO: [Synth 8-6155] done synthesizing module 'encoder_16_4' (0#1) [/home/lch/work/miracle/chiplab/IP/myCPU/tools.v:38]
INFO: [Synth 8-6155] done synthesizing module 'encoder_32_5' (0#1) [/home/lch/work/miracle/chiplab/IP/myCPU/tools.v:69]
WARNING: [Synth 8-693] zero replication count - replication ignored [/home/lch/work/miracle/chiplab/IP/myCPU/tlb_entry.v:135]
WARNING: [Synth 8-693] zero replication count - replication ignored [/home/lch/work/miracle/chiplab/IP/myCPU/tlb_entry.v:136]
WARNING: [Synth 8-693] zero replication count - replication ignored [/home/lch/work/miracle/chiplab/IP/myCPU/tlb_entry.v:139]
WARNING: [Synth 8-693] zero replication count - replication ignored [/home/lch/work/miracle/chiplab/IP/myCPU/tlb_entry.v:148]
INFO: [Synth 8-6155] done synthesizing module 'tlb_entry' (0#1) [/home/lch/work/miracle/chiplab/IP/myCPU/tlb_entry.v:1]
INFO: [Synth 8-6155] done synthesizing module 'addr_trans' (0#1) [/home/lch/work/miracle/chiplab/IP/myCPU/addr_trans.v:3]
INFO: [Synth 8-6157] synthesizing module 'icache' [/home/lch/work/miracle/chiplab/IP/myCPU/icache.v:1]
INFO: [Synth 8-6157] synthesizing module 'data_bank_sram' [/home/lch/work/miracle/chiplab/fpga/loongson/2023.2/system_run.runs/synth_1/.Xil/Vivado-2451820-loong-arch-mini/realtime/data_bank_sram_stub.v:6]
INFO: [Synth 8-6155] done synthesizing module 'data_bank_sram' (0#1) [/home/lch/work/miracle/chiplab/fpga/loongson/2023.2/system_run.runs/synth_1/.Xil/Vivado-2451820-loong-arch-mini/realtime/data_bank_sram_stub.v:6]
INFO: [Synth 8-6157] synthesizing module 'tagv_sram' [/home/lch/work/miracle/chiplab/fpga/loongson/2023.2/system_run.runs/synth_1/.Xil/Vivado-2451820-loong-arch-mini/realtime/tagv_sram_stub.v:6]
INFO: [Synth 8-6155] done synthesizing module 'tagv_sram' (0#1) [/home/lch/work/miracle/chiplab/fpga/loongson/2023.2/system_run.runs/synth_1/.Xil/Vivado-2451820-loong-arch-mini/realtime/tagv_sram_stub.v:6]
INFO: [Synth 8-6157] synthesizing module 'one_valid_n' [/home/lch/work/miracle/chiplab/IP/myCPU/tools.v:100]
	Parameter n bound to: 2 - type: integer 
INFO: [Synth 8-6155] done synthesizing module 'one_valid_n' (0#1) [/home/lch/work/miracle/chiplab/IP/myCPU/tools.v:100]
INFO: [Synth 8-6157] synthesizing module 'lfsr' [/home/lch/work/miracle/chiplab/IP/myCPU/dcache.v:623]
INFO: [Synth 8-6155] done synthesizing module 'lfsr' (0#1) [/home/lch/work/miracle/chiplab/IP/myCPU/dcache.v:623]
INFO: [Synth 8-6155] done synthesizing module 'icache' (0#1) [/home/lch/work/miracle/chiplab/IP/myCPU/icache.v:1]
INFO: [Synth 8-6157] synthesizing module 'dcache' [/home/lch/work/miracle/chiplab/IP/myCPU/dcache.v:1]
INFO: [Synth 8-6155] done synthesizing module 'dcache' (0#1) [/home/lch/work/miracle/chiplab/IP/myCPU/dcache.v:1]
INFO: [Synth 8-6157] synthesizing module 'btb' [/home/lch/work/miracle/chiplab/IP/myCPU/btb.v:1]
INFO: [Synth 8-6157] synthesizing module 'one_valid_32' [/home/lch/work/miracle/chiplab/IP/myCPU/tools.v:147]
INFO: [Synth 8-6155] done synthesizing module 'one_valid_32' (0#1) [/home/lch/work/miracle/chiplab/IP/myCPU/tools.v:147]
INFO: [Synth 8-6157] synthesizing module 'one_valid_16' [/home/lch/work/miracle/chiplab/IP/myCPU/tools.v:126]
INFO: [Synth 8-6155] done synthesizing module 'one_valid_16' (0#1) [/home/lch/work/miracle/chiplab/IP/myCPU/tools.v:126]
INFO: [Synth 8-6155] done synthesizing module 'btb' (0#1) [/home/lch/work/miracle/chiplab/IP/myCPU/btb.v:1]
WARNING: [Synth 8-4446] all outputs are unconnected for this instance and logic may be removed [/home/lch/work/miracle/chiplab/IP/myCPU/mycpu_top.v:1057]
INFO: [Synth 8-6157] synthesizing module 'perf_counter' [/home/lch/work/miracle/chiplab/IP/myCPU/perf_counter.v:1]
INFO: [Synth 8-6155] done synthesizing module 'perf_counter' (0#1) [/home/lch/work/miracle/chiplab/IP/myCPU/perf_counter.v:1]
INFO: [Synth 8-6155] done synthesizing module 'core_top' (0#1) [/home/lch/work/miracle/chiplab/IP/myCPU/mycpu_top.v:1]
WARNING: [Synth 8-689] width (9) of port connection 'intrpt' does not match port width (8) of module 'core_top' [/home/lch/work/miracle/chiplab/chip/soc_demo/loongson/soc_top.v:824]
WARNING: [Synth 8-689] width (4) of port connection 'arlen' does not match port width (8) of module 'core_top' [/home/lch/work/miracle/chiplab/chip/soc_demo/loongson/soc_top.v:831]
WARNING: [Synth 8-689] width (4) of port connection 'awlen' does not match port width (8) of module 'core_top' [/home/lch/work/miracle/chiplab/chip/soc_demo/loongson/soc_top.v:849]
WARNING: [Synth 8-7071] port 'debug0_wb_inst' of module 'core_top' is unconnected for instance 'cpu_mid' [/home/lch/work/miracle/chiplab/chip/soc_demo/loongson/soc_top.v:822]
WARNING: [Synth 8-7023] instance 'cpu_mid' of module 'core_top' has 49 connections declared, but only 48 given [/home/lch/work/miracle/chiplab/chip/soc_demo/loongson/soc_top.v:822]
INFO: [Synth 8-6157] synthesizing module 'axi_2x1_mux' [/home/lch/work/miracle/chiplab/fpga/loongson/2023.2/system_run.runs/synth_1/.Xil/Vivado-2451820-loong-arch-mini/realtime/axi_2x1_mux_stub.v:6]
INFO: [Synth 8-6155] done synthesizing module 'axi_2x1_mux' (0#1) [/home/lch/work/miracle/chiplab/fpga/loongson/2023.2/system_run.runs/synth_1/.Xil/Vivado-2451820-loong-arch-mini/realtime/axi_2x1_mux_stub.v:6]
WARNING: [Synth 8-689] width (4) of port connection 'S00_AXI_ARID' does not match port width (1) of module 'axi_2x1_mux' [/home/lch/work/miracle/chiplab/chip/soc_demo/loongson/soc_top.v:895]
WARNING: [Synth 8-689] width (4) of port connection 'S00_AXI_ARLEN' does not match port width (8) of module 'axi_2x1_mux' [/home/lch/work/miracle/chiplab/chip/soc_demo/loongson/soc_top.v:896]
WARNING: [Synth 8-689] width (2) of port connection 'S00_AXI_ARLOCK' does not match port width (1) of module 'axi_2x1_mux' [/home/lch/work/miracle/chiplab/chip/soc_demo/loongson/soc_top.v:897]
WARNING: [Synth 8-689] width (4) of port connection 'S00_AXI_RID' does not match port width (1) of module 'axi_2x1_mux' [/home/lch/work/miracle/chiplab/chip/soc_demo/loongson/soc_top.v:905]
WARNING: [Synth 8-689] width (4) of port connection 'S01_AXI_ARID' does not match port width (1) of module 'axi_2x1_mux' [/home/lch/work/miracle/chiplab/chip/soc_demo/loongson/soc_top.v:938]
WARNING: [Synth 8-689] width (2) of port connection 'S01_AXI_ARLOCK' does not match port width (1) of module 'axi_2x1_mux' [/home/lch/work/miracle/chiplab/chip/soc_demo/loongson/soc_top.v:940]
WARNING: [Synth 8-689] width (4) of port connection 'S01_AXI_RID' does not match port width (1) of module 'axi_2x1_mux' [/home/lch/work/miracle/chiplab/chip/soc_demo/loongson/soc_top.v:948]
WARNING: [Synth 8-689] width (4) of port connection 'M00_AXI_ARID' does not match port width (5) of module 'axi_2x1_mux' [/home/lch/work/miracle/chiplab/chip/soc_demo/loongson/soc_top.v:981]
WARNING: [Synth 8-689] width (4) of port connection 'M00_AXI_ARLEN' does not match port width (8) of module 'axi_2x1_mux' [/home/lch/work/miracle/chiplab/chip/soc_demo/loongson/soc_top.v:982]
WARNING: [Synth 8-689] width (2) of port connection 'M00_AXI_ARLOCK' does not match port width (1) of module 'axi_2x1_mux' [/home/lch/work/miracle/chiplab/chip/soc_demo/loongson/soc_top.v:983]
WARNING: [Synth 8-315] illegal expression in output port connection [/home/lch/work/miracle/chiplab/chip/soc_demo/loongson/soc_top.v:985]
INFO: [Synth 8-6157] synthesizing module 'axi_clock_converter_0' [/home/lch/work/miracle/chiplab/fpga/loongson/2023.2/system_run.runs/synth_1/.Xil/Vivado-2451820-loong-arch-mini/realtime/axi_clock_converter_0_stub.v:6]
INFO: [Synth 8-6155] done synthesizing module 'axi_clock_converter_0' (0#1) [/home/lch/work/miracle/chiplab/fpga/loongson/2023.2/system_run.runs/synth_1/.Xil/Vivado-2451820-loong-arch-mini/realtime/axi_clock_converter_0_stub.v:6]
INFO: [Synth 8-6157] synthesizing module 'axi_slave_mux' [/home/lch/work/miracle/chiplab/IP/AMBA/axi_mux_syn.v:37]
INFO: [Synth 8-6157] synthesizing module 'nb_sync_fifo_mux' [/home/lch/work/miracle/chiplab/IP/AMBA/axi_mux_syn.v:1309]
INFO: [Synth 8-6155] done synthesizing module 'nb_sync_fifo_mux' (0#1) [/home/lch/work/miracle/chiplab/IP/AMBA/axi_mux_syn.v:1309]
INFO: [Synth 8-6155] done synthesizing module 'axi_slave_mux' (0#1) [/home/lch/work/miracle/chiplab/IP/AMBA/axi_mux_syn.v:37]
INFO: [Synth 8-6157] synthesizing module 'spi_flash_ctrl' [/home/lch/work/miracle/chiplab/IP/SPI/godson_sbridge_spi.v:34]
INFO: [Synth 8-155] case statement is not full and has no default [/home/lch/work/miracle/chiplab/IP/SPI/godson_sbridge_spi.v:434]
INFO: [Synth 8-6157] synthesizing module 'simple_spi_top' [/home/lch/work/miracle/chiplab/IP/SPI/godson_sbridge_spi.v:526]
INFO: [Synth 8-6157] synthesizing module 'spi_fifo4' [/home/lch/work/miracle/chiplab/IP/SPI/godson_sbridge_spi.v:839]
	Parameter dw bound to: 8 - type: integer 
INFO: [Synth 8-6155] done synthesizing module 'spi_fifo4' (0#1) [/home/lch/work/miracle/chiplab/IP/SPI/godson_sbridge_spi.v:839]
INFO: [Synth 8-226] default block is never used [/home/lch/work/miracle/chiplab/IP/SPI/godson_sbridge_spi.v:779]
INFO: [Synth 8-6155] done synthesizing module 'simple_spi_top' (0#1) [/home/lch/work/miracle/chiplab/IP/SPI/godson_sbridge_spi.v:526]
INFO: [Synth 8-6155] done synthesizing module 'spi_flash_ctrl' (0#1) [/home/lch/work/miracle/chiplab/IP/SPI/godson_sbridge_spi.v:34]
INFO: [Synth 8-6157] synthesizing module 'confreg' [/home/lch/work/miracle/chiplab/IP/CONFREG/confreg_syn.v:43]
INFO: [Synth 8-155] case statement is not full and has no default [/home/lch/work/miracle/chiplab/IP/CONFREG/confreg_syn.v:254]
INFO: [Synth 8-6155] done synthesizing module 'confreg' (0#1) [/home/lch/work/miracle/chiplab/IP/CONFREG/confreg_syn.v:43]
WARNING: [Synth 8-689] width (4) of port connection 's_awlen' does not match port width (8) of module 'confreg' [/home/lch/work/miracle/chiplab/chip/soc_demo/loongson/soc_top.v:1496]
WARNING: [Synth 8-689] width (2) of port connection 's_awlock' does not match port width (1) of module 'confreg' [/home/lch/work/miracle/chiplab/chip/soc_demo/loongson/soc_top.v:1499]
WARNING: [Synth 8-689] width (4) of port connection 's_arlen' does not match port width (8) of module 'confreg' [/home/lch/work/miracle/chiplab/chip/soc_demo/loongson/soc_top.v:1519]
WARNING: [Synth 8-689] width (2) of port connection 's_arlock' does not match port width (1) of module 'confreg' [/home/lch/work/miracle/chiplab/chip/soc_demo/loongson/soc_top.v:1522]
INFO: [Synth 8-6157] synthesizing module 'ethernet_top' [/home/lch/work/miracle/chiplab/IP/MAC/ethernet_top.v:34]
INFO: [Synth 8-6157] synthesizing module 'mac_top' [/home/lch/work/miracle/chiplab/IP/MAC/mac_top.v:34]
INFO: [Synth 8-6157] synthesizing module 'RegFile2_64x16' [/home/lch/work/miracle/chiplab/IP/MAC/mac_top.v:411]
INFO: [Synth 8-6155] done synthesizing module 'RegFile2_64x16' (0#1) [/home/lch/work/miracle/chiplab/IP/MAC/mac_top.v:411]
INFO: [Synth 8-6157] synthesizing module 'MAC_AXI' [/home/lch/work/miracle/chiplab/IP/MAC/mac_axi.v:34]
INFO: [Synth 8-6157] synthesizing module 'MAC' [/home/lch/work/miracle/chiplab/IP/MAC/mac.v:34]
	Parameter CSRWIDTH bound to: 32 - type: integer 
	Parameter DATAWIDTH bound to: 32 - type: integer 
	Parameter DATADEPTH bound to: 32 - type: integer 
	Parameter TFIFODEPTH bound to: 9 - type: integer 
	Parameter RFIFODEPTH bound to: 9 - type: integer 
	Parameter TCDEPTH bound to: 1 - type: integer 
	Parameter RCDEPTH bound to: 2 - type: integer 
INFO: [Synth 8-6157] synthesizing module 'DMA' [/home/lch/work/miracle/chiplab/IP/MAC/dma.v:34]
	Parameter DATAWIDTH bound to: 32 - type: integer 
	Parameter DATADEPTH bound to: 32 - type: integer 
INFO: [Synth 8-6155] done synthesizing module 'DMA' (0#1) [/home/lch/work/miracle/chiplab/IP/MAC/dma.v:34]
INFO: [Synth 8-6157] synthesizing module 'TLSM' [/home/lch/work/miracle/chiplab/IP/MAC/tlsm.v:34]
	Parameter DATAWIDTH bound to: 32 - type: integer 
	Parameter DATADEPTH bound to: 32 - type: integer 
	Parameter FIFODEPTH bound to: 9 - type: integer 
INFO: [Synth 8-6155] done synthesizing module 'TLSM' (0#1) [/home/lch/work/miracle/chiplab/IP/MAC/tlsm.v:34]
INFO: [Synth 8-6157] synthesizing module 'TFIFO' [/home/lch/work/miracle/chiplab/IP/MAC/tfifo.v:34]
	Parameter DATAWIDTH bound to: 32 - type: integer 
	Parameter DATADEPTH bound to: 32 - type: integer 
	Parameter FIFODEPTH bound to: 9 - type: integer 
	Parameter CACHEDEPTH bound to: 1 - type: integer 
INFO: [Synth 8-6155] done synthesizing module 'TFIFO' (0#1) [/home/lch/work/miracle/chiplab/IP/MAC/tfifo.v:34]
INFO: [Synth 8-6157] synthesizing module 'TC' [/home/lch/work/miracle/chiplab/IP/MAC/tc.v:34]
	Parameter FIFODEPTH bound to: 9 - type: integer 
	Parameter DATAWIDTH bound to: 32 - type: integer 
INFO: [Synth 8-6155] done synthesizing module 'TC' (0#1) [/home/lch/work/miracle/chiplab/IP/MAC/tc.v:34]
INFO: [Synth 8-6157] synthesizing module 'BD' [/home/lch/work/miracle/chiplab/IP/MAC/bd.v:34]
INFO: [Synth 8-6155] done synthesizing module 'BD' (0#1) [/home/lch/work/miracle/chiplab/IP/MAC/bd.v:34]
INFO: [Synth 8-6157] synthesizing module 'RC' [/home/lch/work/miracle/chiplab/IP/MAC/rc.v:34]
	Parameter FIFODEPTH bound to: 9 - type: integer 
	Parameter DATAWIDTH bound to: 32 - type: integer 
INFO: [Synth 8-6155] done synthesizing module 'RC' (0#1) [/home/lch/work/miracle/chiplab/IP/MAC/rc.v:34]
INFO: [Synth 8-6157] synthesizing module 'RFIFO' [/home/lch/work/miracle/chiplab/IP/MAC/rfifo.v:34]
	Parameter DATAWIDTH bound to: 32 - type: integer 
	Parameter DATADEPTH bound to: 32 - type: integer 
	Parameter FIFODEPTH bound to: 9 - type: integer 
	Parameter CACHEDEPTH bound to: 2 - type: integer 
INFO: [Synth 8-6155] done synthesizing module 'RFIFO' (0#1) [/home/lch/work/miracle/chiplab/IP/MAC/rfifo.v:34]
INFO: [Synth 8-6157] synthesizing module 'RLSM' [/home/lch/work/miracle/chiplab/IP/MAC/rlsm.v:34]
	Parameter DATAWIDTH bound to: 32 - type: integer 
	Parameter DATADEPTH bound to: 32 - type: integer 
	Parameter FIFODEPTH bound to: 9 - type: integer 
INFO: [Synth 8-6155] done synthesizing module 'RLSM' (0#1) [/home/lch/work/miracle/chiplab/IP/MAC/rlsm.v:34]
INFO: [Synth 8-6157] synthesizing module 'CSR' [/home/lch/work/miracle/chiplab/IP/MAC/csr.v:34]
	Parameter CSRWIDTH bound to: 32 - type: integer 
	Parameter DATAWIDTH bound to: 32 - type: integer 
	Parameter DATADEPTH bound to: 32 - type: integer 
	Parameter RFIFODEPTH bound to: 9 - type: integer 
	Parameter RCDEPTH bound to: 2 - type: integer 
INFO: [Synth 8-6155] done synthesizing module 'CSR' (0#1) [/home/lch/work/miracle/chiplab/IP/MAC/csr.v:34]
INFO: [Synth 8-6157] synthesizing module 'RSTC' [/home/lch/work/miracle/chiplab/IP/MAC/rstc.v:34]
INFO: [Synth 8-6155] done synthesizing module 'RSTC' (0#1) [/home/lch/work/miracle/chiplab/IP/MAC/rstc.v:34]
INFO: [Synth 8-6155] done synthesizing module 'MAC' (0#1) [/home/lch/work/miracle/chiplab/IP/MAC/mac.v:34]
INFO: [Synth 8-6157] synthesizing module 'MAC2AXI' [/home/lch/work/miracle/chiplab/IP/MAC/mac2axi.v:34]
	Parameter MAXIDATAWIDTH bound to: 32 - type: integer 
	Parameter MAXIADDRESSWIDTH bound to: 32 - type: integer 
	Parameter SAXIDATAWIDTH bound to: 32 - type: integer 
	Parameter SAXIADDRESSWIDTH bound to: 32 - type: integer 
	Parameter MACDATAWIDTH bound to: 32 - type: integer 
	Parameter MACADDRESSWIDTH bound to: 32 - type: integer 
	Parameter CSRDATAWIDTH bound to: 32 - type: integer 
	Parameter CSRADDRESSWIDTH bound to: 8 - type: integer 
INFO: [Synth 8-6157] synthesizing module 'MACDATA2AXI' [/home/lch/work/miracle/chiplab/IP/MAC/macdata2axi.v:34]
	Parameter MAXIDATAWIDTH bound to: 32 - type: integer 
	Parameter MAXIADDRESSWIDTH bound to: 32 - type: integer 
	Parameter MACDATAWIDTH bound to: 32 - type: integer 
	Parameter MACADDRESSWIDTH bound to: 32 - type: integer 
INFO: [Synth 8-6155] done synthesizing module 'MACDATA2AXI' (0#1) [/home/lch/work/miracle/chiplab/IP/MAC/macdata2axi.v:34]
INFO: [Synth 8-6157] synthesizing module 'MACCSR2AXI' [/home/lch/work/miracle/chiplab/IP/MAC/maccsr2axi.v:34]
	Parameter SAXIDATAWIDTH bound to: 32 - type: integer 
	Parameter SAXIADDRESSWIDTH bound to: 32 - type: integer 
	Parameter CSRDATAWIDTH bound to: 32 - type: integer 
	Parameter CSRADDRESSWIDTH bound to: 8 - type: integer 
INFO: [Synth 8-6155] done synthesizing module 'MACCSR2AXI' (0#1) [/home/lch/work/miracle/chiplab/IP/MAC/maccsr2axi.v:34]
INFO: [Synth 8-6155] done synthesizing module 'MAC2AXI' (0#1) [/home/lch/work/miracle/chiplab/IP/MAC/mac2axi.v:34]
INFO: [Synth 8-6155] done synthesizing module 'MAC_AXI' (0#1) [/home/lch/work/miracle/chiplab/IP/MAC/mac_axi.v:34]
INFO: [Synth 8-6155] done synthesizing module 'mac_top' (0#1) [/home/lch/work/miracle/chiplab/IP/MAC/mac_top.v:34]
INFO: [Synth 8-6157] synthesizing module 'dpram_512x32' [/home/lch/work/miracle/chiplab/fpga/loongson/2023.2/system_run.runs/synth_1/.Xil/Vivado-2451820-loong-arch-mini/realtime/dpram_512x32_stub.v:6]
INFO: [Synth 8-6155] done synthesizing module 'dpram_512x32' (0#1) [/home/lch/work/miracle/chiplab/fpga/loongson/2023.2/system_run.runs/synth_1/.Xil/Vivado-2451820-loong-arch-mini/realtime/dpram_512x32_stub.v:6]
INFO: [Synth 8-6155] done synthesizing module 'ethernet_top' (0#1) [/home/lch/work/miracle/chiplab/IP/MAC/ethernet_top.v:34]
INFO: [Synth 8-6157] synthesizing module 'clk_pll_33' [/home/lch/work/miracle/chiplab/fpga/loongson/2023.2/system_run.runs/synth_1/.Xil/Vivado-2451820-loong-arch-mini/realtime/clk_pll_33_stub.v:6]
INFO: [Synth 8-6155] done synthesizing module 'clk_pll_33' (0#1) [/home/lch/work/miracle/chiplab/fpga/loongson/2023.2/system_run.runs/synth_1/.Xil/Vivado-2451820-loong-arch-mini/realtime/clk_pll_33_stub.v:6]
INFO: [Synth 8-6157] synthesizing module 'clk_wiz_0' [/home/lch/work/miracle/chiplab/fpga/loongson/2023.2/system_run.runs/synth_1/.Xil/Vivado-2451820-loong-arch-mini/realtime/clk_wiz_0_stub.v:6]
INFO: [Synth 8-6155] done synthesizing module 'clk_wiz_0' (0#1) [/home/lch/work/miracle/chiplab/fpga/loongson/2023.2/system_run.runs/synth_1/.Xil/Vivado-2451820-loong-arch-mini/realtime/clk_wiz_0_stub.v:6]
INFO: [Synth 8-6157] synthesizing module 'axi_interconnect_0' [/home/lch/work/miracle/chiplab/fpga/loongson/2023.2/system_run.runs/synth_1/.Xil/Vivado-2451820-loong-arch-mini/realtime/axi_interconnect_0_stub.v:6]
INFO: [Synth 8-6155] done synthesizing module 'axi_interconnect_0' (0#1) [/home/lch/work/miracle/chiplab/fpga/loongson/2023.2/system_run.runs/synth_1/.Xil/Vivado-2451820-loong-arch-mini/realtime/axi_interconnect_0_stub.v:6]
INFO: [Synth 8-6157] synthesizing module 'mig_axi_32' [/home/lch/work/miracle/chiplab/fpga/loongson/2023.2/system_run.runs/synth_1/.Xil/Vivado-2451820-loong-arch-mini/realtime/mig_axi_32_stub.v:6]
INFO: [Synth 8-6155] done synthesizing module 'mig_axi_32' (0#1) [/home/lch/work/miracle/chiplab/fpga/loongson/2023.2/system_run.runs/synth_1/.Xil/Vivado-2451820-loong-arch-mini/realtime/mig_axi_32_stub.v:6]
WARNING: [Synth 8-7071] port 'device_temp' of module 'mig_axi_32' is unconnected for instance 'mig_axi' [/home/lch/work/miracle/chiplab/chip/soc_demo/loongson/soc_top.v:1914]
WARNING: [Synth 8-7023] instance 'mig_axi' of module 'mig_axi_32' has 66 connections declared, but only 65 given [/home/lch/work/miracle/chiplab/chip/soc_demo/loongson/soc_top.v:1914]
INFO: [Synth 8-6157] synthesizing module 'dma_master' [/home/lch/work/miracle/chiplab/IP/DMA/dma.v:39]
INFO: [Synth 8-6155] done synthesizing module 'dma_master' (0#1) [/home/lch/work/miracle/chiplab/IP/DMA/dma.v:39]
INFO: [Synth 8-6157] synthesizing module 'axi2apb_misc' [/home/lch/work/miracle/chiplab/IP/APB_DEV/apb_dev_top_with_nand.v:36]
INFO: [Synth 8-6157] synthesizing module 'axi2apb_bridge' [/home/lch/work/miracle/chiplab/IP/AMBA/axi2apb.v:36]
INFO: [Synth 8-226] default block is never used [/home/lch/work/miracle/chiplab/IP/AMBA/axi2apb.v:337]
INFO: [Synth 8-6155] done synthesizing module 'axi2apb_bridge' (0#1) [/home/lch/work/miracle/chiplab/IP/AMBA/axi2apb.v:36]
INFO: [Synth 8-6157] synthesizing module 'apb_mux2' [/home/lch/work/miracle/chiplab/IP/APB_DEV/apb_mux2.v:38]
INFO: [Synth 8-6157] synthesizing module 'arb_2_1' [/home/lch/work/miracle/chiplab/IP/APB_DEV/apb_mux2.v:185]
INFO: [Synth 8-6155] done synthesizing module 'arb_2_1' (0#1) [/home/lch/work/miracle/chiplab/IP/APB_DEV/apb_mux2.v:185]
INFO: [Synth 8-6155] done synthesizing module 'apb_mux2' (0#1) [/home/lch/work/miracle/chiplab/IP/APB_DEV/apb_mux2.v:38]
INFO: [Synth 8-6157] synthesizing module 'UART_TOP' [/home/lch/work/miracle/chiplab/IP/APB_DEV/URT/uart_top.v:36]
INFO: [Synth 8-6157] synthesizing module 'uart_regs' [/home/lch/work/miracle/chiplab/IP/APB_DEV/URT/uart_regs.v:39]
INFO: [Synth 8-6157] synthesizing module 'uart_transmitter' [/home/lch/work/miracle/chiplab/IP/APB_DEV/URT/uart_transmitter.v:36]
INFO: [Synth 8-6157] synthesizing module 'uart_tfifo' [/home/lch/work/miracle/chiplab/IP/APB_DEV/URT/uart_tfifo.v:36]
INFO: [Synth 8-6157] synthesizing module 'raminfr' [/home/lch/work/miracle/chiplab/IP/APB_DEV/URT/raminfr.v:34]
	Parameter addr_width bound to: 4 - type: integer 
	Parameter data_width bound to: 8 - type: integer 
	Parameter depth bound to: 16 - type: integer 
INFO: [Synth 8-6155] done synthesizing module 'raminfr' (0#1) [/home/lch/work/miracle/chiplab/IP/APB_DEV/URT/raminfr.v:34]
INFO: [Synth 8-6155] done synthesizing module 'uart_tfifo' (0#1) [/home/lch/work/miracle/chiplab/IP/APB_DEV/URT/uart_tfifo.v:36]
INFO: [Synth 8-6155] done synthesizing module 'uart_transmitter' (0#1) [/home/lch/work/miracle/chiplab/IP/APB_DEV/URT/uart_transmitter.v:36]
INFO: [Synth 8-6157] synthesizing module 'uart_sync_flops' [/home/lch/work/miracle/chiplab/IP/APB_DEV/URT/uart_sync_flops.v:34]
	Parameter width bound to: 1 - type: integer 
	Parameter init_value bound to: 1'b1 
INFO: [Synth 8-6155] done synthesizing module 'uart_sync_flops' (0#1) [/home/lch/work/miracle/chiplab/IP/APB_DEV/URT/uart_sync_flops.v:34]
INFO: [Synth 8-6157] synthesizing module 'uart_receiver' [/home/lch/work/miracle/chiplab/IP/APB_DEV/URT/uart_receiver.v:36]
INFO: [Synth 8-6157] synthesizing module 'uart_rfifo' [/home/lch/work/miracle/chiplab/IP/APB_DEV/URT/uart_rfifo.v:36]
	Parameter fifo_width bound to: 11 - type: integer 
INFO: [Synth 8-6155] done synthesizing module 'uart_rfifo' (0#1) [/home/lch/work/miracle/chiplab/IP/APB_DEV/URT/uart_rfifo.v:36]
INFO: [Synth 8-6155] done synthesizing module 'uart_receiver' (0#1) [/home/lch/work/miracle/chiplab/IP/APB_DEV/URT/uart_receiver.v:36]
INFO: [Synth 8-6155] done synthesizing module 'uart_regs' (0#1) [/home/lch/work/miracle/chiplab/IP/APB_DEV/URT/uart_regs.v:39]
INFO: [Synth 8-6155] done synthesizing module 'UART_TOP' (0#1) [/home/lch/work/miracle/chiplab/IP/APB_DEV/URT/uart_top.v:36]
INFO: [Synth 8-6157] synthesizing module 'nand_module' [/home/lch/work/miracle/chiplab/IP/APB_DEV/nand_module.v:34]
INFO: [Synth 8-6157] synthesizing module 'NAND_top' [/home/lch/work/miracle/chiplab/IP/APB_DEV/NAND/nand.v:34]
INFO: [Synth 8-6155] done synthesizing module 'NAND_top' (0#1) [/home/lch/work/miracle/chiplab/IP/APB_DEV/NAND/nand.v:34]
INFO: [Synth 8-6155] done synthesizing module 'nand_module' (0#1) [/home/lch/work/miracle/chiplab/IP/APB_DEV/nand_module.v:34]
INFO: [Synth 8-6155] done synthesizing module 'axi2apb_misc' (0#1) [/home/lch/work/miracle/chiplab/IP/APB_DEV/apb_dev_top_with_nand.v:36]
INFO: [Synth 8-6157] synthesizing module 'lcd_ctrl' [/home/lch/work/miracle/chiplab/IP/LCD/lcd_ctrl.v:1]
INFO: [Synth 8-6155] done synthesizing module 'lcd_ctrl' (0#1) [/home/lch/work/miracle/chiplab/IP/LCD/lcd_ctrl.v:1]
WARNING: [Synth 8-689] width (4) of port connection 's_awlen' does not match port width (8) of module 'lcd_ctrl' [/home/lch/work/miracle/chiplab/chip/soc_demo/loongson/soc_top.v:2166]
WARNING: [Synth 8-689] width (2) of port connection 's_awlock' does not match port width (1) of module 'lcd_ctrl' [/home/lch/work/miracle/chiplab/chip/soc_demo/loongson/soc_top.v:2169]
WARNING: [Synth 8-689] width (4) of port connection 's_arlen' does not match port width (8) of module 'lcd_ctrl' [/home/lch/work/miracle/chiplab/chip/soc_demo/loongson/soc_top.v:2189]
WARNING: [Synth 8-689] width (2) of port connection 's_arlock' does not match port width (1) of module 'lcd_ctrl' [/home/lch/work/miracle/chiplab/chip/soc_demo/loongson/soc_top.v:2192]
INFO: [Synth 8-6157] synthesizing module 'ps2_ctrl' [/home/lch/work/miracle/chiplab/IP/PS2/ps2_ctrl.v:1]
INFO: [Synth 8-155] case statement is not full and has no default [/home/lch/work/miracle/chiplab/IP/PS2/ps2_ctrl.v:309]
INFO: [Synth 8-155] case statement is not full and has no default [/home/lch/work/miracle/chiplab/IP/PS2/ps2_ctrl.v:435]
INFO: [Synth 8-6155] done synthesizing module 'ps2_ctrl' (0#1) [/home/lch/work/miracle/chiplab/IP/PS2/ps2_ctrl.v:1]
INFO: [Synth 8-6155] done synthesizing module 'soc_top' (0#1) [/home/lch/work/miracle/chiplab/chip/soc_demo/loongson/soc_top.v:36]
WARNING: [Synth 8-7137] Register rf_rdata_r_reg in module trace_debug has both Set and reset with same priority. This may cause simulation mismatches. Consider rewriting code  [/home/lch/work/miracle/chiplab/IP/DEBUG/debug_top.v:592]
WARNING: [Synth 8-7137] Register mem_rdata_r_reg in module trace_debug has both Set and reset with same priority. This may cause simulation mismatches. Consider rewriting code  [/home/lch/work/miracle/chiplab/IP/DEBUG/debug_top.v:597]
WARNING: [Synth 8-7137] Register wnum_r_reg in module trace_debug has both Set and reset with same priority. This may cause simulation mismatches. Consider rewriting code  [/home/lch/work/miracle/chiplab/IP/DEBUG/debug_top.v:603]
WARNING: [Synth 8-7137] Register wdata_r_reg in module trace_debug has both Set and reset with same priority. This may cause simulation mismatches. Consider rewriting code  [/home/lch/work/miracle/chiplab/IP/DEBUG/debug_top.v:604]
WARNING: [Synth 8-7137] Register list_pc_r_reg in module trace_debug has both Set and reset with same priority. This may cause simulation mismatches. Consider rewriting code  [/home/lch/work/miracle/chiplab/IP/DEBUG/debug_top.v:609]
WARNING: [Synth 8-6014] Unused sequential element csr_brk_reg was removed.  [/home/lch/work/miracle/chiplab/IP/myCPU/my_csr.v:767]
WARNING: [Synth 8-6014] Unused sequential element read_respond_state_reg was removed.  [/home/lch/work/miracle/chiplab/IP/myCPU/axi_bridge.v:223]
WARNING: [Synth 8-6014] Unused sequential element s0_fetch_r_reg was removed.  [/home/lch/work/miracle/chiplab/IP/myCPU/tlb_entry.v:110]
WARNING: [Synth 8-6014] Unused sequential element s1_fetch_r_reg was removed.  [/home/lch/work/miracle/chiplab/IP/myCPU/tlb_entry.v:116]
WARNING: [Synth 8-6014] Unused sequential element request_buffer_op_reg was removed.  [/home/lch/work/miracle/chiplab/IP/myCPU/icache.v:128]
WARNING: [Synth 8-6014] Unused sequential element request_buffer_wstrb_reg was removed.  [/home/lch/work/miracle/chiplab/IP/myCPU/icache.v:132]
WARNING: [Synth 8-6014] Unused sequential element request_buffer_wdata_reg was removed.  [/home/lch/work/miracle/chiplab/IP/myCPU/icache.v:133]
WARNING: [Synth 8-3848] Net wr_type in module/entity icache does not have driver. [/home/lch/work/miracle/chiplab/IP/myCPU/icache.v:33]
WARNING: [Synth 8-3848] Net wr_addr in module/entity icache does not have driver. [/home/lch/work/miracle/chiplab/IP/myCPU/icache.v:34]
WARNING: [Synth 8-3848] Net wr_wstrb in module/entity icache does not have driver. [/home/lch/work/miracle/chiplab/IP/myCPU/icache.v:35]
WARNING: [Synth 8-3848] Net wr_data in module/entity icache does not have driver. [/home/lch/work/miracle/chiplab/IP/myCPU/icache.v:36]
WARNING: [Synth 8-6014] Unused sequential element rd_data_pre_sel_reg was removed.  [/home/lch/work/miracle/chiplab/IP/AMBA/axi_mux_syn.v:1243]
WARNING: [Synth 8-6014] Unused sequential element buf_len_reg was removed.  [/home/lch/work/miracle/chiplab/IP/CONFREG/confreg_syn.v:212]
WARNING: [Synth 8-6014] Unused sequential element buf_size_reg was removed.  [/home/lch/work/miracle/chiplab/IP/CONFREG/confreg_syn.v:213]
WARNING: [Synth 8-6014] Unused sequential element buf_burst_reg was removed.  [/home/lch/work/miracle/chiplab/IP/CONFREG/confreg_syn.v:214]
WARNING: [Synth 8-6014] Unused sequential element buf_lock_reg was removed.  [/home/lch/work/miracle/chiplab/IP/CONFREG/confreg_syn.v:215]
WARNING: [Synth 8-6014] Unused sequential element buf_cache_reg was removed.  [/home/lch/work/miracle/chiplab/IP/CONFREG/confreg_syn.v:216]
WARNING: [Synth 8-6014] Unused sequential element buf_prot_reg was removed.  [/home/lch/work/miracle/chiplab/IP/CONFREG/confreg_syn.v:217]
WARNING: [Synth 8-6014] Unused sequential element des1_reg_proc.ft22_reg was removed.  [/home/lch/work/miracle/chiplab/IP/MAC/tlsm.v:673]
WARNING: [Synth 8-6014] Unused sequential element wadg_0_r_reg was removed.  [/home/lch/work/miracle/chiplab/IP/MAC/rfifo.v:384]
WARNING: [Synth 8-6014] Unused sequential element wadg_r_reg was removed.  [/home/lch/work/miracle/chiplab/IP/MAC/rfifo.v:385]
WARNING: [Synth 8-6014] Unused sequential element wad_reg was removed.  [/home/lch/work/miracle/chiplab/IP/MAC/rfifo.v:412]
WARNING: [Synth 8-6014] Unused sequential element stat_reg was removed.  [/home/lch/work/miracle/chiplab/IP/MAC/rfifo.v:424]
WARNING: [Synth 8-6014] Unused sequential element write_dma_to_ddr_reg was removed.  [/home/lch/work/miracle/chiplab/IP/DMA/dma.v:436]
WARNING: [Synth 8-6014] Unused sequential element apb_wr_size_reg was removed.  [/home/lch/work/miracle/chiplab/IP/AMBA/axi2apb.v:201]
WARNING: [Synth 8-6014] Unused sequential element rbit_in_reg was removed.  [/home/lch/work/miracle/chiplab/IP/APB_DEV/URT/uart_receiver.v:115]
WARNING: [Synth 8-6014] Unused sequential element NAND_ACK_reg was removed.  [/home/lch/work/miracle/chiplab/IP/APB_DEV/NAND/nand.v:424]
WARNING: [Synth 8-6014] Unused sequential element ps2_data_prev_reg was removed.  [/home/lch/work/miracle/chiplab/IP/PS2/ps2_ctrl.v:142]
WARNING: [Synth 8-3848] Net EJTAG_TDO in module/entity soc_top does not have driver. [/home/lch/work/miracle/chiplab/chip/soc_demo/loongson/soc_top.v:91]
WARNING: [Synth 8-3848] Net UART_RI in module/entity soc_top does not have driver. [/home/lch/work/miracle/chiplab/chip/soc_demo/loongson/soc_top.v:663]
WARNING: [Synth 8-7129] Port s_awlen[3] in module ps2_ctrl is either unconnected or has no load
WARNING: [Synth 8-7129] Port s_awlen[2] in module ps2_ctrl is either unconnected or has no load
WARNING: [Synth 8-7129] Port s_awlen[1] in module ps2_ctrl is either unconnected or has no load
WARNING: [Synth 8-7129] Port s_awlen[0] in module ps2_ctrl is either unconnected or has no load
WARNING: [Synth 8-7129] Port s_awsize[2] in module ps2_ctrl is either unconnected or has no load
WARNING: [Synth 8-7129] Port s_awsize[1] in module ps2_ctrl is either unconnected or has no load
WARNING: [Synth 8-7129] Port s_awsize[0] in module ps2_ctrl is either unconnected or has no load
WARNING: [Synth 8-7129] Port s_awburst[1] in module ps2_ctrl is either unconnected or has no load
WARNING: [Synth 8-7129] Port s_awburst[0] in module ps2_ctrl is either unconnected or has no load
WARNING: [Synth 8-7129] Port s_awlock[1] in module ps2_ctrl is either unconnected or has no load
WARNING: [Synth 8-7129] Port s_awlock[0] in module ps2_ctrl is either unconnected or has no load
WARNING: [Synth 8-7129] Port s_awcache[3] in module ps2_ctrl is either unconnected or has no load
WARNING: [Synth 8-7129] Port s_awcache[2] in module ps2_ctrl is either unconnected or has no load
WARNING: [Synth 8-7129] Port s_awcache[1] in module ps2_ctrl is either unconnected or has no load
WARNING: [Synth 8-7129] Port s_awcache[0] in module ps2_ctrl is either unconnected or has no load
WARNING: [Synth 8-7129] Port s_awprot[2] in module ps2_ctrl is either unconnected or has no load
WARNING: [Synth 8-7129] Port s_awprot[1] in module ps2_ctrl is either unconnected or has no load
WARNING: [Synth 8-7129] Port s_awprot[0] in module ps2_ctrl is either unconnected or has no load
WARNING: [Synth 8-7129] Port s_wid[3] in module ps2_ctrl is either unconnected or has no load
WARNING: [Synth 8-7129] Port s_wid[2] in module ps2_ctrl is either unconnected or has no load
WARNING: [Synth 8-7129] Port s_wid[1] in module ps2_ctrl is either unconnected or has no load
WARNING: [Synth 8-7129] Port s_wid[0] in module ps2_ctrl is either unconnected or has no load
WARNING: [Synth 8-7129] Port s_wdata[31] in module ps2_ctrl is either unconnected or has no load
WARNING: [Synth 8-7129] Port s_wdata[30] in module ps2_ctrl is either unconnected or has no load
WARNING: [Synth 8-7129] Port s_wdata[29] in module ps2_ctrl is either unconnected or has no load
WARNING: [Synth 8-7129] Port s_wdata[28] in module ps2_ctrl is either unconnected or has no load
WARNING: [Synth 8-7129] Port s_wdata[27] in module ps2_ctrl is either unconnected or has no load
WARNING: [Synth 8-7129] Port s_wdata[26] in module ps2_ctrl is either unconnected or has no load
WARNING: [Synth 8-7129] Port s_wdata[25] in module ps2_ctrl is either unconnected or has no load
WARNING: [Synth 8-7129] Port s_wdata[24] in module ps2_ctrl is either unconnected or has no load
WARNING: [Synth 8-7129] Port s_wdata[23] in module ps2_ctrl is either unconnected or has no load
WARNING: [Synth 8-7129] Port s_wdata[22] in module ps2_ctrl is either unconnected or has no load
WARNING: [Synth 8-7129] Port s_wdata[21] in module ps2_ctrl is either unconnected or has no load
WARNING: [Synth 8-7129] Port s_wdata[20] in module ps2_ctrl is either unconnected or has no load
WARNING: [Synth 8-7129] Port s_wdata[19] in module ps2_ctrl is either unconnected or has no load
WARNING: [Synth 8-7129] Port s_wdata[18] in module ps2_ctrl is either unconnected or has no load
WARNING: [Synth 8-7129] Port s_wdata[17] in module ps2_ctrl is either unconnected or has no load
WARNING: [Synth 8-7129] Port s_wdata[16] in module ps2_ctrl is either unconnected or has no load
WARNING: [Synth 8-7129] Port s_wdata[15] in module ps2_ctrl is either unconnected or has no load
WARNING: [Synth 8-7129] Port s_wdata[14] in module ps2_ctrl is either unconnected or has no load
WARNING: [Synth 8-7129] Port s_wdata[13] in module ps2_ctrl is either unconnected or has no load
WARNING: [Synth 8-7129] Port s_wdata[12] in module ps2_ctrl is either unconnected or has no load
WARNING: [Synth 8-7129] Port s_wdata[11] in module ps2_ctrl is either unconnected or has no load
WARNING: [Synth 8-7129] Port s_wdata[10] in module ps2_ctrl is either unconnected or has no load
WARNING: [Synth 8-7129] Port s_wdata[9] in module ps2_ctrl is either unconnected or has no load
WARNING: [Synth 8-7129] Port s_wdata[8] in module ps2_ctrl is either unconnected or has no load
WARNING: [Synth 8-7129] Port s_wstrb[3] in module ps2_ctrl is either unconnected or has no load
WARNING: [Synth 8-7129] Port s_wstrb[2] in module ps2_ctrl is either unconnected or has no load
WARNING: [Synth 8-7129] Port s_wstrb[1] in module ps2_ctrl is either unconnected or has no load
WARNING: [Synth 8-7129] Port s_wstrb[0] in module ps2_ctrl is either unconnected or has no load
WARNING: [Synth 8-7129] Port s_arlen[3] in module ps2_ctrl is either unconnected or has no load
WARNING: [Synth 8-7129] Port s_arlen[2] in module ps2_ctrl is either unconnected or has no load
WARNING: [Synth 8-7129] Port s_arlen[1] in module ps2_ctrl is either unconnected or has no load
WARNING: [Synth 8-7129] Port s_arlen[0] in module ps2_ctrl is either unconnected or has no load
WARNING: [Synth 8-7129] Port s_arsize[2] in module ps2_ctrl is either unconnected or has no load
WARNING: [Synth 8-7129] Port s_arsize[1] in module ps2_ctrl is either unconnected or has no load
WARNING: [Synth 8-7129] Port s_arsize[0] in module ps2_ctrl is either unconnected or has no load
WARNING: [Synth 8-7129] Port s_arburst[1] in module ps2_ctrl is either unconnected or has no load
WARNING: [Synth 8-7129] Port s_arburst[0] in module ps2_ctrl is either unconnected or has no load
WARNING: [Synth 8-7129] Port s_arlock[1] in module ps2_ctrl is either unconnected or has no load
WARNING: [Synth 8-7129] Port s_arlock[0] in module ps2_ctrl is either unconnected or has no load
WARNING: [Synth 8-7129] Port s_arcache[3] in module ps2_ctrl is either unconnected or has no load
WARNING: [Synth 8-7129] Port s_arcache[2] in module ps2_ctrl is either unconnected or has no load
WARNING: [Synth 8-7129] Port s_arcache[1] in module ps2_ctrl is either unconnected or has no load
WARNING: [Synth 8-7129] Port s_arcache[0] in module ps2_ctrl is either unconnected or has no load
WARNING: [Synth 8-7129] Port s_arprot[2] in module ps2_ctrl is either unconnected or has no load
WARNING: [Synth 8-7129] Port s_arprot[1] in module ps2_ctrl is either unconnected or has no load
WARNING: [Synth 8-7129] Port s_arprot[0] in module ps2_ctrl is either unconnected or has no load
WARNING: [Synth 8-7129] Port s_awlen[7] in module lcd_ctrl is either unconnected or has no load
WARNING: [Synth 8-7129] Port s_awlen[6] in module lcd_ctrl is either unconnected or has no load
WARNING: [Synth 8-7129] Port s_awlen[5] in module lcd_ctrl is either unconnected or has no load
WARNING: [Synth 8-7129] Port s_awlen[4] in module lcd_ctrl is either unconnected or has no load
WARNING: [Synth 8-7129] Port s_awlen[3] in module lcd_ctrl is either unconnected or has no load
WARNING: [Synth 8-7129] Port s_awlen[2] in module lcd_ctrl is either unconnected or has no load
WARNING: [Synth 8-7129] Port s_awlen[1] in module lcd_ctrl is either unconnected or has no load
WARNING: [Synth 8-7129] Port s_awlen[0] in module lcd_ctrl is either unconnected or has no load
WARNING: [Synth 8-7129] Port s_awsize[2] in module lcd_ctrl is either unconnected or has no load
WARNING: [Synth 8-7129] Port s_awsize[1] in module lcd_ctrl is either unconnected or has no load
WARNING: [Synth 8-7129] Port s_awsize[0] in module lcd_ctrl is either unconnected or has no load
WARNING: [Synth 8-7129] Port s_awburst[1] in module lcd_ctrl is either unconnected or has no load
WARNING: [Synth 8-7129] Port s_awburst[0] in module lcd_ctrl is either unconnected or has no load
WARNING: [Synth 8-7129] Port s_awlock in module lcd_ctrl is either unconnected or has no load
WARNING: [Synth 8-7129] Port s_awcache[3] in module lcd_ctrl is either unconnected or has no load
WARNING: [Synth 8-7129] Port s_awcache[2] in module lcd_ctrl is either unconnected or has no load
WARNING: [Synth 8-7129] Port s_awcache[1] in module lcd_ctrl is either unconnected or has no load
WARNING: [Synth 8-7129] Port s_awcache[0] in module lcd_ctrl is either unconnected or has no load
WARNING: [Synth 8-7129] Port s_awprot[2] in module lcd_ctrl is either unconnected or has no load
WARNING: [Synth 8-7129] Port s_awprot[1] in module lcd_ctrl is either unconnected or has no load
WARNING: [Synth 8-7129] Port s_awprot[0] in module lcd_ctrl is either unconnected or has no load
WARNING: [Synth 8-7129] Port s_wid[3] in module lcd_ctrl is either unconnected or has no load
WARNING: [Synth 8-7129] Port s_wid[2] in module lcd_ctrl is either unconnected or has no load
WARNING: [Synth 8-7129] Port s_wid[1] in module lcd_ctrl is either unconnected or has no load
WARNING: [Synth 8-7129] Port s_wid[0] in module lcd_ctrl is either unconnected or has no load
WARNING: [Synth 8-7129] Port s_wdata[31] in module lcd_ctrl is either unconnected or has no load
WARNING: [Synth 8-7129] Port s_wdata[30] in module lcd_ctrl is either unconnected or has no load
WARNING: [Synth 8-7129] Port s_wdata[29] in module lcd_ctrl is either unconnected or has no load
WARNING: [Synth 8-7129] Port s_wdata[28] in module lcd_ctrl is either unconnected or has no load
WARNING: [Synth 8-7129] Port s_wdata[27] in module lcd_ctrl is either unconnected or has no load
WARNING: [Synth 8-7129] Port s_wdata[26] in module lcd_ctrl is either unconnected or has no load
WARNING: [Synth 8-7129] Port s_wdata[25] in module lcd_ctrl is either unconnected or has no load
INFO: [Common 17-14] Message 'Synth 8-7129' appears 100 times and further instances of the messages will be disabled. Use the Tcl command set_msg_config to change the current settings.
---------------------------------------------------------------------------------
Finished RTL Elaboration : Time (s): cpu = 00:00:04 ; elapsed = 00:00:05 . Memory (MB): peak = 2613.246 ; gain = 812.672 ; free physical = 44223 ; free virtual = 86787
---------------------------------------------------------------------------------
---------------------------------------------------------------------------------
Start Handling Custom Attributes
---------------------------------------------------------------------------------
---------------------------------------------------------------------------------
Finished Handling Custom Attributes : Time (s): cpu = 00:00:05 ; elapsed = 00:00:05 . Memory (MB): peak = 2613.246 ; gain = 812.672 ; free physical = 44226 ; free virtual = 86790
---------------------------------------------------------------------------------
---------------------------------------------------------------------------------
Finished RTL Optimization Phase 1 : Time (s): cpu = 00:00:05 ; elapsed = 00:00:05 . Memory (MB): peak = 2613.246 ; gain = 812.672 ; free physical = 44226 ; free virtual = 86790
---------------------------------------------------------------------------------
Netlist sorting complete. Time (s): cpu = 00:00:00.19 ; elapsed = 00:00:00.19 . Memory (MB): peak = 2613.246 ; gain = 0.000 ; free physical = 44224 ; free virtual = 86788
INFO: [Netlist 29-17] Analyzing 12 Unisim elements for replacement
INFO: [Netlist 29-28] Unisim Transformation completed in 0 CPU seconds
INFO: [Project 1-570] Preparing netlist for logic optimization

Processing XDC Constraints
Initializing timing engine
Parsing XDC File [/home/lch/work/miracle/chiplab/IP/xilinx_ip/2023.2/axi_interconnect_0/axi_interconnect_0/axi_interconnect_0_in_context.xdc] for cell 'mig_axi_interconnect'
Finished Parsing XDC File [/home/lch/work/miracle/chiplab/IP/xilinx_ip/2023.2/axi_interconnect_0/axi_interconnect_0/axi_interconnect_0_in_context.xdc] for cell 'mig_axi_interconnect'
Parsing XDC File [/home/lch/work/miracle/chiplab/IP/xilinx_ip/2023.2/axi_2x1_mux/axi_2x1_mux/axi_2x1_mux_in_context.xdc] for cell 'u_axi_2x1_mux'
Finished Parsing XDC File [/home/lch/work/miracle/chiplab/IP/xilinx_ip/2023.2/axi_2x1_mux/axi_2x1_mux/axi_2x1_mux_in_context.xdc] for cell 'u_axi_2x1_mux'
Parsing XDC File [/home/lch/work/miracle/chiplab/fpga/loongson/2023.2/system_run.runs/synth_1/.Xil/Vivado-2451820-loong-arch-mini/data_bank_sram/data_bank_sram/data_bank_sram_in_context.xdc] for cell 'cpu_mid/icache/data_ram_way[0].data_ram_bank[0].u'
Finished Parsing XDC File [/home/lch/work/miracle/chiplab/fpga/loongson/2023.2/system_run.runs/synth_1/.Xil/Vivado-2451820-loong-arch-mini/data_bank_sram/data_bank_sram/data_bank_sram_in_context.xdc] for cell 'cpu_mid/icache/data_ram_way[0].data_ram_bank[0].u'
Parsing XDC File [/home/lch/work/miracle/chiplab/fpga/loongson/2023.2/system_run.runs/synth_1/.Xil/Vivado-2451820-loong-arch-mini/data_bank_sram/data_bank_sram/data_bank_sram_in_context.xdc] for cell 'cpu_mid/icache/data_ram_way[0].data_ram_bank[1].u'
Finished Parsing XDC File [/home/lch/work/miracle/chiplab/fpga/loongson/2023.2/system_run.runs/synth_1/.Xil/Vivado-2451820-loong-arch-mini/data_bank_sram/data_bank_sram/data_bank_sram_in_context.xdc] for cell 'cpu_mid/icache/data_ram_way[0].data_ram_bank[1].u'
Parsing XDC File [/home/lch/work/miracle/chiplab/fpga/loongson/2023.2/system_run.runs/synth_1/.Xil/Vivado-2451820-loong-arch-mini/data_bank_sram/data_bank_sram/data_bank_sram_in_context.xdc] for cell 'cpu_mid/icache/data_ram_way[0].data_ram_bank[2].u'
Finished Parsing XDC File [/home/lch/work/miracle/chiplab/fpga/loongson/2023.2/system_run.runs/synth_1/.Xil/Vivado-2451820-loong-arch-mini/data_bank_sram/data_bank_sram/data_bank_sram_in_context.xdc] for cell 'cpu_mid/icache/data_ram_way[0].data_ram_bank[2].u'
Parsing XDC File [/home/lch/work/miracle/chiplab/fpga/loongson/2023.2/system_run.runs/synth_1/.Xil/Vivado-2451820-loong-arch-mini/data_bank_sram/data_bank_sram/data_bank_sram_in_context.xdc] for cell 'cpu_mid/icache/data_ram_way[0].data_ram_bank[3].u'
Finished Parsing XDC File [/home/lch/work/miracle/chiplab/fpga/loongson/2023.2/system_run.runs/synth_1/.Xil/Vivado-2451820-loong-arch-mini/data_bank_sram/data_bank_sram/data_bank_sram_in_context.xdc] for cell 'cpu_mid/icache/data_ram_way[0].data_ram_bank[3].u'
Parsing XDC File [/home/lch/work/miracle/chiplab/fpga/loongson/2023.2/system_run.runs/synth_1/.Xil/Vivado-2451820-loong-arch-mini/data_bank_sram/data_bank_sram/data_bank_sram_in_context.xdc] for cell 'cpu_mid/icache/data_ram_way[1].data_ram_bank[0].u'
Finished Parsing XDC File [/home/lch/work/miracle/chiplab/fpga/loongson/2023.2/system_run.runs/synth_1/.Xil/Vivado-2451820-loong-arch-mini/data_bank_sram/data_bank_sram/data_bank_sram_in_context.xdc] for cell 'cpu_mid/icache/data_ram_way[1].data_ram_bank[0].u'
Parsing XDC File [/home/lch/work/miracle/chiplab/fpga/loongson/2023.2/system_run.runs/synth_1/.Xil/Vivado-2451820-loong-arch-mini/data_bank_sram/data_bank_sram/data_bank_sram_in_context.xdc] for cell 'cpu_mid/icache/data_ram_way[1].data_ram_bank[1].u'
Finished Parsing XDC File [/home/lch/work/miracle/chiplab/fpga/loongson/2023.2/system_run.runs/synth_1/.Xil/Vivado-2451820-loong-arch-mini/data_bank_sram/data_bank_sram/data_bank_sram_in_context.xdc] for cell 'cpu_mid/icache/data_ram_way[1].data_ram_bank[1].u'
Parsing XDC File [/home/lch/work/miracle/chiplab/fpga/loongson/2023.2/system_run.runs/synth_1/.Xil/Vivado-2451820-loong-arch-mini/data_bank_sram/data_bank_sram/data_bank_sram_in_context.xdc] for cell 'cpu_mid/icache/data_ram_way[1].data_ram_bank[2].u'
Finished Parsing XDC File [/home/lch/work/miracle/chiplab/fpga/loongson/2023.2/system_run.runs/synth_1/.Xil/Vivado-2451820-loong-arch-mini/data_bank_sram/data_bank_sram/data_bank_sram_in_context.xdc] for cell 'cpu_mid/icache/data_ram_way[1].data_ram_bank[2].u'
Parsing XDC File [/home/lch/work/miracle/chiplab/fpga/loongson/2023.2/system_run.runs/synth_1/.Xil/Vivado-2451820-loong-arch-mini/data_bank_sram/data_bank_sram/data_bank_sram_in_context.xdc] for cell 'cpu_mid/icache/data_ram_way[1].data_ram_bank[3].u'
Finished Parsing XDC File [/home/lch/work/miracle/chiplab/fpga/loongson/2023.2/system_run.runs/synth_1/.Xil/Vivado-2451820-loong-arch-mini/data_bank_sram/data_bank_sram/data_bank_sram_in_context.xdc] for cell 'cpu_mid/icache/data_ram_way[1].data_ram_bank[3].u'
Parsing XDC File [/home/lch/work/miracle/chiplab/fpga/loongson/2023.2/system_run.runs/synth_1/.Xil/Vivado-2451820-loong-arch-mini/data_bank_sram/data_bank_sram/data_bank_sram_in_context.xdc] for cell 'cpu_mid/dcache/data_ram_way[0].data_ram_bank[0].u'
Finished Parsing XDC File [/home/lch/work/miracle/chiplab/fpga/loongson/2023.2/system_run.runs/synth_1/.Xil/Vivado-2451820-loong-arch-mini/data_bank_sram/data_bank_sram/data_bank_sram_in_context.xdc] for cell 'cpu_mid/dcache/data_ram_way[0].data_ram_bank[0].u'
Parsing XDC File [/home/lch/work/miracle/chiplab/fpga/loongson/2023.2/system_run.runs/synth_1/.Xil/Vivado-2451820-loong-arch-mini/data_bank_sram/data_bank_sram/data_bank_sram_in_context.xdc] for cell 'cpu_mid/dcache/data_ram_way[0].data_ram_bank[1].u'
Finished Parsing XDC File [/home/lch/work/miracle/chiplab/fpga/loongson/2023.2/system_run.runs/synth_1/.Xil/Vivado-2451820-loong-arch-mini/data_bank_sram/data_bank_sram/data_bank_sram_in_context.xdc] for cell 'cpu_mid/dcache/data_ram_way[0].data_ram_bank[1].u'
Parsing XDC File [/home/lch/work/miracle/chiplab/fpga/loongson/2023.2/system_run.runs/synth_1/.Xil/Vivado-2451820-loong-arch-mini/data_bank_sram/data_bank_sram/data_bank_sram_in_context.xdc] for cell 'cpu_mid/dcache/data_ram_way[0].data_ram_bank[2].u'
Finished Parsing XDC File [/home/lch/work/miracle/chiplab/fpga/loongson/2023.2/system_run.runs/synth_1/.Xil/Vivado-2451820-loong-arch-mini/data_bank_sram/data_bank_sram/data_bank_sram_in_context.xdc] for cell 'cpu_mid/dcache/data_ram_way[0].data_ram_bank[2].u'
Parsing XDC File [/home/lch/work/miracle/chiplab/fpga/loongson/2023.2/system_run.runs/synth_1/.Xil/Vivado-2451820-loong-arch-mini/data_bank_sram/data_bank_sram/data_bank_sram_in_context.xdc] for cell 'cpu_mid/dcache/data_ram_way[0].data_ram_bank[3].u'
Finished Parsing XDC File [/home/lch/work/miracle/chiplab/fpga/loongson/2023.2/system_run.runs/synth_1/.Xil/Vivado-2451820-loong-arch-mini/data_bank_sram/data_bank_sram/data_bank_sram_in_context.xdc] for cell 'cpu_mid/dcache/data_ram_way[0].data_ram_bank[3].u'
Parsing XDC File [/home/lch/work/miracle/chiplab/fpga/loongson/2023.2/system_run.runs/synth_1/.Xil/Vivado-2451820-loong-arch-mini/data_bank_sram/data_bank_sram/data_bank_sram_in_context.xdc] for cell 'cpu_mid/dcache/data_ram_way[1].data_ram_bank[0].u'
Finished Parsing XDC File [/home/lch/work/miracle/chiplab/fpga/loongson/2023.2/system_run.runs/synth_1/.Xil/Vivado-2451820-loong-arch-mini/data_bank_sram/data_bank_sram/data_bank_sram_in_context.xdc] for cell 'cpu_mid/dcache/data_ram_way[1].data_ram_bank[0].u'
Parsing XDC File [/home/lch/work/miracle/chiplab/fpga/loongson/2023.2/system_run.runs/synth_1/.Xil/Vivado-2451820-loong-arch-mini/data_bank_sram/data_bank_sram/data_bank_sram_in_context.xdc] for cell 'cpu_mid/dcache/data_ram_way[1].data_ram_bank[1].u'
Finished Parsing XDC File [/home/lch/work/miracle/chiplab/fpga/loongson/2023.2/system_run.runs/synth_1/.Xil/Vivado-2451820-loong-arch-mini/data_bank_sram/data_bank_sram/data_bank_sram_in_context.xdc] for cell 'cpu_mid/dcache/data_ram_way[1].data_ram_bank[1].u'
Parsing XDC File [/home/lch/work/miracle/chiplab/fpga/loongson/2023.2/system_run.runs/synth_1/.Xil/Vivado-2451820-loong-arch-mini/data_bank_sram/data_bank_sram/data_bank_sram_in_context.xdc] for cell 'cpu_mid/dcache/data_ram_way[1].data_ram_bank[2].u'
Finished Parsing XDC File [/home/lch/work/miracle/chiplab/fpga/loongson/2023.2/system_run.runs/synth_1/.Xil/Vivado-2451820-loong-arch-mini/data_bank_sram/data_bank_sram/data_bank_sram_in_context.xdc] for cell 'cpu_mid/dcache/data_ram_way[1].data_ram_bank[2].u'
Parsing XDC File [/home/lch/work/miracle/chiplab/fpga/loongson/2023.2/system_run.runs/synth_1/.Xil/Vivado-2451820-loong-arch-mini/data_bank_sram/data_bank_sram/data_bank_sram_in_context.xdc] for cell 'cpu_mid/dcache/data_ram_way[1].data_ram_bank[3].u'
Finished Parsing XDC File [/home/lch/work/miracle/chiplab/fpga/loongson/2023.2/system_run.runs/synth_1/.Xil/Vivado-2451820-loong-arch-mini/data_bank_sram/data_bank_sram/data_bank_sram_in_context.xdc] for cell 'cpu_mid/dcache/data_ram_way[1].data_ram_bank[3].u'
Parsing XDC File [/home/lch/work/miracle/chiplab/IP/xilinx_ip/2023.2/dpram_512x32/dpram_512x32/dpram_512x32_in_context.xdc] for cell 'ETHERNET_TOP/dpram_512x32_tx'
Finished Parsing XDC File [/home/lch/work/miracle/chiplab/IP/xilinx_ip/2023.2/dpram_512x32/dpram_512x32/dpram_512x32_in_context.xdc] for cell 'ETHERNET_TOP/dpram_512x32_tx'
Parsing XDC File [/home/lch/work/miracle/chiplab/IP/xilinx_ip/2023.2/dpram_512x32/dpram_512x32/dpram_512x32_in_context.xdc] for cell 'ETHERNET_TOP/dpram_512x32_rx'
Finished Parsing XDC File [/home/lch/work/miracle/chiplab/IP/xilinx_ip/2023.2/dpram_512x32/dpram_512x32/dpram_512x32_in_context.xdc] for cell 'ETHERNET_TOP/dpram_512x32_rx'
Parsing XDC File [/home/lch/work/miracle/chiplab/IP/xilinx_ip/2023.2/mig_axi_32_loongson/mig_axi_32/mig_axi_32_in_context.xdc] for cell 'mig_axi'
Finished Parsing XDC File [/home/lch/work/miracle/chiplab/IP/xilinx_ip/2023.2/mig_axi_32_loongson/mig_axi_32/mig_axi_32_in_context.xdc] for cell 'mig_axi'
Parsing XDC File [/home/lch/work/miracle/chiplab/IP/xilinx_ip/2023.2/clk_pll_33/clk_pll_33/clk_pll_33_in_context.xdc] for cell 'clk_pll_33'
Finished Parsing XDC File [/home/lch/work/miracle/chiplab/IP/xilinx_ip/2023.2/clk_pll_33/clk_pll_33/clk_pll_33_in_context.xdc] for cell 'clk_pll_33'
Parsing XDC File [/home/lch/work/miracle/chiplab/fpga/loongson/2023.2/system_run.runs/synth_1/.Xil/Vivado-2451820-loong-arch-mini/tagv_sram/tagv_sram/tagv_sram_in_context.xdc] for cell 'cpu_mid/icache/tagv_ram_way[0].u'
Finished Parsing XDC File [/home/lch/work/miracle/chiplab/fpga/loongson/2023.2/system_run.runs/synth_1/.Xil/Vivado-2451820-loong-arch-mini/tagv_sram/tagv_sram/tagv_sram_in_context.xdc] for cell 'cpu_mid/icache/tagv_ram_way[0].u'
Parsing XDC File [/home/lch/work/miracle/chiplab/fpga/loongson/2023.2/system_run.runs/synth_1/.Xil/Vivado-2451820-loong-arch-mini/tagv_sram/tagv_sram/tagv_sram_in_context.xdc] for cell 'cpu_mid/icache/tagv_ram_way[1].u'
Finished Parsing XDC File [/home/lch/work/miracle/chiplab/fpga/loongson/2023.2/system_run.runs/synth_1/.Xil/Vivado-2451820-loong-arch-mini/tagv_sram/tagv_sram/tagv_sram_in_context.xdc] for cell 'cpu_mid/icache/tagv_ram_way[1].u'
Parsing XDC File [/home/lch/work/miracle/chiplab/fpga/loongson/2023.2/system_run.runs/synth_1/.Xil/Vivado-2451820-loong-arch-mini/tagv_sram/tagv_sram/tagv_sram_in_context.xdc] for cell 'cpu_mid/dcache/tagv_ram_way[0].u'
Finished Parsing XDC File [/home/lch/work/miracle/chiplab/fpga/loongson/2023.2/system_run.runs/synth_1/.Xil/Vivado-2451820-loong-arch-mini/tagv_sram/tagv_sram/tagv_sram_in_context.xdc] for cell 'cpu_mid/dcache/tagv_ram_way[0].u'
Parsing XDC File [/home/lch/work/miracle/chiplab/fpga/loongson/2023.2/system_run.runs/synth_1/.Xil/Vivado-2451820-loong-arch-mini/tagv_sram/tagv_sram/tagv_sram_in_context.xdc] for cell 'cpu_mid/dcache/tagv_ram_way[1].u'
Finished Parsing XDC File [/home/lch/work/miracle/chiplab/fpga/loongson/2023.2/system_run.runs/synth_1/.Xil/Vivado-2451820-loong-arch-mini/tagv_sram/tagv_sram/tagv_sram_in_context.xdc] for cell 'cpu_mid/dcache/tagv_ram_way[1].u'
Parsing XDC File [/home/lch/work/miracle/chiplab/IP/xilinx_ip/2023.2/clk_wiz_0_loongson/clk_wiz_0/clk_wiz_0_in_context.xdc] for cell 'clk_pll_1'
Finished Parsing XDC File [/home/lch/work/miracle/chiplab/IP/xilinx_ip/2023.2/clk_wiz_0_loongson/clk_wiz_0/clk_wiz_0_in_context.xdc] for cell 'clk_pll_1'
Parsing XDC File [/home/lch/work/miracle/chiplab/fpga/loongson/2023.2/system_run.runs/synth_1/.Xil/Vivado-2451820-loong-arch-mini/axi_clock_converter_0/axi_clock_converter_0/axi_clock_converter_0_in_context.xdc] for cell 'AXI_CLK_CONVERTER'
Finished Parsing XDC File [/home/lch/work/miracle/chiplab/fpga/loongson/2023.2/system_run.runs/synth_1/.Xil/Vivado-2451820-loong-arch-mini/axi_clock_converter_0/axi_clock_converter_0/axi_clock_converter_0_in_context.xdc] for cell 'AXI_CLK_CONVERTER'
Parsing XDC File [/home/lch/work/miracle/chiplab/fpga/loongson/soc_up.xdc]
WARNING: [Vivado 12-507] No nets matched 'EJTAG_TCK_IBUF'. [/home/lch/work/miracle/chiplab/fpga/loongson/soc_up.xdc:192]
WARNING: [Vivado 12-627] No clocks matched 'clk_pll_i'. [/home/lch/work/miracle/chiplab/fpga/loongson/soc_up.xdc:243]
INFO: [Vivado 12-626] No clocks found. Please use 'create_clock' or 'create_generated_clock' command to create clocks. [/home/lch/work/miracle/chiplab/fpga/loongson/soc_up.xdc:243]
WARNING: [Vivado 12-627] No clocks matched 'clk_out2_clk_pll_33'. [/home/lch/work/miracle/chiplab/fpga/loongson/soc_up.xdc:243]
INFO: [Vivado 12-626] No clocks found. Please use 'create_clock' or 'create_generated_clock' command to create clocks. [/home/lch/work/miracle/chiplab/fpga/loongson/soc_up.xdc:243]
WARNING: [Vivado 12-627] No clocks matched 'clk_out2_clk_pll_33'. [/home/lch/work/miracle/chiplab/fpga/loongson/soc_up.xdc:244]
INFO: [Vivado 12-626] No clocks found. Please use 'create_clock' or 'create_generated_clock' command to create clocks. [/home/lch/work/miracle/chiplab/fpga/loongson/soc_up.xdc:244]
WARNING: [Vivado 12-627] No clocks matched 'clk_out2_clk_pll_33'. [/home/lch/work/miracle/chiplab/fpga/loongson/soc_up.xdc:245]
INFO: [Vivado 12-626] No clocks found. Please use 'create_clock' or 'create_generated_clock' command to create clocks. [/home/lch/work/miracle/chiplab/fpga/loongson/soc_up.xdc:245]
WARNING: [Vivado 12-627] No clocks matched 'clk_out2_clk_pll_33'. [/home/lch/work/miracle/chiplab/fpga/loongson/soc_up.xdc:246]
INFO: [Vivado 12-626] No clocks found. Please use 'create_clock' or 'create_generated_clock' command to create clocks. [/home/lch/work/miracle/chiplab/fpga/loongson/soc_up.xdc:246]
WARNING: [Vivado 12-627] No clocks matched 'clk_out1_clk_pll_33'. [/home/lch/work/miracle/chiplab/fpga/loongson/soc_up.xdc:246]
INFO: [Vivado 12-626] No clocks found. Please use 'create_clock' or 'create_generated_clock' command to create clocks. [/home/lch/work/miracle/chiplab/fpga/loongson/soc_up.xdc:246]
WARNING: [Vivado 12-627] No clocks matched 'clk_out1_clk_pll_33'. [/home/lch/work/miracle/chiplab/fpga/loongson/soc_up.xdc:247]
INFO: [Vivado 12-626] No clocks found. Please use 'create_clock' or 'create_generated_clock' command to create clocks. [/home/lch/work/miracle/chiplab/fpga/loongson/soc_up.xdc:247]
WARNING: [Vivado 12-627] No clocks matched 'clk_out2_clk_pll_33'. [/home/lch/work/miracle/chiplab/fpga/loongson/soc_up.xdc:247]
INFO: [Vivado 12-626] No clocks found. Please use 'create_clock' or 'create_generated_clock' command to create clocks. [/home/lch/work/miracle/chiplab/fpga/loongson/soc_up.xdc:247]
WARNING: [Vivado 12-627] No clocks matched 'clk_out2_clk_pll_33'. [/home/lch/work/miracle/chiplab/fpga/loongson/soc_up.xdc:248]
INFO: [Vivado 12-626] No clocks found. Please use 'create_clock' or 'create_generated_clock' command to create clocks. [/home/lch/work/miracle/chiplab/fpga/loongson/soc_up.xdc:248]
WARNING: [Vivado 12-627] No clocks matched 'clk_out2_clk_pll_33'. [/home/lch/work/miracle/chiplab/fpga/loongson/soc_up.xdc:249]
INFO: [Vivado 12-626] No clocks found. Please use 'create_clock' or 'create_generated_clock' command to create clocks. [/home/lch/work/miracle/chiplab/fpga/loongson/soc_up.xdc:249]
WARNING: [Vivado 12-627] No clocks matched 'clk_out2_clk_pll_33'. [/home/lch/work/miracle/chiplab/fpga/loongson/soc_up.xdc:250]
INFO: [Vivado 12-626] No clocks found. Please use 'create_clock' or 'create_generated_clock' command to create clocks. [/home/lch/work/miracle/chiplab/fpga/loongson/soc_up.xdc:250]
WARNING: [Vivado 12-627] No clocks matched 'clk_out2_clk_pll_33'. [/home/lch/work/miracle/chiplab/fpga/loongson/soc_up.xdc:251]
INFO: [Vivado 12-626] No clocks found. Please use 'create_clock' or 'create_generated_clock' command to create clocks. [/home/lch/work/miracle/chiplab/fpga/loongson/soc_up.xdc:251]
Finished Parsing XDC File [/home/lch/work/miracle/chiplab/fpga/loongson/soc_up.xdc]
WARNING: [Project 1-498] One or more constraints failed evaluation while reading constraint file [/home/lch/work/miracle/chiplab/fpga/loongson/soc_up.xdc] and the design contains unresolved black boxes. These constraints will be read post-synthesis (as long as their source constraint file is marked as used_in_implementation) and should be applied correctly then. You should review the constraints listed in the file [.Xil/soc_top_propImpl.xdc] and check the run log file to verify that these constraints were correctly applied.
INFO: [Project 1-236] Implementation specific constraints were found while reading constraint file [/home/lch/work/miracle/chiplab/fpga/loongson/soc_up.xdc]. These constraints will be ignored for synthesis but will be used in implementation. Impacted constraints are listed in the file [.Xil/soc_top_propImpl.xdc].
Resolution: To avoid this warning, move constraints listed in [.Xil/soc_top_propImpl.xdc] to another XDC file and exclude this new file from synthesis with the used_in_synthesis property (File Properties dialog in GUI) and re-run elaboration/synthesis.
Completed Processing XDC Constraints

Netlist sorting complete. Time (s): cpu = 00:00:00.01 ; elapsed = 00:00:00 . Memory (MB): peak = 2713.047 ; gain = 0.000 ; free physical = 44223 ; free virtual = 86787
INFO: [Project 1-111] Unisim Transformation Summary:
  A total of 12 instances were transformed.
  IOBUF => IOBUF (IBUF, OBUFT): 12 instances

---------------------------------------------------------------------------------
Start Cross Boundary and Area Optimization
---------------------------------------------------------------------------------
WARNING: [Synth 8-3917] design soc_top has port lcd_cs driven by constant 0
WARNING: [Synth 8-3917] design soc_top has port lcd_rd driven by constant 1
WARNING: [Synth 8-3917] design soc_top has port lcd_t_clk driven by constant 0
WARNING: [Synth 8-3917] design soc_top has port lcd_t_cs_rst driven by constant 1
INFO: [Common 17-14] Message 'Synth 8-7129' appears 100 times and further instances of the messages will be disabled. Use the Tcl command set_msg_config to change the current settings.
INFO: [Synth 8-3886] merging instance 'exe_stage/ds_to_es_bus_r_reg[246]' (FDE) to 'exe_stage/ds_to_es_bus_r_reg[195]'
INFO: [Synth 8-3886] merging instance 'exe_stage/ds_to_es_bus_r_reg[247]' (FDE) to 'exe_stage/ds_to_es_bus_r_reg[196]'
INFO: [Synth 8-3886] merging instance 'exe_stage/ds_to_es_bus_r_reg[248]' (FDE) to 'exe_stage/ds_to_es_bus_r_reg[197]'
INFO: [Synth 8-3886] merging instance 'exe_stage/ds_to_es_bus_r_reg[249]' (FDE) to 'exe_stage/ds_to_es_bus_r_reg[198]'
INFO: [Synth 8-3886] merging instance 'exe_stage/ds_to_es_bus_r_reg[250]' (FDE) to 'exe_stage/ds_to_es_bus_r_reg[199]'
INFO: [Synth 8-3886] merging instance 'exe_stage/ds_to_es_bus_r_reg[251]' (FDE) to 'exe_stage/ds_to_es_bus_r_reg[200]'
INFO: [Synth 8-3886] merging instance 'exe_stage/ds_to_es_bus_r_reg[252]' (FDE) to 'exe_stage/ds_to_es_bus_r_reg[201]'
INFO: [Synth 8-3886] merging instance 'exe_stage/ds_to_es_bus_r_reg[253]' (FDE) to 'exe_stage/ds_to_es_bus_r_reg[202]'
INFO: [Synth 8-3886] merging instance 'exe_stage/ds_to_es_bus_r_reg[254]' (FDE) to 'exe_stage/ds_to_es_bus_r_reg[203]'
INFO: [Synth 8-3886] merging instance 'exe_stage/ds_to_es_bus_r_reg[255]' (FDE) to 'exe_stage/ds_to_es_bus_r_reg[204]'
INFO: [Synth 8-3886] merging instance 'exe_stage/ds_to_es_bus_r_reg[256]' (FDE) to 'exe_stage/ds_to_es_bus_r_reg[205]'
INFO: [Synth 8-3886] merging instance 'exe_stage/ds_to_es_bus_r_reg[257]' (FDE) to 'exe_stage/ds_to_es_bus_r_reg[206]'
INFO: [Synth 8-3886] merging instance 'exe_stage/ds_to_es_bus_r_reg[258]' (FDE) to 'exe_stage/ds_to_es_bus_r_reg[207]'
INFO: [Synth 8-3886] merging instance 'exe_stage/ds_to_es_bus_r_reg[259]' (FDE) to 'exe_stage/ds_to_es_bus_r_reg[208]'
INFO: [Synth 8-3886] merging instance 'wb_stage/ms_to_ws_bus_r_reg[148]' (FDE) to 'wb_stage/ms_to_ws_bus_r_reg[229]'
INFO: [Synth 8-3886] merging instance 'wb_stage/ms_to_ws_bus_r_reg[146]' (FDE) to 'wb_stage/ms_to_ws_bus_r_reg[227]'
INFO: [Synth 8-3886] merging instance 'wb_stage/ms_to_ws_bus_r_reg[147]' (FDE) to 'wb_stage/ms_to_ws_bus_r_reg[228]'
INFO: [Synth 8-3886] merging instance 'wb_stage/ms_to_ws_bus_r_reg[145]' (FDE) to 'wb_stage/ms_to_ws_bus_r_reg[226]'
INFO: [Synth 8-3886] merging instance 'wb_stage/ms_to_ws_bus_r_reg[143]' (FDE) to 'wb_stage/ms_to_ws_bus_r_reg[224]'
INFO: [Synth 8-3886] merging instance 'wb_stage/ms_to_ws_bus_r_reg[144]' (FDE) to 'wb_stage/ms_to_ws_bus_r_reg[225]'
INFO: [Synth 8-3886] merging instance 'wb_stage/ms_to_ws_bus_r_reg[142]' (FDE) to 'wb_stage/ms_to_ws_bus_r_reg[223]'
INFO: [Synth 8-3886] merging instance 'wb_stage/ms_to_ws_bus_r_reg[141]' (FDE) to 'wb_stage/ms_to_ws_bus_r_reg[222]'
INFO: [Synth 8-3886] merging instance 'u_csr/csr_crmd_reg[31]' (FDE) to 'u_csr/csr_dmw0_reg[28]'
INFO: [Synth 8-3886] merging instance 'u_csr/csr_cpucfg11_reg[31]' (FDRE) to 'u_csr/csr_ectl_reg[10]'
INFO: [Synth 8-3886] merging instance 'u_csr/csr_cpucfg10_reg[31]' (FDRE) to 'u_csr/csr_ectl_reg[10]'
INFO: [Synth 8-3886] merging instance 'u_csr/csr_cpucfg1_reg[31]' (FDRE) to 'u_csr/csr_ectl_reg[10]'
INFO: [Synth 8-3886] merging instance 'u_csr/csr_llbctl_reg[31]' (FDRE) to 'u_csr/csr_ectl_reg[10]'
INFO: [Synth 8-3886] merging instance 'u_csr/csr_cpuid_reg[31]' (FDRE) to 'u_csr/csr_ectl_reg[10]'
INFO: [Synth 8-3886] merging instance 'u_csr/csr_asid_reg[31]' (FDE) to 'u_csr/csr_dmw0_reg[28]'
INFO: [Synth 8-3886] merging instance 'u_csr/csr_estat_reg[31]' (FDE) to 'u_csr/csr_dmw0_reg[28]'
INFO: [Synth 8-3886] merging instance 'u_csr/csr_ectl_reg[31]' (FDRE) to 'u_csr/csr_ectl_reg[10]'
INFO: [Synth 8-3886] merging instance 'u_csr/csr_prmd_reg[31]' (FDE) to 'u_csr/csr_dmw0_reg[28]'
INFO: [Synth 8-3886] merging instance 'u_csr/csr_crmd_reg[30]' (FDE) to 'u_csr/csr_dmw0_reg[28]'
INFO: [Synth 8-3886] merging instance 'u_csr/csr_cpucfg11_reg[30]' (FDRE) to 'u_csr/csr_ectl_reg[10]'
INFO: [Synth 8-3886] merging instance 'u_csr/csr_cpucfg10_reg[30]' (FDRE) to 'u_csr/csr_ectl_reg[10]'
INFO: [Synth 8-3886] merging instance 'u_csr/csr_cpucfg1_reg[30]' (FDRE) to 'u_csr/csr_ectl_reg[10]'
INFO: [Synth 8-3886] merging instance 'u_csr/csr_llbctl_reg[30]' (FDRE) to 'u_csr/csr_ectl_reg[10]'
INFO: [Synth 8-3886] merging instance 'u_csr/csr_cpuid_reg[30]' (FDRE) to 'u_csr/csr_ectl_reg[10]'
INFO: [Synth 8-3886] merging instance 'u_csr/csr_asid_reg[30]' (FDE) to 'u_csr/csr_dmw0_reg[28]'
INFO: [Synth 8-3886] merging instance 'u_csr/csr_tlbidx_reg[30]' (FDE) to 'u_csr/csr_dmw0_reg[28]'
INFO: [Synth 8-3886] merging instance 'u_csr/csr_estat_reg[30]' (FDE) to 'u_csr/csr_estat_reg[29]'
INFO: [Synth 8-3886] merging instance 'u_csr/csr_ectl_reg[30]' (FDRE) to 'u_csr/csr_ectl_reg[10]'
INFO: [Synth 8-3886] merging instance 'u_csr/csr_prmd_reg[30]' (FDE) to 'u_csr/csr_dmw0_reg[28]'
INFO: [Synth 8-3886] merging instance 'u_csr/csr_crmd_reg[29]' (FDE) to 'u_csr/csr_dmw0_reg[28]'
INFO: [Synth 8-3886] merging instance 'u_csr/csr_cpucfg11_reg[29]' (FDRE) to 'u_csr/csr_ectl_reg[10]'
INFO: [Synth 8-3886] merging instance 'u_csr/csr_cpucfg10_reg[29]' (FDRE) to 'u_csr/csr_ectl_reg[10]'
INFO: [Synth 8-3886] merging instance 'u_csr/csr_cpucfg1_reg[29]' (FDRE) to 'u_csr/csr_ectl_reg[10]'
INFO: [Synth 8-3886] merging instance 'u_csr/csr_llbctl_reg[29]' (FDRE) to 'u_csr/csr_ectl_reg[10]'
INFO: [Synth 8-3886] merging instance 'u_csr/csr_cpuid_reg[29]' (FDRE) to 'u_csr/csr_ectl_reg[10]'
INFO: [Synth 8-3886] merging instance 'u_csr/csr_asid_reg[29]' (FDE) to 'u_csr/csr_dmw0_reg[28]'
INFO: [Synth 8-3886] merging instance 'u_csr/csr_estat_reg[29]' (FDE) to 'u_csr/csr_estat_reg[27]'
INFO: [Synth 8-3886] merging instance 'u_csr/csr_ectl_reg[29]' (FDRE) to 'u_csr/csr_ectl_reg[10]'
INFO: [Synth 8-3886] merging instance 'u_csr/csr_prmd_reg[29]' (FDE) to 'u_csr/csr_dmw0_reg[28]'
INFO: [Synth 8-3886] merging instance 'u_csr/csr_crmd_reg[27]' (FDE) to 'u_csr/csr_dmw0_reg[28]'
INFO: [Synth 8-3886] merging instance 'u_csr/csr_cpucfg11_reg[27]' (FDRE) to 'u_csr/csr_ectl_reg[10]'
INFO: [Synth 8-3886] merging instance 'u_csr/csr_cpucfg10_reg[27]' (FDRE) to 'u_csr/csr_ectl_reg[10]'
INFO: [Synth 8-3886] merging instance 'u_csr/csr_cpucfg1_reg[27]' (FDRE) to 'u_csr/csr_ectl_reg[10]'
INFO: [Synth 8-3886] merging instance 'u_csr/csr_llbctl_reg[27]' (FDRE) to 'u_csr/csr_ectl_reg[10]'
INFO: [Synth 8-3886] merging instance 'u_csr/csr_cpuid_reg[27]' (FDRE) to 'u_csr/csr_ectl_reg[10]'
INFO: [Synth 8-3886] merging instance 'u_csr/csr_asid_reg[27]' (FDE) to 'u_csr/csr_dmw0_reg[28]'
INFO: [Synth 8-3886] merging instance 'u_csr/csr_estat_reg[27]' (FDE) to 'u_csr/csr_estat_reg[28]'
INFO: [Synth 8-3886] merging instance 'u_csr/csr_ectl_reg[27]' (FDRE) to 'u_csr/csr_ectl_reg[10]'
INFO: [Synth 8-3886] merging instance 'u_csr/csr_prmd_reg[27]' (FDE) to 'u_csr/csr_dmw0_reg[28]'
INFO: [Synth 8-3886] merging instance 'u_csr/csr_crmd_reg[28]' (FDE) to 'u_csr/csr_dmw0_reg[28]'
INFO: [Synth 8-3886] merging instance 'u_csr/csr_cpucfg11_reg[28]' (FDRE) to 'u_csr/csr_ectl_reg[10]'
INFO: [Synth 8-3886] merging instance 'u_csr/csr_cpucfg10_reg[28]' (FDRE) to 'u_csr/csr_ectl_reg[10]'
INFO: [Synth 8-3886] merging instance 'u_csr/csr_cpucfg1_reg[28]' (FDRE) to 'u_csr/csr_ectl_reg[10]'
INFO: [Synth 8-3886] merging instance 'u_csr/csr_dmw1_reg[28]' (FDE) to 'u_csr/csr_dmw0_reg[28]'
INFO: [Synth 8-3886] merging instance 'u_csr/csr_dmw0_reg[28]' (FDE) to 'u_csr/csr_dmw0_reg[24]'
INFO: [Synth 8-3886] merging instance 'u_csr/csr_llbctl_reg[28]' (FDRE) to 'u_csr/csr_ectl_reg[10]'
INFO: [Synth 8-3886] merging instance 'u_csr/csr_cpuid_reg[28]' (FDRE) to 'u_csr/csr_ectl_reg[10]'
INFO: [Synth 8-3886] merging instance 'u_csr/csr_asid_reg[28]' (FDE) to 'u_csr/csr_dmw0_reg[24]'
INFO: [Synth 8-3886] merging instance 'u_csr/csr_estat_reg[28]' (FDE) to 'u_csr/csr_estat_reg[26]'
INFO: [Synth 8-3886] merging instance 'u_csr/csr_ectl_reg[28]' (FDRE) to 'u_csr/csr_ectl_reg[10]'
INFO: [Synth 8-3886] merging instance 'u_csr/csr_prmd_reg[28]' (FDE) to 'u_csr/csr_dmw0_reg[24]'
INFO: [Synth 8-3886] merging instance 'u_csr/csr_crmd_reg[26]' (FDE) to 'u_csr/csr_dmw0_reg[24]'
INFO: [Synth 8-3886] merging instance 'u_csr/csr_cpucfg11_reg[26]' (FDSE) to 'u_csr/csr_cpucfg10_reg[0]'
INFO: [Synth 8-3886] merging instance 'u_csr/csr_cpucfg10_reg[26]' (FDRE) to 'u_csr/csr_ectl_reg[10]'
INFO: [Synth 8-3886] merging instance 'u_csr/csr_cpucfg1_reg[26]' (FDRE) to 'u_csr/csr_ectl_reg[10]'
INFO: [Synth 8-3886] merging instance 'u_csr/csr_llbctl_reg[26]' (FDRE) to 'u_csr/csr_ectl_reg[10]'
INFO: [Synth 8-3886] merging instance 'u_csr/csr_cpuid_reg[26]' (FDRE) to 'u_csr/csr_ectl_reg[10]'
INFO: [Synth 8-3886] merging instance 'u_csr/csr_asid_reg[26]' (FDE) to 'u_csr/csr_dmw0_reg[24]'
INFO: [Synth 8-3886] merging instance 'u_csr/csr_estat_reg[26]' (FDE) to 'u_csr/csr_estat_reg[24]'
INFO: [Synth 8-3886] merging instance 'u_csr/csr_ectl_reg[26]' (FDRE) to 'u_csr/csr_ectl_reg[10]'
INFO: [Synth 8-3886] merging instance 'u_csr/csr_prmd_reg[26]' (FDE) to 'u_csr/csr_dmw0_reg[24]'
INFO: [Synth 8-3886] merging instance 'u_csr/csr_crmd_reg[24]' (FDE) to 'u_csr/csr_dmw0_reg[24]'
INFO: [Synth 8-3886] merging instance 'u_csr/csr_cpucfg11_reg[24]' (FDRE) to 'u_csr/csr_ectl_reg[10]'
INFO: [Synth 8-3886] merging instance 'u_csr/csr_cpucfg10_reg[24]' (FDRE) to 'u_csr/csr_ectl_reg[10]'
INFO: [Synth 8-3886] merging instance 'u_csr/csr_cpucfg1_reg[24]' (FDRE) to 'u_csr/csr_ectl_reg[10]'
INFO: [Synth 8-3886] merging instance 'u_csr/csr_dmw1_reg[24]' (FDE) to 'u_csr/csr_dmw0_reg[24]'
INFO: [Synth 8-3886] merging instance 'u_csr/csr_dmw0_reg[24]' (FDE) to 'u_csr/csr_dmw0_reg[23]'
INFO: [Synth 8-3886] merging instance 'u_csr/csr_llbctl_reg[24]' (FDRE) to 'u_csr/csr_ectl_reg[10]'
INFO: [Synth 8-3886] merging instance 'u_csr/csr_cpuid_reg[24]' (FDRE) to 'u_csr/csr_ectl_reg[10]'
INFO: [Synth 8-3886] merging instance 'u_csr/csr_asid_reg[24]' (FDE) to 'u_csr/csr_dmw0_reg[23]'
INFO: [Synth 8-3886] merging instance 'u_csr/csr_estat_reg[24]' (FDE) to 'u_csr/csr_estat_reg[25]'
INFO: [Synth 8-3886] merging instance 'u_csr/csr_ectl_reg[24]' (FDRE) to 'u_csr/csr_ectl_reg[10]'
INFO: [Synth 8-3886] merging instance 'u_csr/csr_prmd_reg[24]' (FDE) to 'u_csr/csr_dmw0_reg[23]'
INFO: [Synth 8-3886] merging instance 'u_csr/csr_crmd_reg[25]' (FDE) to 'u_csr/csr_dmw0_reg[23]'
INFO: [Synth 8-3886] merging instance 'u_csr/csr_cpucfg11_reg[25]' (FDRE) to 'u_csr/csr_ectl_reg[10]'
INFO: [Synth 8-3886] merging instance 'u_csr/csr_cpucfg10_reg[25]' (FDRE) to 'u_csr/csr_ectl_reg[10]'
INFO: [Common 17-14] Message 'Synth 8-3886' appears 100 times and further instances of the messages will be disabled. Use the Tcl command set_msg_config to change the current settings.
INFO: [Common 17-14] Message 'Synth 8-3886' appears 100 times and further instances of the messages will be disabled. Use the Tcl command set_msg_config to change the current settings.
INFO: [Synth 8-3333] propagating constant 0 across sequential element (u_csr/\csr_estat_reg[22] )
INFO: [Synth 8-3333] propagating constant 1 across sequential element (u_csr/\csr_asid_reg[17] )
INFO: [Synth 8-3333] propagating constant 1 across sequential element (u_csr/\csr_cpucfg10_reg[0] )
INFO: [Synth 8-3333] propagating constant 0 across sequential element (u_csr/\csr_ectl_reg[10] )
INFO: [Synth 8-3333] propagating constant 0 across sequential element (u_csr/\csr_estat_reg[10] )
WARNING: [Synth 8-3917] design core_top__GB1 has port arburst[1] driven by constant 0
WARNING: [Synth 8-3917] design core_top__GB1 has port arburst[0] driven by constant 1
WARNING: [Synth 8-3917] design core_top__GB1 has port arlock[1] driven by constant 0
WARNING: [Synth 8-3917] design core_top__GB1 has port arlock[0] driven by constant 0
WARNING: [Synth 8-3917] design core_top__GB1 has port arcache[3] driven by constant 0
WARNING: [Synth 8-3917] design core_top__GB1 has port arcache[2] driven by constant 0
WARNING: [Synth 8-3917] design core_top__GB1 has port arcache[1] driven by constant 0
WARNING: [Synth 8-3917] design core_top__GB1 has port arcache[0] driven by constant 0
WARNING: [Synth 8-3917] design core_top__GB1 has port arprot[2] driven by constant 0
WARNING: [Synth 8-3917] design core_top__GB1 has port arprot[1] driven by constant 0
WARNING: [Synth 8-3917] design core_top__GB1 has port arprot[0] driven by constant 0
WARNING: [Synth 8-3917] design core_top__GB1 has port awid[3] driven by constant 0
WARNING: [Synth 8-3917] design core_top__GB1 has port awid[2] driven by constant 0
WARNING: [Synth 8-3917] design core_top__GB1 has port awid[1] driven by constant 0
WARNING: [Synth 8-3917] design core_top__GB1 has port awid[0] driven by constant 1
WARNING: [Synth 8-3917] design core_top__GB1 has port awlen[7] driven by constant 0
WARNING: [Synth 8-3917] design core_top__GB1 has port awlen[6] driven by constant 0
WARNING: [Synth 8-3917] design core_top__GB1 has port awlen[5] driven by constant 0
WARNING: [Synth 8-3917] design core_top__GB1 has port awlen[4] driven by constant 0
WARNING: [Synth 8-3917] design core_top__GB1 has port awlen[3] driven by constant 0
WARNING: [Synth 8-3917] design core_top__GB1 has port awlen[2] driven by constant 0
WARNING: [Synth 8-3917] design core_top__GB1 has port awburst[1] driven by constant 0
WARNING: [Synth 8-3917] design core_top__GB1 has port awburst[0] driven by constant 1
WARNING: [Synth 8-3917] design core_top__GB1 has port awlock[1] driven by constant 0
WARNING: [Synth 8-3917] design core_top__GB1 has port awlock[0] driven by constant 0
WARNING: [Synth 8-3917] design core_top__GB1 has port awcache[3] driven by constant 0
WARNING: [Synth 8-3917] design core_top__GB1 has port awcache[2] driven by constant 0
WARNING: [Synth 8-3917] design core_top__GB1 has port awcache[1] driven by constant 0
WARNING: [Synth 8-3917] design core_top__GB1 has port awcache[0] driven by constant 0
WARNING: [Synth 8-3917] design core_top__GB1 has port awprot[2] driven by constant 0
WARNING: [Synth 8-3917] design core_top__GB1 has port awprot[1] driven by constant 0
WARNING: [Synth 8-3917] design core_top__GB1 has port awprot[0] driven by constant 0
WARNING: [Synth 8-3917] design core_top__GB1 has port wid[3] driven by constant 0
WARNING: [Synth 8-3917] design core_top__GB1 has port wid[2] driven by constant 0
WARNING: [Synth 8-3917] design core_top__GB1 has port wid[1] driven by constant 0
WARNING: [Synth 8-3917] design core_top__GB1 has port wid[0] driven by constant 1
INFO: [Synth 8-3333] propagating constant 1 across sequential element (\axi_bridge/rready_reg )
INFO: [Synth 8-3333] propagating constant 0 across sequential element (\axi_bridge/arlen_reg[2] )
INFO: [Synth 8-3333] propagating constant 0 across sequential element (\axi_bridge/arlen_reg[7] )
INFO: [Synth 8-3333] propagating constant 0 across sequential element (\axi_bridge/arid_reg[3] )
INFO: [Common 17-14] Message 'Synth 8-3886' appears 100 times and further instances of the messages will be disabled. Use the Tcl command set_msg_config to change the current settings.
INFO: [Synth 8-5544] ROM "u_uart_recv/rxdata" won't be mapped to Block RAM because address size (4) smaller than threshold (5)
INFO: [Synth 8-5544] ROM "clkcnt" won't be mapped to Block RAM because address size (4) smaller than threshold (5)
INFO: [Synth 8-5544] ROM "num_csn" won't be mapped to Block RAM because address size (3) smaller than threshold (5)
INFO: [Synth 8-5544] ROM "num_a_g" won't be mapped to Block RAM because address size (4) smaller than threshold (5)
INFO: [Synth 8-5546] ROM "p_0_out" won't be mapped to RAM because it is too sparse
INFO: [Synth 8-5546] ROM "p_0_out" won't be mapped to RAM because it is too sparse
INFO: [Synth 8-5544] ROM "uart0/regs/receiver/toc_value" won't be mapped to Block RAM because address size (4) smaller than threshold (5)
INFO: [Synth 8-5544] ROM "uart0/regs/receiver/" won't be mapped to Block RAM because address size (2) smaller than threshold (5)
INFO: [Synth 8-5544] ROM "uart0/regs/block_value" won't be mapped to Block RAM because address size (4) smaller than threshold (5)
INFO: [Synth 8-5544] ROM "uart0/regs/receiver/toc_value" won't be mapped to Block RAM because address size (4) smaller than threshold (5)
INFO: [Synth 8-5544] ROM "uart0/regs/receiver/" won't be mapped to Block RAM because address size (2) smaller than threshold (5)
INFO: [Synth 8-5544] ROM "uart0/regs/block_value" won't be mapped to Block RAM because address size (4) smaller than threshold (5)
INFO: [Synth 8-5544] ROM "uart0/regs/trigger_level" won't be mapped to Block RAM because address size (2) smaller than threshold (5)
INFO: [Common 17-14] Message 'Synth 8-7129' appears 100 times and further instances of the messages will be disabled. Use the Tcl command set_msg_config to change the current settings.
INFO: [Synth 8-3333] propagating constant 0 across sequential element (APB_DEV/\nand_module/NAND /\addr_in_die_reg[37] )
INFO: [Synth 8-3333] propagating constant 0 across sequential element (APB_DEV/\nand_module/nand_type_r1_reg[0] )
INFO: [Synth 8-3333] propagating constant 1 across sequential element (APB_DEV/\nand_module/nand_type_r1_reg[1] )
INFO: [Synth 8-3333] propagating constant 0 across sequential element (APB_DEV/\nand_module/nand_iordy_r0_reg[1] )
INFO: [Synth 8-3333] propagating constant 1 across sequential element (SPI/\simple_spi/ack_o_reg )
INFO: [Synth 8-3333] propagating constant 1 across sequential element (SPI/\simple_spi/spcr_reg[4] )
INFO: [Synth 8-3333] propagating constant 0 across sequential element (u_debug_top/\u_uart_send/clk_cnt_reg[13] )
INFO: [Synth 8-3333] propagating constant 0 across sequential element (u_debug_sram/mem_flag_r_reg)
INFO: [Synth 8-3333] propagating constant 0 across sequential element (PS2_CTRL/i_2/\s_rdata_reg[31] )
INFO: [Synth 8-3333] propagating constant 0 across sequential element (SPI/pdreq_r_reg)
INFO: [Synth 8-3333] propagating constant 0 across sequential element (APB_DEV/\nand_module/NAND /\nand_command_reg[30] )
INFO: [Synth 8-3333] propagating constant 0 across sequential element (PS2_CTRL/\tx_state_reg[3] )
INFO: [Synth 8-3333] propagating constant 0 across sequential element (AXI_SLAVE_MUX/\rd_fifo/fifo_ram_reg[1][3] )
INFO: [Synth 8-3333] propagating constant 0 across sequential element (AXI_SLAVE_MUX/\rd_fifo/fifo_ram_reg[0][3] )
INFO: [Synth 8-3333] propagating constant 0 across sequential element (AXI_SLAVE_MUX/\wr_fifo/fifo_ram_reg[1][3] )
INFO: [Synth 8-3333] propagating constant 0 across sequential element (AXI_SLAVE_MUX/\wr_fifo/fifo_ram_reg[0][3] )
INFO: [Common 17-14] Message 'Synth 8-3886' appears 100 times and further instances of the messages will be disabled. Use the Tcl command set_msg_config to change the current settings.
INFO: [Synth 8-3333] propagating constant 0 across sequential element (u_debug_top/\u_trace_debug/mem_rdata_r_reg[0] )
INFO: [Synth 8-3333] propagating constant 0 across sequential element (APB_DEV/\nand_module/nand_type_r1_reg[0] )
INFO: [Synth 8-3333] propagating constant 1 across sequential element (APB_DEV/\nand_module/nand_type_r1_reg[1] )
INFO: [Synth 8-3333] propagating constant 0 across sequential element (APB_DEV/\nand_module/nand_iordy_r0_reg[1] )
INFO: [Synth 8-3333] propagating constant 0 across sequential element (APB_DEV/\nand_module/NAND /\nand_command_reg[19] )
WARNING: [Synth 8-3332] Sequential element (FSM_onehot_rd_state_reg[6]) is unused and will be removed from module spi_flash_ctrl.
WARNING: [Synth 8-3332] Sequential element (AA_axi2apb_bridge_cpu/FSM_onehot_csr_rw_sm_reg[2]) is unused and will be removed from module axi2apb_misc.
INFO: [Synth 8-5544] ROM "addv_c" won't be mapped to Block RAM because address size (4) smaller than threshold (5)
INFO: [Synth 8-5544] ROM "addv_c" won't be mapped to Block RAM because address size (4) smaller than threshold (5)
INFO: [Synth 8-5544] ROM "fifobe" won't be mapped to Block RAM because address size (2) smaller than threshold (5)
INFO: [Synth 8-5544] ROM "tbuf_proc.buf_32" won't be mapped to Block RAM because address size (3) smaller than threshold (5)
INFO: [Synth 8-5544] ROM "tlev_c" won't be mapped to Block RAM because address size (3) smaller than threshold (5)
INFO: [Synth 8-5544] ROM "tlev_c" won't be mapped to Block RAM because address size (3) smaller than threshold (5)
INFO: [Synth 8-5544] ROM "pmux" won't be mapped to Block RAM because address size (3) smaller than threshold (5)
INFO: [Synth 8-5544] ROM "rsm_c" won't be mapped to Block RAM because address size (4) smaller than threshold (5)
INFO: [Synth 8-5544] ROM "rsm_c" won't be mapped to Block RAM because address size (4) smaller than threshold (5)
INFO: [Synth 8-5544] ROM "dest" won't be mapped to Block RAM because address size (3) smaller than threshold (5)
INFO: [Synth 8-5544] ROM "data_proc.data32" won't be mapped to Block RAM because address size (3) smaller than threshold (5)
WARNING: [Synth 8-3917] design soc_top__GCB1 has port mawid_o[3] driven by constant 0
WARNING: [Synth 8-3917] design soc_top__GCB1 has port mawid_o[2] driven by constant 0
WARNING: [Synth 8-3917] design soc_top__GCB1 has port mawid_o[1] driven by constant 0
WARNING: [Synth 8-3917] design soc_top__GCB1 has port mawid_o[0] driven by constant 1
WARNING: [Synth 8-3917] design soc_top__GCB1 has port mawlen_o[3] driven by constant 0
WARNING: [Synth 8-3917] design soc_top__GCB1 has port mawlen_o[2] driven by constant 0
WARNING: [Synth 8-3917] design soc_top__GCB1 has port mawlen_o[1] driven by constant 0
WARNING: [Synth 8-3917] design soc_top__GCB1 has port mawlen_o[0] driven by constant 0
WARNING: [Synth 8-3917] design soc_top__GCB1 has port mawsize_o[2] driven by constant 0
WARNING: [Synth 8-3917] design soc_top__GCB1 has port mawsize_o[1] driven by constant 1
WARNING: [Synth 8-3917] design soc_top__GCB1 has port mawsize_o[0] driven by constant 0
WARNING: [Synth 8-3917] design soc_top__GCB1 has port mawburst_o[1] driven by constant 0
WARNING: [Synth 8-3917] design soc_top__GCB1 has port mawburst_o[0] driven by constant 1
WARNING: [Synth 8-3917] design soc_top__GCB1 has port mawlock_o[0] driven by constant 0
WARNING: [Synth 8-3917] design soc_top__GCB1 has port mawcache_o[3] driven by constant 0
WARNING: [Synth 8-3917] design soc_top__GCB1 has port mawcache_o[2] driven by constant 0
WARNING: [Synth 8-3917] design soc_top__GCB1 has port mawcache_o[1] driven by constant 0
WARNING: [Synth 8-3917] design soc_top__GCB1 has port mawcache_o[0] driven by constant 0
WARNING: [Synth 8-3917] design soc_top__GCB1 has port mawprot_o[2] driven by constant 1
WARNING: [Synth 8-3917] design soc_top__GCB1 has port mawprot_o[1] driven by constant 1
WARNING: [Synth 8-3917] design soc_top__GCB1 has port mawprot_o[0] driven by constant 0
WARNING: [Synth 8-3917] design soc_top__GCB1 has port mwstrb_o[3] driven by constant 1
WARNING: [Synth 8-3917] design soc_top__GCB1 has port mwstrb_o[2] driven by constant 1
WARNING: [Synth 8-3917] design soc_top__GCB1 has port mwstrb_o[1] driven by constant 1
WARNING: [Synth 8-3917] design soc_top__GCB1 has port mwstrb_o[0] driven by constant 1
WARNING: [Synth 8-3917] design soc_top__GCB1 has port mac_m_wlast driven by constant 1
WARNING: [Synth 8-3917] design soc_top__GCB1 has port mac_m_bready driven by constant 1
WARNING: [Synth 8-3917] design soc_top__GCB1 has port marid_o[3] driven by constant 0
WARNING: [Synth 8-3917] design soc_top__GCB1 has port marid_o[2] driven by constant 0
WARNING: [Synth 8-3917] design soc_top__GCB1 has port marid_o[1] driven by constant 0
WARNING: [Synth 8-3917] design soc_top__GCB1 has port marid_o[0] driven by constant 1
WARNING: [Synth 8-3917] design soc_top__GCB1 has port marlen_o[3] driven by constant 0
WARNING: [Synth 8-3917] design soc_top__GCB1 has port marlen_o[2] driven by constant 0
WARNING: [Synth 8-3917] design soc_top__GCB1 has port marlen_o[1] driven by constant 0
WARNING: [Synth 8-3917] design soc_top__GCB1 has port marlen_o[0] driven by constant 0
WARNING: [Synth 8-3917] design soc_top__GCB1 has port marsize_o[2] driven by constant 0
WARNING: [Synth 8-3917] design soc_top__GCB1 has port marsize_o[1] driven by constant 1
WARNING: [Synth 8-3917] design soc_top__GCB1 has port marsize_o[0] driven by constant 0
WARNING: [Synth 8-3917] design soc_top__GCB1 has port marburst_o[1] driven by constant 0
WARNING: [Synth 8-3917] design soc_top__GCB1 has port marburst_o[0] driven by constant 1
WARNING: [Synth 8-3917] design soc_top__GCB1 has port marlock_o[0] driven by constant 0
WARNING: [Synth 8-3917] design soc_top__GCB1 has port marcache_o[3] driven by constant 0
WARNING: [Synth 8-3917] design soc_top__GCB1 has port marcache_o[2] driven by constant 0
WARNING: [Synth 8-3917] design soc_top__GCB1 has port marcache_o[1] driven by constant 0
WARNING: [Synth 8-3917] design soc_top__GCB1 has port marcache_o[0] driven by constant 0
WARNING: [Synth 8-3917] design soc_top__GCB1 has port marprot_o[2] driven by constant 1
WARNING: [Synth 8-3917] design soc_top__GCB1 has port marprot_o[1] driven by constant 1
WARNING: [Synth 8-3917] design soc_top__GCB1 has port marprot_o[0] driven by constant 0
WARNING: [Synth 8-3917] design soc_top__GCB1 has port mac_m_rready driven by constant 1
WARNING: [Synth 8-3917] design soc_top__GCB1 has port sbresp_o[1] driven by constant 0
WARNING: [Synth 8-3917] design soc_top__GCB1 has port sbresp_o[0] driven by constant 0
WARNING: [Synth 8-3917] design soc_top__GCB1 has port srresp_o[1] driven by constant 0
WARNING: [Synth 8-3917] design soc_top__GCB1 has port srresp_o[0] driven by constant 0
WARNING: [Synth 8-3917] design soc_top__GCB1 has port mac_s_rlast driven by constant 1
INFO: [Synth 8-4652] Swapped enable and write-enable on 1 RAM instances of RAM ETHERNET_TOP/u_mac_top_0/u_addr_ram/mem_reg to conserve power
INFO: [Synth 8-3333] propagating constant 1 across sequential element (\ETHERNET_TOP/u_mac_top_0/u_mac_axi/U_MAC /U_TLSM/\fifobe_reg[0] )
INFO: [Synth 8-3333] propagating constant 1 across sequential element (\ETHERNET_TOP/u_mac_top_0/u_mac_axi/U_MAC /U_TLSM/\firstbe_reg[3] )
INFO: [Synth 8-3333] propagating constant 0 across sequential element (\ETHERNET_TOP/u_mac_top_0/u_mac_axi/U_MAC /U_TC/\brel_reg[6] )
---------------------------------------------------------------------------------
Finished Cross Boundary and Area Optimization : Time (s): cpu = 00:00:33 ; elapsed = 00:00:42 . Memory (MB): peak = 2748.984 ; gain = 948.410 ; free physical = 37676 ; free virtual = 80301
---------------------------------------------------------------------------------
---------------------------------------------------------------------------------
Start ROM, RAM, DSP, Shift Register and Retiming Reporting
---------------------------------------------------------------------------------

Block RAM: Preliminary Mapping Report (see note below)
+--------------+---------------------------------------------+------------------------+---+---+------------------------+---+---+------------------+--------+--------+
|Module Name   | RTL Object                                  | PORT A (Depth x Width) | W | R | PORT B (Depth x Width) | W | R | Ports driving FF | RAMB18 | RAMB36 | 
+--------------+---------------------------------------------+------------------------+---+---+------------------------+---+---+------------------+--------+--------+
|soc_top__GCB1 | ETHERNET_TOP/u_mac_top_0/u_addr_ram/mem_reg | 64 x 16(NO_CHANGE)     | W |   | 64 x 16(WRITE_FIRST)   |   | R | Port A and B     | 1      | 0      | 
+--------------+---------------------------------------------+------------------------+---+---+------------------------+---+---+------------------+--------+--------+

Note: The table above is a preliminary report that shows the Block RAMs at the current stage of the synthesis flow. Some Block RAMs may be reimplemented as non Block RAM primitives later in the synthesis flow. Multiple instantiated Block RAMs are reported only once. 

Distributed RAM: Preliminary Mapping Report (see note below)
+---------------------+----------------------------------------------+-----------+----------------------+----------------+
|Module Name          | RTL Object                                   | Inference | Size (Depth x Width) | Primitives     | 
+---------------------+----------------------------------------------+-----------+----------------------+----------------+
|id_stage             | u_regfile/rf_reg                             | Implied   | 32 x 32              | RAM32M x 12    | 
|addr_trans/tlb_entry | tlb_ppn0_reg                                 | Implied   | 32 x 20              | RAM32M x 12    | 
|addr_trans/tlb_entry | tlb_ppn1_reg                                 | Implied   | 32 x 20              | RAM32M x 12    | 
|addr_trans/tlb_entry | tlb_v0_reg                                   | Implied   | 32 x 1               | RAM32X1D x 3   | 
|addr_trans/tlb_entry | tlb_v1_reg                                   | Implied   | 32 x 1               | RAM32X1D x 3   | 
|addr_trans/tlb_entry | tlb_d0_reg                                   | Implied   | 32 x 1               | RAM32X1D x 3   | 
|addr_trans/tlb_entry | tlb_d1_reg                                   | Implied   | 32 x 1               | RAM32X1D x 3   | 
|addr_trans/tlb_entry | tlb_mat0_reg                                 | Implied   | 32 x 2               | RAM32X1D x 6   | 
|addr_trans/tlb_entry | tlb_mat1_reg                                 | Implied   | 32 x 2               | RAM32X1D x 6   | 
|addr_trans/tlb_entry | tlb_plv0_reg                                 | Implied   | 32 x 2               | RAM32X1D x 6   | 
|addr_trans/tlb_entry | tlb_plv1_reg                                 | Implied   | 32 x 2               | RAM32X1D x 6   | 
|core_top__GB1        | dcache/way_d_reg_reg                         | Implied   | 256 x 2              | RAM128X1D x 8  | 
|btb                  | btb_target_reg                               | Implied   | 32 x 30              | RAM32M x 15    | 
|btb                  | ras_reg                                      | Implied   | 8 x 30               | RAM32M x 5     | 
|soc_top              | fifo_rs_reg                                  | Implied   | 16 x 1               | RAM16X1D x 1   | 
|soc_top              | fifo_data_reg                                | Implied   | 16 x 16              | RAM32M x 3     | 
|SPI                  | simple_spi/wfifo/mem_reg                     | Implied   | 4 x 8                | RAM32M x 2     | 
|SPI                  | simple_spi/rfifo/mem_reg                     | Implied   | 4 x 8                | RAM32M x 2     | 
|APB_DEV              | uart0/regs/receiver/fifo_rx/rfifo/ram_reg    | Implied   | 16 x 8               | RAM32M x 2     | 
|APB_DEV              | uart0/regs/transmitter/fifo_tx/tfifo/ram_reg | Implied   | 16 x 8               | RAM32M x 2     | 
|PS2_CTRL             | rx_fifo_reg                                  | Implied   | 16 x 8               | RAM32M x 2     | 
+---------------------+----------------------------------------------+-----------+----------------------+----------------+

Note: The table above is a preliminary report that shows the Distributed RAMs at the current stage of the synthesis flow. Some Distributed RAMs may be reimplemented as non Distributed RAM primitives later in the synthesis flow. Multiple instantiated RAMs are reported only once.
---------------------------------------------------------------------------------
Finished ROM, RAM, DSP, Shift Register and Retiming Reporting
---------------------------------------------------------------------------------
---------------------------------------------------------------------------------
Start Applying XDC Timing Constraints
---------------------------------------------------------------------------------
---------------------------------------------------------------------------------
Finished Applying XDC Timing Constraints : Time (s): cpu = 00:00:59 ; elapsed = 00:00:47 . Memory (MB): peak = 2755.062 ; gain = 954.488 ; free physical = 39056 ; free virtual = 81724
---------------------------------------------------------------------------------
---------------------------------------------------------------------------------
Start Timing Optimization
---------------------------------------------------------------------------------
---------------------------------------------------------------------------------
Finished Timing Optimization : Time (s): cpu = 00:01:03 ; elapsed = 00:00:50 . Memory (MB): peak = 2827.102 ; gain = 1026.527 ; free physical = 38992 ; free virtual = 81662
---------------------------------------------------------------------------------
---------------------------------------------------------------------------------
Start ROM, RAM, DSP, Shift Register and Retiming Reporting
---------------------------------------------------------------------------------

Block RAM: Final Mapping Report
+--------------+---------------------------------------------+------------------------+---+---+------------------------+---+---+------------------+--------+--------+
|Module Name   | RTL Object                                  | PORT A (Depth x Width) | W | R | PORT B (Depth x Width) | W | R | Ports driving FF | RAMB18 | RAMB36 | 
+--------------+---------------------------------------------+------------------------+---+---+------------------------+---+---+------------------+--------+--------+
|soc_top__GCB1 | ETHERNET_TOP/u_mac_top_0/u_addr_ram/mem_reg | 64 x 16(NO_CHANGE)     | W |   | 64 x 16(WRITE_FIRST)   |   | R | Port A and B     | 1      | 0      | 
+--------------+---------------------------------------------+------------------------+---+---+------------------------+---+---+------------------+--------+--------+


Distributed RAM: Final Mapping Report
+---------------------+----------------------------------------------+-----------+----------------------+----------------+
|Module Name          | RTL Object                                   | Inference | Size (Depth x Width) | Primitives     | 
+---------------------+----------------------------------------------+-----------+----------------------+----------------+
|id_stage             | u_regfile/rf_reg                             | Implied   | 32 x 32              | RAM32M x 12    | 
|addr_trans/tlb_entry | tlb_ppn0_reg                                 | Implied   | 32 x 20              | RAM32M x 12    | 
|addr_trans/tlb_entry | tlb_ppn1_reg                                 | Implied   | 32 x 20              | RAM32M x 12    | 
|addr_trans/tlb_entry | tlb_v0_reg                                   | Implied   | 32 x 1               | RAM32X1D x 3   | 
|addr_trans/tlb_entry | tlb_v1_reg                                   | Implied   | 32 x 1               | RAM32X1D x 3   | 
|addr_trans/tlb_entry | tlb_d0_reg                                   | Implied   | 32 x 1               | RAM32X1D x 3   | 
|addr_trans/tlb_entry | tlb_d1_reg                                   | Implied   | 32 x 1               | RAM32X1D x 3   | 
|addr_trans/tlb_entry | tlb_mat0_reg                                 | Implied   | 32 x 2               | RAM32X1D x 6   | 
|addr_trans/tlb_entry | tlb_mat1_reg                                 | Implied   | 32 x 2               | RAM32X1D x 6   | 
|addr_trans/tlb_entry | tlb_plv0_reg                                 | Implied   | 32 x 2               | RAM32X1D x 6   | 
|addr_trans/tlb_entry | tlb_plv1_reg                                 | Implied   | 32 x 2               | RAM32X1D x 6   | 
|core_top__GB1        | dcache/way_d_reg_reg                         | Implied   | 256 x 2              | RAM128X1D x 8  | 
|btb                  | btb_target_reg                               | Implied   | 32 x 30              | RAM32M x 15    | 
|btb                  | ras_reg                                      | Implied   | 8 x 30               | RAM32M x 5     | 
|soc_top              | fifo_rs_reg                                  | Implied   | 16 x 1               | RAM16X1D x 1   | 
|soc_top              | fifo_data_reg                                | Implied   | 16 x 16              | RAM32M x 3     | 
|SPI                  | simple_spi/wfifo/mem_reg                     | Implied   | 4 x 8                | RAM32M x 2     | 
|SPI                  | simple_spi/rfifo/mem_reg                     | Implied   | 4 x 8                | RAM32M x 2     | 
|APB_DEV              | uart0/regs/receiver/fifo_rx/rfifo/ram_reg    | Implied   | 16 x 8               | RAM32M x 2     | 
|APB_DEV              | uart0/regs/transmitter/fifo_tx/tfifo/ram_reg | Implied   | 16 x 8               | RAM32M x 2     | 
|PS2_CTRL             | rx_fifo_reg                                  | Implied   | 16 x 8               | RAM32M x 2     | 
+---------------------+----------------------------------------------+-----------+----------------------+----------------+

---------------------------------------------------------------------------------
Finished ROM, RAM, DSP, Shift Register and Retiming Reporting
---------------------------------------------------------------------------------
---------------------------------------------------------------------------------
Start Technology Mapping
---------------------------------------------------------------------------------
INFO: [Synth 8-3333] propagating constant 0 across sequential element (cpu_midi_4/\cpu_mid/axi_bridge/awsize_reg[2] )
INFO: [Synth 8-3333] propagating constant 0 across sequential element (cpu_midi_4/\cpu_mid/axi_bridge/arsize_reg[2] )
INFO: [Synth 8-3333] propagating constant 0 across sequential element (cpu_midi_5/\cpu_mid/u_mul/SecStageBoothRes_reg[16][31] )
---------------------------------------------------------------------------------
Finished Technology Mapping : Time (s): cpu = 00:01:05 ; elapsed = 00:00:54 . Memory (MB): peak = 2863.051 ; gain = 1062.477 ; free physical = 37684 ; free virtual = 80357
---------------------------------------------------------------------------------
---------------------------------------------------------------------------------
Start IO Insertion
---------------------------------------------------------------------------------
---------------------------------------------------------------------------------
Start Flattening Before IO Insertion
---------------------------------------------------------------------------------
---------------------------------------------------------------------------------
Finished Flattening Before IO Insertion
---------------------------------------------------------------------------------
---------------------------------------------------------------------------------
Start Final Netlist Cleanup
---------------------------------------------------------------------------------
---------------------------------------------------------------------------------
Finished Final Netlist Cleanup
---------------------------------------------------------------------------------
---------------------------------------------------------------------------------
Finished IO Insertion : Time (s): cpu = 00:01:08 ; elapsed = 00:00:58 . Memory (MB): peak = 2925.941 ; gain = 1125.367 ; free physical = 37625 ; free virtual = 80328
---------------------------------------------------------------------------------
---------------------------------------------------------------------------------
Start Renaming Generated Instances
---------------------------------------------------------------------------------
---------------------------------------------------------------------------------
Finished Renaming Generated Instances : Time (s): cpu = 00:01:08 ; elapsed = 00:00:58 . Memory (MB): peak = 2925.941 ; gain = 1125.367 ; free physical = 37625 ; free virtual = 80328
---------------------------------------------------------------------------------
---------------------------------------------------------------------------------
Start Rebuilding User Hierarchy
---------------------------------------------------------------------------------
---------------------------------------------------------------------------------
Finished Rebuilding User Hierarchy : Time (s): cpu = 00:01:09 ; elapsed = 00:00:59 . Memory (MB): peak = 2926.941 ; gain = 1126.367 ; free physical = 37605 ; free virtual = 80307
---------------------------------------------------------------------------------
---------------------------------------------------------------------------------
Start Renaming Generated Ports
---------------------------------------------------------------------------------
---------------------------------------------------------------------------------
Finished Renaming Generated Ports : Time (s): cpu = 00:01:09 ; elapsed = 00:00:59 . Memory (MB): peak = 2926.941 ; gain = 1126.367 ; free physical = 37605 ; free virtual = 80307
---------------------------------------------------------------------------------
---------------------------------------------------------------------------------
Start Handling Custom Attributes
---------------------------------------------------------------------------------
---------------------------------------------------------------------------------
Finished Handling Custom Attributes : Time (s): cpu = 00:01:10 ; elapsed = 00:00:59 . Memory (MB): peak = 2950.754 ; gain = 1150.180 ; free physical = 37607 ; free virtual = 80309
---------------------------------------------------------------------------------
---------------------------------------------------------------------------------
Start Renaming Generated Nets
---------------------------------------------------------------------------------
---------------------------------------------------------------------------------
Finished Renaming Generated Nets : Time (s): cpu = 00:01:10 ; elapsed = 00:01:00 . Memory (MB): peak = 2950.754 ; gain = 1150.180 ; free physical = 37608 ; free virtual = 80310
---------------------------------------------------------------------------------
---------------------------------------------------------------------------------
Start Writing Synthesis Report
---------------------------------------------------------------------------------

Report BlackBoxes: 
+------+----------------------+----------+
|      |BlackBox name         |Instances |
+------+----------------------+----------+
|1     |axi_2x1_mux           |         1|
|2     |axi_clock_converter_0 |         1|
|3     |clk_pll_33            |         1|
|4     |clk_wiz_0             |         1|
|5     |mig_axi_32            |         1|
|6     |axi_interconnect_0    |         1|
|7     |dpram_512x32          |         2|
|8     |data_bank_sram        |        16|
|9     |tagv_sram             |         4|
+------+----------------------+----------+

Report Cell Usage: 
+------+--------------------+------+
|      |Cell                |Count |
+------+--------------------+------+
|1     |axi_2x1_mux         |     1|
|2     |axi_clock_converter |     1|
|3     |axi_interconnect    |     1|
|4     |clk_pll             |     1|
|5     |clk_wiz             |     1|
|6     |data_bank_sram      |    16|
|22    |dpram_512x32        |     2|
|24    |mig_axi             |     1|
|25    |tagv_sram           |     4|
|29    |BUFG                |     2|
|30    |CARRY4              |  1132|
|31    |LUT1                |   468|
|32    |LUT2                |  1642|
|33    |LUT3                |  2278|
|34    |LUT4                |  1963|
|35    |LUT5                |  4132|
|36    |LUT6                |  9645|
|37    |MUXF7               |   380|
|38    |MUXF8               |    64|
|39    |RAM128X1D           |     8|
|40    |RAM16X1D            |     1|
|41    |RAM32M              |    59|
|42    |RAM32X1D            |    48|
|43    |RAMB18E1            |     1|
|44    |FDCE                |   230|
|45    |FDPE                |     2|
|46    |FDRE                | 10825|
|47    |FDSE                |   692|
|48    |IBUF                |    28|
|49    |IOBUF               |    16|
|50    |OBUF                |    79|
|51    |OBUFT               |     1|
+------+--------------------+------+
---------------------------------------------------------------------------------
Finished Writing Synthesis Report : Time (s): cpu = 00:01:10 ; elapsed = 00:01:00 . Memory (MB): peak = 2950.754 ; gain = 1150.180 ; free physical = 37608 ; free virtual = 80310
---------------------------------------------------------------------------------
Synthesis finished with 0 errors, 0 critical warnings and 335 warnings.
Synthesis Optimization Runtime : Time (s): cpu = 00:01:05 ; elapsed = 00:01:00 . Memory (MB): peak = 2954.668 ; gain = 1042.371 ; free physical = 44052 ; free virtual = 86754
Synthesis Optimization Complete : Time (s): cpu = 00:01:10 ; elapsed = 00:01:04 . Memory (MB): peak = 2954.668 ; gain = 1154.094 ; free physical = 44052 ; free virtual = 86746
INFO: [Project 1-571] Translating synthesized netlist
Netlist sorting complete. Time (s): cpu = 00:00:00.12 ; elapsed = 00:00:00.12 . Memory (MB): peak = 2954.668 ; gain = 0.000 ; free physical = 44068 ; free virtual = 86763
INFO: [Netlist 29-17] Analyzing 1709 Unisim elements for replacement
INFO: [Netlist 29-28] Unisim Transformation completed in 0 CPU seconds
INFO: [Project 1-570] Preparing netlist for logic optimization
INFO: [Opt 31-138] Pushed 0 inverter(s) to 0 load pin(s).
Netlist sorting complete. Time (s): cpu = 00:00:00 ; elapsed = 00:00:00 . Memory (MB): peak = 2998.777 ; gain = 0.000 ; free physical = 44096 ; free virtual = 86791
INFO: [Project 1-111] Unisim Transformation Summary:
  A total of 132 instances were transformed.
  IOBUF => IOBUF (IBUF, OBUFT): 16 instances
  RAM128X1D => RAM128X1D (MUXF7(x2), RAMD64E(x4)): 8 instances
  RAM16X1D => RAM32X1D (RAMD32(x2)): 1 instance 
  RAM32M => RAM32M (RAMD32(x6), RAMS32(x2)): 59 instances
  RAM32X1D => RAM32X1D (RAMD32(x2)): 48 instances

Synth Design complete | Checksum: 4c7f9906
INFO: [Common 17-83] Releasing license: Synthesis
426 Infos, 402 Warnings, 0 Critical Warnings and 0 Errors encountered.
synth_design completed successfully
synth_design: Time (s): cpu = 00:01:14 ; elapsed = 00:01:09 . Memory (MB): peak = 2998.812 ; gain = 1375.324 ; free physical = 44096 ; free virtual = 86791
INFO: [Common 17-2834] synth_design peak Physical Memory [PSS] (MB): overall = 8819.666; main = 2069.765; forked = 7170.122
INFO: [Common 17-2834] synth_design peak Virtual Memory [VSS] (MB): overall = 17910.387; main = 2998.781; forked = 15165.316
Write ShapeDB Complete: Time (s): cpu = 00:00:00.04 ; elapsed = 00:00:00.01 . Memory (MB): peak = 3022.789 ; gain = 0.000 ; free physical = 44094 ; free virtual = 86790
INFO: [Common 17-1381] The checkpoint '/home/lch/work/miracle/chiplab/fpga/loongson/2023.2/system_run.runs/synth_1/soc_top.dcp' has been generated.
INFO: [Vivado 12-24828] Executing command : report_utilization -file soc_top_utilization_synth.rpt -pb soc_top_utilization_synth.pb
INFO: [Common 17-206] Exiting Vivado at Mon Jun 29 17:22:47 2026...
